"TF","MD_ALL","Activity_Score_Mean","Score","Method_Direction","Rank","Method","Method_Rank","Method_Score","Method_P_Value","Method_Adjusted_P_Value","CheA3_Library_Count","CheA3_Libraries","CheA3_Integrated_TopRank","CheA3_Integrated_Score","CheA3_Integrated_Library"
"ZNF263","-6.6415244938283013454","-6.6415244938283013454","6.6415244938283013454","Repressed","1","viper","1","6.6415244938283013454",NA,NA,"6","ENCODE--ChIP-seq(rank=15); ReMap--ChIP-seq(rank=75); Literature--ChIP-seq(rank=108); Enrichr--Queries(rank=957); GTEx--Coexpression(rank=983); ARCHS4--Coexpression(rank=1346)","481","0.127099999999999991","ENCODE ChIP-seq,0.1271"
"PRDM14","5.1600886966832444358","5.1600886966832444358","5.1600886966832444358","Activated","2","viper","2","5.1600886966832444358",NA,NA,"5","ReMap--ChIP-seq(rank=5); ARCHS4--Coexpression(rank=39); Literature--ChIP-seq(rank=55); Enrichr--Queries(rank=278); GTEx--Coexpression(rank=1050)","76","0.016840000000000001","ReMap ChIP-seq,0.01684"
"ZBTB7A","-4.8119867444243586974","-4.8119867444243586974","4.8119867444243586974","Repressed","3","viper","3","4.8119867444243586974",NA,NA,"5","ENCODE--ChIP-seq(rank=2); ReMap--ChIP-seq(rank=51); GTEx--Coexpression(rank=138); ARCHS4--Coexpression(rank=581); Enrichr--Queries(rank=1304)","77","0.016950000000000000","ENCODE ChIP-seq,0.01695"
"TEAD1","4.8098987037010010326","4.8098987037010010326","4.8098987037010010326","Activated","4","viper","4","4.8098987037010010326",NA,NA,"4","Enrichr--Queries(rank=32); ARCHS4--Coexpression(rank=60); ReMap--ChIP-seq(rank=125); GTEx--Coexpression(rank=213)","96","0.022790000000000001","Enrichr Queries,0.02279"
"MEF2A","4.6703841403227048801","4.6703841403227048801","4.6703841403227048801","Activated","5","viper","5","4.6703841403227048801",NA,NA,"6","ENCODE--ChIP-seq(rank=47); Literature--ChIP-seq(rank=49); ARCHS4--Coexpression(rank=79); ReMap--ChIP-seq(rank=122); Enrichr--Queries(rank=519); GTEx--Coexpression(rank=1080)","197","0.048529999999999997","ARCHS4 Coexpression,0.04853"
"FOXP1","-4.5555186050635168016","-4.5555186050635168016","4.5555186050635168016","Repressed","6","viper","6","4.5555186050635168016",NA,NA,"5","Literature--ChIP-seq(rank=130); ReMap--ChIP-seq(rank=136); Enrichr--Queries(rank=139); GTEx--Coexpression(rank=441); ARCHS4--Coexpression(rank=651)","381","0.099000000000000005","Enrichr Queries,0.099"
"TCF12","4.4950381615736478835","4.4950381615736478835","4.4950381615736478835","Activated","7","viper","7","4.4950381615736478835",NA,NA,"5","ENCODE--ChIP-seq(rank=14); ARCHS4--Coexpression(rank=80); ReMap--ChIP-seq(rank=206); GTEx--Coexpression(rank=296); Enrichr--Queries(rank=380)","200","0.049140000000000003","ARCHS4 Coexpression,0.04914"
"NR2C2","-4.4536361345693054048","-4.4536361345693054048","4.4536361345693054048","Repressed","8","viper","8","4.4536361345693054048",NA,NA,"5","ENCODE--ChIP-seq(rank=111); ReMap--ChIP-seq(rank=255); Enrichr--Queries(rank=930); GTEx--Coexpression(rank=1367); ARCHS4--Coexpression(rank=1385)","1503","0.662399999999999989","Enrichr Queries,0.6624"
"TEAD4","4.4503675577308676736","4.4503675577308676736","4.4503675577308676736","Activated","9","viper","9","4.4503675577308676736",NA,NA,"6","ENCODE--ChIP-seq(rank=19); Literature--ChIP-seq(rank=32); ReMap--ChIP-seq(rank=102); Enrichr--Queries(rank=467); GTEx--Coexpression(rank=1118); ARCHS4--Coexpression(rank=1397)","581","0.161000000000000004","ENCODE ChIP-seq,0.161"
"E2F4","-4.4475539422671586109","-4.4475539422671586109","4.4475539422671586109","Repressed","10","viper","10","4.4475539422671586109",NA,NA,"6","ENCODE--ChIP-seq(rank=32); Literature--ChIP-seq(rank=143); ReMap--ChIP-seq(rank=217); Enrichr--Queries(rank=1145); ARCHS4--Coexpression(rank=1344); GTEx--Coexpression(rank=1566)","870","0.271199999999999997","ENCODE ChIP-seq,0.2712"
"THAP1","4.3530360010689070904","4.3530360010689070904","4.3530360010689070904","Activated","11","viper","11","4.3530360010689070904",NA,NA,"5","ENCODE--ChIP-seq(rank=112); ReMap--ChIP-seq(rank=156); Enrichr--Queries(rank=640); ARCHS4--Coexpression(rank=880); GTEx--Coexpression(rank=1236)","1246","0.455799999999999983","Enrichr Queries,0.4558"
"IRF4","4.2131747093632032630","4.2131747093632032630","4.2131747093632032630","Activated","12","viper","12","4.2131747093632032630",NA,NA,"5","ENCODE--ChIP-seq(rank=97); ReMap--ChIP-seq(rank=109); ARCHS4--Coexpression(rank=523); GTEx--Coexpression(rank=715); Enrichr--Queries(rank=1197)","968","0.321299999999999919","ARCHS4 Coexpression,0.3213"
"MYC","-4.1583313009934110838","-4.1583313009934110838","4.1583313009934110838","Repressed","13","viper","13","4.1583313009934110838",NA,NA,"6","Literature--ChIP-seq(rank=18); ENCODE--ChIP-seq(rank=57); ReMap--ChIP-seq(rank=227); GTEx--Coexpression(rank=739); Enrichr--Queries(rank=1263); ARCHS4--Coexpression(rank=1325)","420","0.109799999999999995","Literature ChIP-seq,0.1098"
"MAZ","3.8525838545096804388","3.8525838545096804388","3.8525838545096804388","Activated","14","viper","14","3.8525838545096804388",NA,NA,"5","ENCODE--ChIP-seq(rank=49); ReMap--ChIP-seq(rank=266); Enrichr--Queries(rank=850); ARCHS4--Coexpression(rank=1425); GTEx--Coexpression(rank=1539)","1175","0.415300000000000002","ENCODE ChIP-seq,0.4153"
"MYOD1","3.6465536599820920216","3.6465536599820920216","3.6465536599820920216","Activated","15","viper","15","3.6465536599820920216",NA,NA,"5","ENCODE--ChIP-seq(rank=18); ReMap--ChIP-seq(rank=29); ARCHS4--Coexpression(rank=64); Enrichr--Queries(rank=422); GTEx--Coexpression(rank=1039)","164","0.039309999999999998","ARCHS4 Coexpression,0.03931"
"SIX5","3.6391712345097979586","3.6391712345097979586","3.6391712345097979586","Activated","16","viper","16","3.6391712345097979586",NA,NA,"5","ENCODE--ChIP-seq(rank=72); Enrichr--Queries(rank=118); ReMap--ChIP-seq(rank=127); GTEx--Coexpression(rank=582); ARCHS4--Coexpression(rank=833)","333","0.084050000000000000","Enrichr Queries,0.08405"
"NR2F1","3.6020513128797224667","3.6020513128797224667","3.6020513128797224667","Activated","17","viper","17","3.6020513128797224667",NA,NA,"4","ReMap--ChIP-seq(rank=104); Enrichr--Queries(rank=114); ARCHS4--Coexpression(rank=390); GTEx--Coexpression(rank=946)","323","0.081199999999999994","Enrichr Queries,0.0812"
"EBF1","3.5909381446789736536","3.5909381446789736536","3.5909381446789736536","Activated","18","viper","18","3.5909381446789736536",NA,NA,"5","GTEx--Coexpression(rank=17); Enrichr--Queries(rank=26); ENCODE--ChIP-seq(rank=56); ReMap--ChIP-seq(rank=222); ARCHS4--Coexpression(rank=1201)","48","0.010580000000000001","GTEx Coexpression,0.01058"
"IRF2","3.5167291173982615504","3.5167291173982615504","3.5167291173982615504","Activated","19","viper","19","3.5167291173982615504",NA,NA,"4","ReMap--ChIP-seq(rank=257); ARCHS4--Coexpression(rank=320); Enrichr--Queries(rank=538); GTEx--Coexpression(rank=1289)","686","0.196599999999999997","ARCHS4 Coexpression,0.1966"
"PBX3","3.4657655618472880121","3.4657655618472880121","3.4657655618472880121","Activated","20","viper","20","3.4657655618472880121",NA,NA,"5","ENCODE--ChIP-seq(rank=89); Enrichr--Queries(rank=109); ReMap--ChIP-seq(rank=246); ARCHS4--Coexpression(rank=465); GTEx--Coexpression(rank=674)","312","0.077640000000000001","Enrichr Queries,0.07764"
"BATF","3.4173068570226274865","3.4173068570226274865","3.4173068570226274865","Activated","21","viper","21","3.4173068570226274865",NA,NA,"5","ENCODE--ChIP-seq(rank=76); ReMap--ChIP-seq(rank=123); ARCHS4--Coexpression(rank=194); Enrichr--Queries(rank=387); GTEx--Coexpression(rank=1214)","456","0.119200000000000000","ARCHS4 Coexpression,0.1192"
"POU4F2","3.3516239221687706973","3.3516239221687706973","3.3516239221687706973","Activated","22","viper","22","3.3516239221687706973",NA,NA,"4","ReMap--ChIP-seq(rank=126); ARCHS4--Coexpression(rank=751); Enrichr--Queries(rank=792); GTEx--Coexpression(rank=1267)","1188","0.424200000000000021","ReMap ChIP-seq,0.4242"
"SIX2","3.3422420440632762961","3.3422420440632762961","3.3422420440632762961","Activated","23","viper","23","3.3422420440632762961",NA,NA,"4","ReMap--ChIP-seq(rank=2); ARCHS4--Coexpression(rank=78); Enrichr--Queries(rank=121); GTEx--Coexpression(rank=978)","29","0.006734000000000000","ReMap ChIP-seq,0.006734"
"MAFB","3.3322796637854636970","3.3322796637854636970","3.3322796637854636970","Activated","24","viper","24","3.3322796637854636970",NA,NA,"4","ReMap--ChIP-seq(rank=79); Enrichr--Queries(rank=230); GTEx--Coexpression(rank=435); ARCHS4--Coexpression(rank=533)","588","0.163800000000000001","Enrichr Queries,0.1638"
"ATF4","-3.3093280628310686176","-3.3093280628310686176","3.3093280628310686176","Repressed","25","viper","25","3.3093280628310686176",NA,NA,"4","ReMap--ChIP-seq(rank=16); GTEx--Coexpression(rank=366); Enrichr--Queries(rank=875); ARCHS4--Coexpression(rank=1360)","223","0.053870000000000001","ReMap ChIP-seq,0.05387"
"PROX1","3.3049115995892712760","3.3049115995892712760","3.3049115995892712760","Activated","26","viper","26","3.3049115995892712760",NA,NA,"4","ReMap--ChIP-seq(rank=41); Enrichr--Queries(rank=115); ARCHS4--Coexpression(rank=740); GTEx--Coexpression(rank=1364)","326","0.081909999999999997","Enrichr Queries,0.08191"
"ASCL1","3.2748317468376497708","3.2748317468376497708","3.2748317468376497708","Activated","27","viper","27","3.2748317468376497708",NA,NA,"4","ReMap--ChIP-seq(rank=17); GTEx--Coexpression(rank=365); ARCHS4--Coexpression(rank=816); Enrichr--Queries(rank=1033)","235","0.057239999999999999","ReMap ChIP-seq,0.05724"
"STAT1","3.2303491339632364188","3.2303491339632364188","3.2303491339632364188","Activated","28","viper","28","3.2303491339632364188",NA,NA,"6","ENCODE--ChIP-seq(rank=20); ReMap--ChIP-seq(rank=80); Literature--ChIP-seq(rank=116); Enrichr--Queries(rank=305); ARCHS4--Coexpression(rank=544); GTEx--Coexpression(rank=778)","604","0.169500000000000012","ENCODE ChIP-seq,0.1695"
"MAFF","3.2151571705601780238","3.2151571705601780238","3.2151571705601780238","Activated","29","viper","29","3.2151571705601780238",NA,NA,"5","ENCODE--ChIP-seq(rank=103); ReMap--ChIP-seq(rank=145); GTEx--Coexpression(rank=165); ARCHS4--Coexpression(rank=570); Enrichr--Queries(rank=690)","396","0.102700000000000000","GTEx Coexpression,0.1027"
"CTCFL","3.1613112197841974904","3.1613112197841974904","3.1613112197841974904","Activated","30","viper","30","3.1613112197841974904",NA,NA,"5","ENCODE--ChIP-seq(rank=29); ReMap--ChIP-seq(rank=135); ARCHS4--Coexpression(rank=378); GTEx--Coexpression(rank=680); Enrichr--Queries(rank=833)","778","0.232199999999999990","ARCHS4 Coexpression,0.2322"
"CLOCK","3.1222114575892989663","3.1222114575892989663","3.1222114575892989663","Activated","31","viper","31","3.1222114575892989663",NA,NA,"5","ReMap--ChIP-seq(rank=33); Literature--ChIP-seq(rank=56); GTEx--Coexpression(rank=911); Enrichr--Queries(rank=995); ARCHS4--Coexpression(rank=1030)","426","0.111100000000000004","ReMap ChIP-seq,0.1111"
"IRF1","3.0469557549723464973","3.0469557549723464973","3.0469557549723464973","Activated","32","viper","32","3.0469557549723464973",NA,NA,"6","ENCODE--ChIP-seq(rank=88); Literature--ChIP-seq(rank=103); ReMap--ChIP-seq(rank=130); ARCHS4--Coexpression(rank=293); Enrichr--Queries(rank=408); GTEx--Coexpression(rank=1215)","637","0.179999999999999993","ARCHS4 Coexpression,0.18"
"TFAP4","2.9912720198485343026","2.9912720198485343026","2.9912720198485343026","Activated","33","viper","33","2.9912720198485343026",NA,NA,"4","ReMap--ChIP-seq(rank=140); ARCHS4--Coexpression(rank=389); Enrichr--Queries(rank=1337); GTEx--Coexpression(rank=1352)","797","0.238900000000000001","ARCHS4 Coexpression,0.2389"
"RBPJ","2.9903843858002634448","2.9903843858002634448","2.9903843858002634448","Activated","34","viper","34","2.9903843858002634448",NA,NA,"5","Literature--ChIP-seq(rank=74); GTEx--Coexpression(rank=83); ReMap--ChIP-seq(rank=219); Enrichr--Queries(rank=246); ARCHS4--Coexpression(rank=597)","214","0.051650000000000001","GTEx Coexpression,0.05165"
"RUNX2","2.9449193122870225281","2.9449193122870225281","2.9449193122870225281","Activated","35","viper","35","2.9449193122870225281",NA,NA,"5","GTEx--Coexpression(rank=9); Literature--ChIP-seq(rank=12); ReMap--ChIP-seq(rank=24); Enrichr--Queries(rank=315); ARCHS4--Coexpression(rank=561)","24","0.005600000000000000","GTEx Coexpression,0.0056"
"BCL11A","2.8724201447498027839","2.8724201447498027839","2.8724201447498027839","Activated","36","viper","36","2.8724201447498027839",NA,NA,"5","ENCODE--ChIP-seq(rank=1); ReMap--ChIP-seq(rank=76); ARCHS4--Coexpression(rank=252); GTEx--Coexpression(rank=468); Enrichr--Queries(rank=664)","37","0.008475000000000000","ENCODE ChIP-seq,0.008475"
"LYL1","2.8522275679950985783","2.8522275679950985783","2.8522275679950985783","Activated","37","viper","37","2.8522275679950985783",NA,NA,"5","ReMap--ChIP-seq(rank=49); Literature--ChIP-seq(rank=86); Enrichr--Queries(rank=969); GTEx--Coexpression(rank=1161); ARCHS4--Coexpression(rank=1190)","594","0.165000000000000008","ReMap ChIP-seq,0.165"
"ESRRA","2.7538016700449161611","2.7538016700449161611","2.7538016700449161611","Activated","38","viper","38","2.7538016700449161611",NA,NA,"5","ENCODE--ChIP-seq(rank=96); ReMap--ChIP-seq(rank=101); GTEx--Coexpression(rank=821); Enrichr--Queries(rank=1208); ARCHS4--Coexpression(rank=1525)","1010","0.340100000000000013","ReMap ChIP-seq,0.3401"
"NR4A1","2.7537958478639552595","2.7537958478639552595","2.7537958478639552595","Activated","39","viper","39","2.7537958478639552595",NA,NA,"4","ReMap--ChIP-seq(rank=276); GTEx--Coexpression(rank=564); ARCHS4--Coexpression(rank=659); Enrichr--Queries(rank=678)","1030","0.350999999999999979","GTEx Coexpression,0.351"
"GATA3","2.7433956695764907252","2.7433956695764907252","2.7433956695764907252","Activated","40","viper","40","2.7433956695764907252",NA,NA,"6","Literature--ChIP-seq(rank=5); ENCODE--ChIP-seq(rank=9); ReMap--ChIP-seq(rank=18); Enrichr--Queries(rank=302); GTEx--Coexpression(rank=483); ARCHS4--Coexpression(rank=488)","131","0.030490000000000000","Literature ChIP-seq,0.03049"
"FOXP2","-2.7413122632045592297","-2.7413122632045592297","2.7413122632045592297","Repressed","41","viper","41","2.7413122632045592297",NA,NA,"6","ENCODE--ChIP-seq(rank=53); Literature--ChIP-seq(rank=79); ReMap--ChIP-seq(rank=182); GTEx--Coexpression(rank=241); Enrichr--Queries(rank=477); ARCHS4--Coexpression(rank=1393)","545","0.149999999999999994","GTEx Coexpression,0.15"
"JUNB","2.7288800522886731414","2.7288800522886731414","2.7288800522886731414","Activated","42","viper","42","2.7288800522886731414",NA,NA,"4","ReMap--ChIP-seq(rank=163); ARCHS4--Coexpression(rank=1070); Enrichr--Queries(rank=1118); GTEx--Coexpression(rank=1253)","1377","0.548799999999999955","ReMap ChIP-seq,0.5488"
"SP4","2.6887114340030118242","2.6887114340030118242","2.6887114340030118242","Activated","43","viper","43","2.6887114340030118242",NA,NA,"5","ReMap--ChIP-seq(rank=57); ENCODE--ChIP-seq(rank=108); Enrichr--Queries(rank=355); ARCHS4--Coexpression(rank=433); GTEx--Coexpression(rank=1412)","673","0.191899999999999987","ReMap ChIP-seq,0.1919"
"MAFG","2.6482851757535827986","2.6482851757535827986","2.6482851757535827986","Activated","44","viper","44","2.6482851757535827986",NA,NA,"4","ReMap--ChIP-seq(rank=241); GTEx--Coexpression(rank=1066); Enrichr--Queries(rank=1281); ARCHS4--Coexpression(rank=1465)","1505","0.663300000000000001","GTEx Coexpression,0.6633"
"PDX1","2.6334595007256185184","2.6334595007256185184","2.6334595007256185184","Activated","45","viper","45","2.6334595007256185184",NA,NA,"5","ReMap--ChIP-seq(rank=12); Literature--ChIP-seq(rank=138); ARCHS4--Coexpression(rank=182); Enrichr--Queries(rank=779); GTEx--Coexpression(rank=1185)","167","0.040399999999999998","ReMap ChIP-seq,0.0404"
"TCF4","2.6326274010438517337","2.6326274010438517337","2.6326274010438517337","Activated","46","viper","46","2.6326274010438517337",NA,NA,"5","ReMap--ChIP-seq(rank=14); Literature--ChIP-seq(rank=17); Enrichr--Queries(rank=65); ARCHS4--Coexpression(rank=387); GTEx--Coexpression(rank=389)","190","0.046300000000000001","Enrichr Queries,0.0463"
"CEBPG","2.6317853374474591277","2.6317853374474591277","2.6317853374474591277","Activated","47","viper","47","2.6317853374474591277",NA,NA,"4","ReMap--ChIP-seq(rank=114); ARCHS4--Coexpression(rank=555); Enrichr--Queries(rank=818); GTEx--Coexpression(rank=1203)","1012","0.340899999999999981","ARCHS4 Coexpression,0.3409"
"MEIS2","2.6200925938202739296","2.6200925938202739296","2.6200925938202739296","Activated","48","viper","48","2.6200925938202739296",NA,NA,"4","ARCHS4--Coexpression(rank=173); ReMap--ChIP-seq(rank=193); Enrichr--Queries(rank=213); GTEx--Coexpression(rank=326)","406","0.106300000000000006","ARCHS4 Coexpression,0.1063"
"TBP","2.6121057796452999966","2.6121057796452999966","2.6121057796452999966","Activated","49","viper","49","2.6121057796452999966",NA,NA,"5","ENCODE--ChIP-seq(rank=39); Literature--ChIP-seq(rank=77); ReMap--ChIP-seq(rank=264); GTEx--Coexpression(rank=814); ARCHS4--Coexpression(rank=937)","987","0.330500000000000016","ENCODE ChIP-seq,0.3305"
"IRF3","2.5711509284036306866","2.5711509284036306866","2.5711509284036306866","Activated","50","viper","50","2.5711509284036306866",NA,NA,"5","ENCODE--ChIP-seq(rank=109); ReMap--ChIP-seq(rank=271); ARCHS4--Coexpression(rank=1130); Enrichr--Queries(rank=1307); GTEx--Coexpression(rank=1585)","1538","0.694100000000000161","ARCHS4 Coexpression,0.6941"
"ETV1","2.5630959836229116888","2.5630959836229116888","2.5630959836229116888","Activated","51","viper","51","2.5630959836229116888",NA,NA,"4","GTEx--Coexpression(rank=104); ReMap--ChIP-seq(rank=187); ARCHS4--Coexpression(rank=356); Enrichr--Queries(rank=507)","263","0.064720000000000000","GTEx Coexpression,0.06472"
"TBX21","2.5123300763581419837","2.5123300763581419837","2.5123300763581419837","Activated","52","viper","52","2.5123300763581419837",NA,NA,"4","ReMap--ChIP-seq(rank=106); Enrichr--Queries(rank=394); ARCHS4--Coexpression(rank=697); GTEx--Coexpression(rank=1221)","891","0.280600000000000016","Enrichr Queries,0.2806"
"TCF7","2.4953778349188393548","2.4953778349188393548","2.4953778349188393548","Activated","53","viper","53","2.4953778349188393548",NA,NA,"5","Literature--ChIP-seq(rank=63); ReMap--ChIP-seq(rank=162); ARCHS4--Coexpression(rank=388); Enrichr--Queries(rank=549); GTEx--Coexpression(rank=1155)","796","0.238300000000000012","ARCHS4 Coexpression,0.2383"
"ZNF639","2.4921528475347818343","2.4921528475347818343","2.4921528475347818343","Activated","54","viper","54","2.4921528475347818343",NA,NA,"4","ReMap--ChIP-seq(rank=115); GTEx--Coexpression(rank=861); Enrichr--Queries(rank=927); ARCHS4--Coexpression(rank=1094)","1117","0.387199999999999989","ReMap ChIP-seq,0.3872"
"POU5F1","2.4535941109289391981","2.4535941109289391981","2.4535941109289391981","Activated","55","viper","55","2.4535941109289391981",NA,NA,"5","Literature--ChIP-seq(rank=23); ARCHS4--Coexpression(rank=50); ReMap--ChIP-seq(rank=149); GTEx--Coexpression(rank=355); Enrichr--Queries(rank=1108)","134","0.030710000000000001","ARCHS4 Coexpression,0.03071"
"MAFK","2.4378369096384440162","2.4378369096384440162","2.4378369096384440162","Activated","56","viper","56","2.4378369096384440162",NA,NA,"5","ENCODE--ChIP-seq(rank=28); ReMap--ChIP-seq(rank=56); GTEx--Coexpression(rank=709); Enrichr--Queries(rank=921); ARCHS4--Coexpression(rank=1542)","661","0.188599999999999990","ReMap ChIP-seq,0.1886"
"MBD2","2.4366846427523909391","2.4366846427523909391","2.4366846427523909391","Activated","57","viper","57","2.4366846427523909391",NA,NA,"4","ReMap--ChIP-seq(rank=21); Enrichr--Queries(rank=708); GTEx--Coexpression(rank=1059); ARCHS4--Coexpression(rank=1552)","293","0.070709999999999995","ReMap ChIP-seq,0.07071"
"NFE2L1","2.4215441992372874758","2.4215441992372874758","2.4215441992372874758","Activated","58","viper","58","2.4215441992372874758",NA,NA,"4","ReMap--ChIP-seq(rank=60); ARCHS4--Coexpression(rank=259); Enrichr--Queries(rank=488); GTEx--Coexpression(rank=673)","575","0.159099999999999991","ARCHS4 Coexpression,0.1591"
"SPI1","2.4023122919445318857","2.4023122919445318857","2.4023122919445318857","Activated","59","viper","59","2.4023122919445318857",NA,NA,"6","ENCODE--ChIP-seq(rank=59); Literature--ChIP-seq(rank=119); ReMap--ChIP-seq(rank=212); ARCHS4--Coexpression(rank=499); GTEx--Coexpression(rank=731); Enrichr--Queries(rank=979)","938","0.306499999999999995","ARCHS4 Coexpression,0.3065"
"IKZF1","2.3755351736446481681","2.3755351736446481681","2.3755351736446481681","Activated","60","viper","60","2.3755351736446481681",NA,NA,"6","ENCODE--ChIP-seq(rank=31); Literature--ChIP-seq(rank=53); ReMap--ChIP-seq(rank=141); Enrichr--Queries(rank=750); ARCHS4--Coexpression(rank=1025); GTEx--Coexpression(rank=1369)","845","0.262699999999999989","ENCODE ChIP-seq,0.2627"
"RELB","2.3663217685372686105","2.3663217685372686105","2.3663217685372686105","Activated","61","viper","61","2.3663217685372686105",NA,NA,"4","ReMap--ChIP-seq(rank=100); Enrichr--Queries(rank=691); ARCHS4--Coexpression(rank=801); GTEx--Coexpression(rank=1299)","1003","0.336699999999999999","ReMap ChIP-seq,0.3367"
"FOXO3","2.3512528120934197418","2.3512528120934197418","2.3512528120934197418","Activated","62","viper","62","2.3512528120934197418",NA,NA,"4","Literature--ChIP-seq(rank=65); GTEx--Coexpression(rank=805); Enrichr--Queries(rank=903); ARCHS4--Coexpression(rank=1248)","1136","0.396299999999999986","Literature ChIP-seq,0.3963"
"SOX13","2.3480075352441951431","2.3480075352441951431","2.3480075352441951431","Activated","63","viper","63","2.3480075352441951431",NA,NA,"4","Enrichr--Queries(rank=71); GTEx--Coexpression(rank=93); ARCHS4--Coexpression(rank=120); ReMap--ChIP-seq(rank=171)","208","0.050569999999999997","Enrichr Queries,0.05057"
"THAP11","2.3401594294636605120","2.3401594294636605120","2.3401594294636605120","Activated","64","viper","64","2.3401594294636605120",NA,NA,"5","Literature--ChIP-seq(rank=156); ReMap--ChIP-seq(rank=192); GTEx--Coexpression(rank=935); ARCHS4--Coexpression(rank=1013); Enrichr--Queries(rank=1365)","1421","0.581799999999999984","GTEx Coexpression,0.5818"
"ELF3","2.3081123195190680342","2.3081123195190680342","2.3081123195190680342","Activated","65","viper","65","2.3081123195190680342",NA,NA,"4","ReMap--ChIP-seq(rank=48); GTEx--Coexpression(rank=52); ARCHS4--Coexpression(rank=127); Enrichr--Queries(rank=346)","138","0.032360000000000000","GTEx Coexpression,0.03236"
"NCOA3","2.2900412751779617437","2.2900412751779617437","2.2900412751779617437","Activated","66","viper","66","2.2900412751779617437",NA,NA,"4","ReMap--ChIP-seq(rank=169); Enrichr--Queries(rank=288); ARCHS4--Coexpression(rank=409); GTEx--Coexpression(rank=714)","712","0.205100000000000005","Enrichr Queries,0.2051"
"ZNF143","2.2692040597964888704","2.2692040597964888704","2.2692040597964888704","Activated","67","viper","67","2.2692040597964888704",NA,NA,"5","ENCODE--ChIP-seq(rank=38); ReMap--ChIP-seq(rank=186); ARCHS4--Coexpression(rank=965); Enrichr--Queries(rank=1082); GTEx--Coexpression(rank=1252)","969","0.322000000000000008","ENCODE ChIP-seq,0.322"
"NFKB2","-2.2652519711136882563","-2.2652519711136882563","2.2652519711136882563","Repressed","68","viper","68","2.2652519711136882563",NA,NA,"4","ReMap--ChIP-seq(rank=50); GTEx--Coexpression(rank=464); Enrichr--Queries(rank=673); ARCHS4--Coexpression(rank=864)","601","0.168399999999999994","ReMap ChIP-seq,0.1684"
"KLF9","2.2605317284146915213","2.2605317284146915213","2.2605317284146915213","Activated","69","viper","69","2.2605317284146915213",NA,NA,"4","ARCHS4--Coexpression(rank=31); ReMap--ChIP-seq(rank=95); GTEx--Coexpression(rank=136); Enrichr--Queries(rank=229)","84","0.019040000000000001","ARCHS4 Coexpression,0.01904"
"GATA6","2.2501542588232816833","2.2501542588232816833","2.2501542588232816833","Activated","70","viper","70","2.2501542588232816833",NA,NA,"5","ReMap--ChIP-seq(rank=96); Literature--ChIP-seq(rank=122); Enrichr--Queries(rank=217); ARCHS4--Coexpression(rank=841); GTEx--Coexpression(rank=1607)","558","0.154599999999999987","Enrichr Queries,0.1546"
"PBX2","2.1865012225705067195","2.1865012225705067195","2.1865012225705067195","Activated","71","viper","71","2.1865012225705067195",NA,NA,"4","ReMap--ChIP-seq(rank=223); ARCHS4--Coexpression(rank=809); Enrichr--Queries(rank=1150); GTEx--Coexpression(rank=1454)","1312","0.496900000000000008","ARCHS4 Coexpression,0.4969"
"NFE2","2.1837170684287130484","2.1837170684287130484","2.1837170684287130484","Activated","72","viper","72","2.1837170684287130484",NA,NA,"5","ENCODE--ChIP-seq(rank=71); ReMap--ChIP-seq(rank=286); Enrichr--Queries(rank=388); ARCHS4--Coexpression(rank=784); GTEx--Coexpression(rank=799)","880","0.276399999999999979","Enrichr Queries,0.2764"
"KMT2A","-2.1825699917350247503","-2.1825699917350247503","2.1825699917350247503","Repressed","73","viper","73","2.1825699917350247503",NA,NA,"3","ReMap--ChIP-seq(rank=97); GTEx--Coexpression(rank=194); ARCHS4--Coexpression(rank=1306)","461","0.120700000000000002","GTEx Coexpression,0.1207"
"MNT","-2.1490880917697205987","-2.1490880917697205987","2.1490880917697205987","Repressed","74","viper","74","2.1490880917697205987",NA,NA,"4","ReMap--ChIP-seq(rank=234); Enrichr--Queries(rank=952); ARCHS4--Coexpression(rank=1292); GTEx--Coexpression(rank=1306)","1525","0.678100000000000036","Enrichr Queries,0.6781"
"SPIB","2.1436361583058136659","2.1436361583058136659","2.1436361583058136659","Activated","75","viper","75","2.1436361583058136659",NA,NA,"4","ReMap--ChIP-seq(rank=194); GTEx--Coexpression(rank=828); Enrichr--Queries(rank=991); ARCHS4--Coexpression(rank=1066)","1333","0.515199999999999991","GTEx Coexpression,0.5152"
"MEF2B","2.1355695153271692099","2.1355695153271692099","2.1355695153271692099","Activated","76","viper","76","2.1355695153271692099",NA,NA,"4","ReMap--ChIP-seq(rank=112); ARCHS4--Coexpression(rank=442); Enrichr--Queries(rank=881); GTEx--Coexpression(rank=1281)","871","0.271500000000000019","ARCHS4 Coexpression,0.2715"
"ARNT","2.1314288266827343676","2.1314288266827343676","2.1314288266827343676","Activated","77","viper","77","2.1314288266827343676",NA,NA,"5","Literature--ChIP-seq(rank=26); ReMap--ChIP-seq(rank=53); GTEx--Coexpression(rank=469); ARCHS4--Coexpression(rank=749); Enrichr--Queries(rank=1272)","572","0.158500000000000002","Literature ChIP-seq,0.1585"
"KLF6","2.1138391575573489689","2.1138391575573489689","2.1138391575573489689","Activated","78","viper","78","2.1138391575573489689",NA,NA,"4","ReMap--ChIP-seq(rank=129); Enrichr--Queries(rank=643); ARCHS4--Coexpression(rank=860); GTEx--Coexpression(rank=1196)","1208","0.434300000000000019","ReMap ChIP-seq,0.4343"
"TFAP2C","2.1003243743798032384","2.1003243743798032384","2.1003243743798032384","Activated","79","viper","79","2.1003243743798032384",NA,NA,"6","Literature--ChIP-seq(rank=13); ReMap--ChIP-seq(rank=74); ENCODE--ChIP-seq(rank=81); Enrichr--Queries(rank=117); ARCHS4--Coexpression(rank=178); GTEx--Coexpression(rank=436)","318","0.079269999999999993","Literature ChIP-seq,0.07927"
"NCOA1","2.0880039049077785407","2.0880039049077785407","2.0880039049077785407","Activated","80","viper","80","2.0880039049077785407",NA,NA,"4","ReMap--ChIP-seq(rank=273); Enrichr--Queries(rank=749); ARCHS4--Coexpression(rank=757); GTEx--Coexpression(rank=988)","1261","0.465000000000000024","ARCHS4 Coexpression,0.465"
"ZNF217","2.0640216445332586481","2.0640216445332586481","2.0640216445332586481","Activated","81","viper","81","2.0640216445332586481",NA,NA,"6","ENCODE--ChIP-seq(rank=3); ReMap--ChIP-seq(rank=4); Literature--ChIP-seq(rank=21); Enrichr--Queries(rank=817); ARCHS4--Coexpression(rank=829); GTEx--Coexpression(rank=1176)","60","0.013469999999999999","ReMap ChIP-seq,0.01347"
"MEIS1","2.0409767350284444554","2.0409767350284444554","2.0409767350284444554","Activated","82","viper","82","2.0409767350284444554",NA,NA,"5","Literature--ChIP-seq(rank=31); ReMap--ChIP-seq(rank=133); Enrichr--Queries(rank=169); ARCHS4--Coexpression(rank=412); GTEx--Coexpression(rank=759)","460","0.120399999999999993","Enrichr Queries,0.1204"
"TFDP1","-2.0210412014573915229","-2.0210412014573915229","2.0210412014573915229","Repressed","83","viper","83","2.0210412014573915229",NA,NA,"4","ReMap--ChIP-seq(rank=239); Enrichr--Queries(rank=735); ARCHS4--Coexpression(rank=1211); GTEx--Coexpression(rank=1428)","1345","0.523499999999999965","Enrichr Queries,0.5235"
"ARNTL","1.9765577630916721930","1.9765577630916721930","1.9765577630916721930","Activated","84","viper","84","1.9765577630916721930",NA,NA,"4","ReMap--ChIP-seq(rank=32); Enrichr--Queries(rank=183); ARCHS4--Coexpression(rank=621); GTEx--Coexpression(rank=1487)","413","0.107700000000000004","ReMap ChIP-seq,0.1077"
"CUX1","1.9018804878587285412","1.9018804878587285412","1.9018804878587285412","Activated","85","viper","85","1.9018804878587285412",NA,NA,"6","ReMap--ChIP-seq(rank=31); ENCODE--ChIP-seq(rank=95); Literature--ChIP-seq(rank=144); GTEx--Coexpression(rank=276); Enrichr--Queries(rank=536); ARCHS4--Coexpression(rank=1238)","399","0.104400000000000007","ReMap ChIP-seq,0.1044"
"MAX","1.8927848590307443377","1.8927848590307443377","1.8927848590307443377","Activated","86","viper","86","1.8927848590307443377",NA,NA,"5","ENCODE--ChIP-seq(rank=50); ReMap--ChIP-seq(rank=259); ARCHS4--Coexpression(rank=364); Enrichr--Queries(rank=1148); GTEx--Coexpression(rank=1399)","755","0.223599999999999993","ARCHS4 Coexpression,0.2236"
"ELF5","-1.8873457037782184198","-1.8873457037782184198","1.8873457037782184198","Repressed","87","viper","87","1.8873457037782184198",NA,NA,"5","ReMap--ChIP-seq(rank=25); Enrichr--Queries(rank=30); GTEx--Coexpression(rank=32); Literature--ChIP-seq(rank=126); ARCHS4--Coexpression(rank=229)","88","0.019910000000000001","GTEx Coexpression,0.01991"
"NFYA","-1.8145451497537199437","-1.8145451497537199437","1.8145451497537199437","Repressed","88","viper","88","1.8145451497537199437",NA,NA,"5","ENCODE--ChIP-seq(rank=83); ReMap--ChIP-seq(rank=289); Enrichr--Queries(rank=515); GTEx--Coexpression(rank=1163); ARCHS4--Coexpression(rank=1262)","1068","0.366800000000000015","Enrichr Queries,0.3668"
"GRHL2","1.8143802341843249248","1.8143802341843249248","1.8143802341843249248","Activated","89","viper","89","1.8143802341843249248",NA,NA,"5","ReMap--ChIP-seq(rank=10); Enrichr--Queries(rank=37); ARCHS4--Coexpression(rank=66); Literature--ChIP-seq(rank=73); GTEx--Coexpression(rank=231)","112","0.026349999999999998","Enrichr Queries,0.02635"
"GABPA","1.8104841700951241901","1.8104841700951241901","1.8104841700951241901","Activated","90","viper","90","1.8104841700951241901",NA,NA,"6","Literature--ChIP-seq(rank=36); ENCODE--ChIP-seq(rank=107); ReMap--ChIP-seq(rank=285); GTEx--Coexpression(rank=536); Enrichr--Queries(rank=688); ARCHS4--Coexpression(rank=1483)","746","0.219500000000000001","Literature ChIP-seq,0.2195"
"MEF2C","1.8071260852009627396","1.8071260852009627396","1.8071260852009627396","Activated","91","viper","91","1.8071260852009627396",NA,NA,"5","Enrichr--Queries(rank=43); ENCODE--ChIP-seq(rank=51); ReMap--ChIP-seq(rank=93); ARCHS4--Coexpression(rank=247); GTEx--Coexpression(rank=1451)","133","0.030630000000000001","Enrichr Queries,0.03063"
"ESR1","1.8046574781160578116","1.8046574781160578116","1.8046574781160578116","Activated","92","viper","92","1.8046574781160578116",NA,NA,"6","Literature--ChIP-seq(rank=9); ENCODE--ChIP-seq(rank=13); ReMap--ChIP-seq(rank=22); Enrichr--Queries(rank=476); GTEx--Coexpression(rank=560); ARCHS4--Coexpression(rank=652)","228","0.054879999999999998","Literature ChIP-seq,0.05488"
"KLF1","1.7950321224911356399","1.7950321224911356399","1.7950321224911356399","Activated","93","viper","93","1.7950321224911356399",NA,NA,"5","Literature--ChIP-seq(rank=61); ReMap--ChIP-seq(rank=290); Enrichr--Queries(rank=757); GTEx--Coexpression(rank=1240); ARCHS4--Coexpression(rank=1256)","1081","0.371999999999999997","Literature ChIP-seq,0.372"
"RUNX1","1.7683242707405413263","1.7683242707405413263","1.7683242707405413263","Activated","94","viper","94","1.7683242707405413263",NA,NA,"5","Literature--ChIP-seq(rank=92); ReMap--ChIP-seq(rank=265); Enrichr--Queries(rank=451); GTEx--Coexpression(rank=487); ARCHS4--Coexpression(rank=780)","927","0.302999999999999992","GTEx Coexpression,0.303"
"ZNF592","1.7411722565136136254","1.7411722565136136254","1.7411722565136136254","Activated","95","viper","95","1.7411722565136136254",NA,NA,"4","ReMap--ChIP-seq(rank=82); GTEx--Coexpression(rank=676); ARCHS4--Coexpression(rank=1216); Enrichr--Queries(rank=1373)","879","0.276100000000000012","ReMap ChIP-seq,0.2761"
"HSF1","-1.7380849881156237302","-1.7380849881156237302","1.7380849881156237302","Repressed","96","viper","96","1.7380849881156237302",NA,NA,"5","ENCODE--ChIP-seq(rank=65); Literature--ChIP-seq(rank=99); ReMap--ChIP-seq(rank=128); GTEx--Coexpression(rank=449); ARCHS4--Coexpression(rank=1568)","887","0.279399999999999982","GTEx Coexpression,0.2794"
"KDM5B","1.7357328444507944543","1.7357328444507944543","1.7357328444507944543","Activated","97","viper","97","1.7357328444507944543",NA,NA,"5","ENCODE--ChIP-seq(rank=37); ARCHS4--Coexpression(rank=95); ReMap--ChIP-seq(rank=142); Literature--ChIP-seq(rank=149); GTEx--Coexpression(rank=1074)","239","0.058349999999999999","ARCHS4 Coexpression,0.05835"
"SREBF2","-1.7315606814133019942","-1.7315606814133019942","1.7315606814133019942","Repressed","98","viper","98","1.7315606814133019942",NA,NA,"6","GTEx--Coexpression(rank=112); ENCODE--ChIP-seq(rank=117); Literature--ChIP-seq(rank=118); ReMap--ChIP-seq(rank=159); ARCHS4--Coexpression(rank=933); Enrichr--Queries(rank=935)","287","0.069699999999999998","GTEx Coexpression,0.0697"
"ATF6","-1.7230771171285168553","-1.7230771171285168553","1.7230771171285168553","Repressed","99","viper","99","1.7230771171285168553",NA,NA,"3","ARCHS4--Coexpression(rank=276); Enrichr--Queries(rank=989); GTEx--Coexpression(rank=1119)","606","0.169500000000000012","ARCHS4 Coexpression,0.1695"
"USF2","1.7034505501826753271","1.7034505501826753271","1.7034505501826753271","Activated","100","viper","100","1.7034505501826753271",NA,NA,"5","ENCODE--ChIP-seq(rank=92); ReMap--ChIP-seq(rank=180); ARCHS4--Coexpression(rank=656); Enrichr--Queries(rank=1117); GTEx--Coexpression(rank=1606)","1150","0.402899999999999980","ARCHS4 Coexpression,0.4029"
"FOXM1","-1.6731560663363334029","-1.6731560663363334029","1.6731560663363334029","Repressed","101","viper","101","1.6731560663363334029",NA,NA,"6","ENCODE--ChIP-seq(rank=27); Literature--ChIP-seq(rank=34); ReMap--ChIP-seq(rank=258); Enrichr--Queries(rank=1344); ARCHS4--Coexpression(rank=1367); GTEx--Coexpression(rank=1431)","720","0.207300000000000012","Literature ChIP-seq,0.2073"
"ZEB2","-1.6493512190010160001","-1.6493512190010160001","1.6493512190010160001","Repressed","102","viper","102","1.6493512190010160001",NA,NA,"4","ReMap--ChIP-seq(rank=121); Enrichr--Queries(rank=186); GTEx--Coexpression(rank=614); ARCHS4--Coexpression(rank=798)","497","0.132500000000000007","Enrichr Queries,0.1325"
"MXI1","-1.6269886108030640059","-1.6269886108030640059","1.6269886108030640059","Repressed","103","viper","103","1.6269886108030640059",NA,NA,"5","ENCODE--ChIP-seq(rank=63); ReMap--ChIP-seq(rank=284); Enrichr--Queries(rank=455); ARCHS4--Coexpression(rank=722); GTEx--Coexpression(rank=875)","974","0.324099999999999999","Enrichr Queries,0.3241"
"POU2F1","1.6194336711784143024","1.6194336711784143024","1.6194336711784143024","Activated","104","viper","104","1.6194336711784143024",NA,NA,"4","ARCHS4--Coexpression(rank=97); ReMap--ChIP-seq(rank=134); GTEx--Coexpression(rank=442); Enrichr--Queries(rank=745)","246","0.059580000000000001","ARCHS4 Coexpression,0.05958"
"ETS2","-1.6164722635825561348","-1.6164722635825561348","1.6164722635825561348","Repressed","105","viper","105","1.6164722635825561348",NA,NA,"4","Literature--ChIP-seq(rank=106); Enrichr--Queries(rank=486); GTEx--Coexpression(rank=511); ARCHS4--Coexpression(rank=1339)","961","0.318000000000000005","GTEx Coexpression,0.318"
"PAX5","1.6141048808741416121","1.6141048808741416121","1.6141048808741416121","Activated","106","viper","106","1.6141048808741416121",NA,NA,"5","ENCODE--ChIP-seq(rank=64); ReMap--ChIP-seq(rank=189); GTEx--Coexpression(rank=490); ARCHS4--Coexpression(rank=835); Enrichr--Queries(rank=897)","934","0.304900000000000004","GTEx Coexpression,0.3049"
"FOXL2","-1.5853541736415754926","-1.5853541736415754926","1.5853541736415754926","Repressed","107","viper","107","1.5853541736415754926",NA,NA,"3","ARCHS4--Coexpression(rank=81); Enrichr--Queries(rank=397); GTEx--Coexpression(rank=601)","203","0.049750000000000003","ARCHS4 Coexpression,0.04975"
"NEUROD1","1.5777236677636030659","1.5777236677636030659","1.5777236677636030659","Activated","108","viper","108","1.5777236677636030659",NA,NA,"4","GTEx--Coexpression(rank=113); ReMap--ChIP-seq(rank=185); ARCHS4--Coexpression(rank=543); Enrichr--Queries(rank=1261)","290","0.070319999999999994","GTEx Coexpression,0.07032"
"HNF1A","-1.5713674764495040304","-1.5713674764495040304","1.5713674764495040304","Repressed","109","viper","109","1.5713674764495040304",NA,NA,"3","ARCHS4--Coexpression(rank=536); Enrichr--Queries(rank=649); GTEx--Coexpression(rank=1346)","984","0.329199999999999993","ARCHS4 Coexpression,0.3292"
"ZNF384","1.5474955559119756288","1.5474955559119756288","1.5474955559119756288","Activated","110","viper","110","1.5474955559119756288",NA,NA,"5","ENCODE--ChIP-seq(rank=24); ReMap--ChIP-seq(rank=247); GTEx--Coexpression(rank=1049); Enrichr--Queries(rank=1330); ARCHS4--Coexpression(rank=1570)","707","0.203399999999999997","ENCODE ChIP-seq,0.2034"
"NCOA2","1.5376722882468065734","1.5376722882468065734","1.5376722882468065734","Activated","111","viper","111","1.5376722882468065734",NA,NA,"4","ReMap--ChIP-seq(rank=204); GTEx--Coexpression(rank=789); Enrichr--Queries(rank=946); ARCHS4--Coexpression(rank=1498)","1301","0.490999999999999992","GTEx Coexpression,0.491"
"PPARA","1.5295020525139315648","1.5295020525139315648","1.5295020525139315648","Activated","112","viper","112","1.5295020525139315648",NA,NA,"3","Enrichr--Queries(rank=480); ARCHS4--Coexpression(rank=678); GTEx--Coexpression(rank=1005)","1016","0.341899999999999982","Enrichr Queries,0.3419"
"E2F6","-1.5046542416253625429","-1.5046542416253625429","1.5046542416253625429","Repressed","113","viper","113","1.5046542416253625429",NA,NA,"5","ENCODE--ChIP-seq(rank=62); ReMap--ChIP-seq(rank=146); ARCHS4--Coexpression(rank=688); Enrichr--Queries(rank=868); GTEx--Coexpression(rank=909)","1186","0.422599999999999976","ARCHS4 Coexpression,0.4226"
"MYCN","-1.5004982033930225338","-1.5004982033930225338","1.5004982033930225338","Repressed","114","viper","114","1.5004982033930225338",NA,NA,"5","Literature--ChIP-seq(rank=89); GTEx--Coexpression(rank=100); Enrichr--Queries(rank=187); ReMap--ChIP-seq(rank=209); ARCHS4--Coexpression(rank=330)","257","0.062230000000000001","GTEx Coexpression,0.06223"
"STAT5A","1.4922434277090530497","1.4922434277090530497","1.4922434277090530497","Activated","115","viper","115","1.4922434277090530497",NA,NA,"6","ENCODE--ChIP-seq(rank=60); Literature--ChIP-seq(rank=112); ReMap--ChIP-seq(rank=262); GTEx--Coexpression(rank=275); Enrichr--Queries(rank=517); ARCHS4--Coexpression(rank=1427)","611","0.171100000000000002","GTEx Coexpression,0.1711"
"ETS1","1.4870317175909220087","1.4870317175909220087","1.4870317175909220087","Activated","116","viper","116","1.4870317175909220087",NA,NA,"6","ENCODE--ChIP-seq(rank=40); Literature--ChIP-seq(rank=154); ReMap--ChIP-seq(rank=178); Enrichr--Queries(rank=227); ARCHS4--Coexpression(rank=260); GTEx--Coexpression(rank=624)","577","0.159700000000000009","ARCHS4 Coexpression,0.1597"
"FOXA2","-1.4851115438870425844","-1.4851115438870425844","1.4851115438870425844","Repressed","117","viper","117","1.4851115438870425844",NA,NA,"6","ENCODE--ChIP-seq(rank=55); Literature--ChIP-seq(rank=57); ReMap--ChIP-seq(rank=108); Enrichr--Queries(rank=409); ARCHS4--Coexpression(rank=483); GTEx--Coexpression(rank=1053)","913","0.291300000000000003","Enrichr Queries,0.2913"
"CTCF","1.4841177568130479170","1.4841177568130479170","1.4841177568130479170","Activated","118","viper","118","1.4841177568130479170",NA,NA,"6","ENCODE--ChIP-seq(rank=4); Literature--ChIP-seq(rank=117); ReMap--ChIP-seq(rank=143); ARCHS4--Coexpression(rank=524); Enrichr--Queries(rank=895); GTEx--Coexpression(rank=1423)","145","0.033900000000000000","ENCODE ChIP-seq,0.0339"
"NFATC1","1.4792478962780288843","1.4792478962780288843","1.4792478962780288843","Activated","119","viper","119","1.4792478962780288843",NA,NA,"5","ENCODE--ChIP-seq(rank=113); ReMap--ChIP-seq(rank=260); Enrichr--Queries(rank=321); GTEx--Coexpression(rank=1110); ARCHS4--Coexpression(rank=1328)","767","0.228599999999999998","Enrichr Queries,0.2286"
"TCF7L2","1.4636221627798333689","1.4636221627798333689","1.4636221627798333689","Activated","120","viper","120","1.4636221627798333689",NA,NA,"6","ENCODE--ChIP-seq(rank=25); GTEx--Coexpression(rank=33); Literature--ChIP-seq(rank=33); Enrichr--Queries(rank=205); ReMap--ChIP-seq(rank=216); ARCHS4--Coexpression(rank=228)","91","0.020539999999999999","GTEx Coexpression,0.02054"
"GFI1B","1.4315521000296809184","1.4315521000296809184","1.4315521000296809184","Activated","121","viper","121","1.4315521000296809184",NA,NA,"5","ReMap--ChIP-seq(rank=139); Literature--ChIP-seq(rank=153); ARCHS4--Coexpression(rank=354); Enrichr--Queries(rank=758); GTEx--Coexpression(rank=1140)","741","0.217400000000000010","ARCHS4 Coexpression,0.2174"
"NANOG","1.4293744273000246192","1.4293744273000246192","1.4293744273000246192","Activated","122","viper","122","1.4293744273000246192",NA,NA,"6","Literature--ChIP-seq(rank=6); ReMap--ChIP-seq(rank=52); ENCODE--ChIP-seq(rank=118); ARCHS4--Coexpression(rank=168); Enrichr--Queries(rank=366); GTEx--Coexpression(rank=1576)","154","0.036589999999999998","Literature ChIP-seq,0.03659"
"E2F3","-1.4087303597992029136","-1.4087303597992029136","1.4087303597992029136","Repressed","123","viper","123","1.4087303597992029136",NA,NA,"3","Enrichr--Queries(rank=461); ARCHS4--Coexpression(rank=760); GTEx--Coexpression(rank=1151)","983","0.328299999999999981","Enrichr Queries,0.3283"
"E2F2","-1.4070250712347838196","-1.4070250712347838196","1.4070250712347838196","Repressed","124","viper","124","1.4070250712347838196",NA,NA,"3","ARCHS4--Coexpression(rank=844); Enrichr--Queries(rank=1171); GTEx--Coexpression(rank=1181)","1337","0.518399999999999972","ARCHS4 Coexpression,0.5184"
"STAT5B","1.3955739564100277939","1.3955739564100277939","1.3955739564100277939","Activated","125","viper","125","1.3955739564100277939",NA,NA,"4","ReMap--ChIP-seq(rank=111); ARCHS4--Coexpression(rank=718); Enrichr--Queries(rank=1189); GTEx--Coexpression(rank=1225)","1085","0.373699999999999977","ReMap ChIP-seq,0.3737"
"SP2","1.3897381795464858190","1.3897381795464858190","1.3897381795464858190","Activated","126","viper","126","1.3897381795464858190",NA,NA,"5","ENCODE--ChIP-seq(rank=106); ReMap--ChIP-seq(rank=292); ARCHS4--Coexpression(rank=819); Enrichr--Queries(rank=1289); GTEx--Coexpression(rank=1309)","1319","0.503099999999999992","ARCHS4 Coexpression,0.5031"
"LHX2","1.3829616733008942564","1.3829616733008942564","1.3829616733008942564","Activated","127","viper","127","1.3829616733008942564",NA,NA,"4","ReMap--ChIP-seq(rank=66); Enrichr--Queries(rank=97); GTEx--Coexpression(rank=871); ARCHS4--Coexpression(rank=1119)","285","0.069089999999999999","Enrichr Queries,0.06909"
"ZNF24","-1.3623175055999827698","-1.3623175055999827698","1.3623175055999827698","Repressed","128","viper","128","1.3623175055999827698",NA,NA,"4","ReMap--ChIP-seq(rank=42); Enrichr--Queries(rank=539); GTEx--Coexpression(rank=576); ARCHS4--Coexpression(rank=1139)","519","0.141399999999999998","ReMap ChIP-seq,0.1414"
"RELA","1.3621842103802632717","1.3621842103802632717","1.3621842103802632717","Activated","129","viper","129","1.3621842103802632717",NA,NA,"6","ENCODE--ChIP-seq(rank=36); Literature--ChIP-seq(rank=59); ReMap--ChIP-seq(rank=221); GTEx--Coexpression(rank=808); Enrichr--Queries(rank=1152); ARCHS4--Coexpression(rank=1475)","935","0.305099999999999982","ENCODE ChIP-seq,0.3051"
"SMAD5","-1.3582591172969467053","-1.3582591172969467053","1.3582591172969467053","Repressed","130","viper","130","1.3582591172969467053",NA,NA,"4","ReMap--ChIP-seq(rank=197); Enrichr--Queries(rank=635); ARCHS4--Coexpression(rank=982); GTEx--Coexpression(rank=989)","1239","0.452299999999999980","Enrichr Queries,0.4523"
"ZBTB11","-1.3435181491411622989","-1.3435181491411622989","1.3435181491411622989","Repressed","131","viper","131","1.3435181491411622989",NA,NA,"4","ReMap--ChIP-seq(rank=158); ARCHS4--Coexpression(rank=1135); Enrichr--Queries(rank=1184); GTEx--Coexpression(rank=1357)","1357","0.532000000000000028","ReMap ChIP-seq,0.532"
"ATF3","-1.3365607363056728474","-1.3365607363056728474","1.3365607363056728474","Repressed","132","viper","132","1.3365607363056728474",NA,NA,"6","ENCODE--ChIP-seq(rank=99); Literature--ChIP-seq(rank=128); ARCHS4--Coexpression(rank=241); ReMap--ChIP-seq(rank=263); GTEx--Coexpression(rank=646); Enrichr--Queries(rank=707)","540","0.147999999999999993","ARCHS4 Coexpression,0.148"
"HMBOX1","-1.3238806701383472042","-1.3238806701383472042","1.3238806701383472042","Repressed","133","viper","133","1.3238806701383472042",NA,NA,"4","ReMap--ChIP-seq(rank=90); GTEx--Coexpression(rank=372); Enrichr--Queries(rank=500); ARCHS4--Coexpression(rank=1132)","776","0.231500000000000011","GTEx Coexpression,0.2315"
"ATF2","-1.3197342529880902173","-1.3197342529880902173","1.3197342529880902173","Repressed","134","viper","134","1.3197342529880902173",NA,NA,"5","ReMap--ChIP-seq(rank=35); ENCODE--ChIP-seq(rank=90); Enrichr--Queries(rank=1181); GTEx--Coexpression(rank=1347); ARCHS4--Coexpression(rank=1524)","451","0.117800000000000002","ReMap ChIP-seq,0.1178"
"AR","-1.3160657812761793473","-1.3160657812761793473","1.3160657812761793473","Repressed","135","viper","135","1.3160657812761793473",NA,NA,"5","Literature--ChIP-seq(rank=24); ReMap--ChIP-seq(rank=30); ARCHS4--Coexpression(rank=225); Enrichr--Queries(rank=285); GTEx--Coexpression(rank=884)","390","0.101000000000000006","ReMap ChIP-seq,0.101"
"NR1H3","1.2885375860568417661","1.2885375860568417661","1.2885375860568417661","Activated","136","viper","136","1.2885375860568417661",NA,NA,"5","GTEx--Coexpression(rank=87); Literature--ChIP-seq(rank=110); ReMap--ChIP-seq(rank=132); Enrichr--Queries(rank=154); ARCHS4--Coexpression(rank=486)","226","0.054140000000000001","GTEx Coexpression,0.05414"
"ESR2","1.2766166482944214522","1.2766166482944214522","1.2766166482944214522","Activated","137","viper","137","1.2766166482944214522",NA,NA,"5","ReMap--ChIP-seq(rank=13); Literature--ChIP-seq(rank=101); Enrichr--Queries(rank=873); ARCHS4--Coexpression(rank=932); GTEx--Coexpression(rank=1544)","182","0.043770000000000003","ReMap ChIP-seq,0.04377"
"ELF1","1.2556884808196941972","1.2556884808196941972","1.2556884808196941972","Activated","138","viper","138","1.2556884808196941972",NA,NA,"5","ENCODE--ChIP-seq(rank=79); Literature--ChIP-seq(rank=135); ReMap--ChIP-seq(rank=210); ARCHS4--Coexpression(rank=778); GTEx--Coexpression(rank=1173)","1282","0.477899999999999991","ARCHS4 Coexpression,0.4779"
"MYBL2","1.2396186336578813858","1.2396186336578813858","1.2396186336578813858","Activated","139","viper","139","1.2396186336578813858",NA,NA,"6","ENCODE--ChIP-seq(rank=114); Literature--ChIP-seq(rank=137); ReMap--ChIP-seq(rank=256); ARCHS4--Coexpression(rank=1315); Enrichr--Queries(rank=1322); GTEx--Coexpression(rank=1339)","1593","0.807699999999999974","ARCHS4 Coexpression,0.8077"
"MBD1","-1.2216141689942936477","-1.2216141689942936477","1.2216141689942936477","Repressed","140","viper","140","1.2216141689942936477",NA,NA,"3","GTEx--Coexpression(rank=1082); Enrichr--Queries(rank=1132); ARCHS4--Coexpression(rank=1512)","1518","0.673300000000000010","GTEx Coexpression,0.6733"
"RUNX3","1.2130557444559664226","1.2130557444559664226","1.2130557444559664226","Activated","141","viper","141","1.2130557444559664226",NA,NA,"5","ENCODE--ChIP-seq(rank=105); ReMap--ChIP-seq(rank=120); ARCHS4--Coexpression(rank=869); Enrichr--Queries(rank=1203); GTEx--Coexpression(rank=1238)","1152","0.404000000000000026","ReMap ChIP-seq,0.404"
"IRF9","1.2106911174527550390","1.2106911174527550390","1.2106911174527550390","Activated","142","viper","142","1.2106911174527550390",NA,NA,"4","ReMap--ChIP-seq(rank=87); GTEx--Coexpression(rank=376); Enrichr--Queries(rank=400); ARCHS4--Coexpression(rank=461)","783","0.234000000000000014","GTEx Coexpression,0.234"
"HBP1","-1.1906034548387531835","-1.1906034548387531835","1.1906034548387531835","Repressed","143","viper","143","1.1906034548387531835",NA,NA,"4","ReMap--ChIP-seq(rank=179); ARCHS4--Coexpression(rank=787); Enrichr--Queries(rank=861); GTEx--Coexpression(rank=1279)","1290","0.483399999999999996","ARCHS4 Coexpression,0.4834"
"OTX2","1.1716847348034857834","1.1716847348034857834","1.1716847348034857834","Activated","144","viper","144","1.1716847348034857834",NA,NA,"4","GTEx--Coexpression(rank=66); ReMap--ChIP-seq(rank=88); ARCHS4--Coexpression(rank=715); Enrichr--Queries(rank=787)","170","0.041070000000000002","GTEx Coexpression,0.04107"
"HNF4G","1.1690258038573060340","1.1690258038573060340","1.1690258038573060340","Activated","145","viper","145","1.1690258038573060340",NA,NA,"5","ENCODE--ChIP-seq(rank=45); ReMap--ChIP-seq(rank=183); ARCHS4--Coexpression(rank=195); GTEx--Coexpression(rank=209); Enrichr--Queries(rank=492)","458","0.119800000000000004","ARCHS4 Coexpression,0.1198"
"ZKSCAN1","1.1602680569173799974","1.1602680569173799974","1.1602680569173799974","Activated","146","viper","146","1.1602680569173799974",NA,NA,"5","ENCODE--ChIP-seq(rank=23); ReMap--ChIP-seq(rank=254); Enrichr--Queries(rank=719); ARCHS4--Coexpression(rank=797); GTEx--Coexpression(rank=1398)","682","0.194899999999999990","ENCODE ChIP-seq,0.1949"
"EPAS1","1.1599798524775626340","1.1599798524775626340","1.1599798524775626340","Activated","147","viper","147","1.1599798524775626340",NA,NA,"4","ARCHS4--Coexpression(rank=23); Enrichr--Queries(rank=29); ReMap--ChIP-seq(rank=72); GTEx--Coexpression(rank=120)","63","0.014130000000000000","ARCHS4 Coexpression,0.01413"
"MAF","1.1532484392923578742","1.1532484392923578742","1.1532484392923578742","Activated","148","viper","148","1.1532484392923578742",NA,NA,"4","Enrichr--Queries(rank=181); ARCHS4--Coexpression(rank=224); ReMap--ChIP-seq(rank=228); GTEx--Coexpression(rank=243)","490","0.128899999999999987","Enrichr Queries,0.1289"
"FOSL1","-1.1437159035332253865","-1.1437159035332253865","1.1437159035332253865","Repressed","149","viper","149","1.1437159035332253865",NA,NA,"5","ENCODE--ChIP-seq(rank=7); ReMap--ChIP-seq(rank=37); GTEx--Coexpression(rank=200); ARCHS4--Coexpression(rank=249); Enrichr--Queries(rank=681)","245","0.059319999999999998","ENCODE ChIP-seq,0.05932"
"BHLHE40","-1.1365420055471726624","-1.1365420055471726624","1.1365420055471726624","Repressed","150","viper","150","1.1365420055471726624",NA,NA,"4","ENCODE--ChIP-seq(rank=58); GTEx--Coexpression(rank=144); ReMap--ChIP-seq(rank=282); ARCHS4--Coexpression(rank=502)","349","0.089609999999999995","GTEx Coexpression,0.08961"
"STAT2","1.1310162110979231631","1.1310162110979231631","1.1310162110979231631","Activated","151","viper","151","1.1310162110979231631",NA,NA,"5","ENCODE--ChIP-seq(rank=11); ReMap--ChIP-seq(rank=39); ARCHS4--Coexpression(rank=210); Enrichr--Queries(rank=414); GTEx--Coexpression(rank=870)","361","0.093219999999999997","ENCODE ChIP-seq,0.09322"
"SP1","-1.1256568047564869950","-1.1256568047564869950","1.1256568047564869950","Repressed","152","viper","152","1.1256568047564869950",NA,NA,"5","ENCODE--ChIP-seq(rank=67); ReMap--ChIP-seq(rank=226); GTEx--Coexpression(rank=760); Enrichr--Queries(rank=926); ARCHS4--Coexpression(rank=1413)","1275","0.472899999999999987","GTEx Coexpression,0.4729"
"ATF1","1.1236623161722758546","1.1236623161722758546","1.1236623161722758546","Activated","153","viper","153","1.1236623161722758546",NA,NA,"5","ENCODE--ChIP-seq(rank=115); ReMap--ChIP-seq(rank=168); ARCHS4--Coexpression(rank=723); GTEx--Coexpression(rank=812); Enrichr--Queries(rank=990)","1226","0.444099999999999995","ARCHS4 Coexpression,0.4441"
"DUX4","1.1158632185783718960","1.1158632185783718960","1.1158632185783718960","Activated","154","viper","154","1.1158632185783718960",NA,NA,"2","ReMap--ChIP-seq(rank=270); ARCHS4--Coexpression(rank=1368)","1604","0.840300000000000047","ARCHS4 Coexpression,0.8403"
"ELK1","-1.0947211807281416185","-1.0947211807281416185","1.0947211807281416185","Repressed","155","viper","155","1.0947211807281416185",NA,NA,"5","ENCODE--ChIP-seq(rank=100); Literature--ChIP-seq(rank=148); ReMap--ChIP-seq(rank=283); GTEx--Coexpression(rank=744); ARCHS4--Coexpression(rank=1571)","1258","0.463000000000000023","GTEx Coexpression,0.463"
"KLF5","1.0841493961610826346","1.0841493961610826346","1.0841493961610826346","Activated","156","viper","156","1.0841493961610826346",NA,NA,"5","Literature--ChIP-seq(rank=22); ARCHS4--Coexpression(rank=42); ReMap--ChIP-seq(rank=107); Enrichr--Queries(rank=337); GTEx--Coexpression(rank=475)","110","0.025800000000000000","ARCHS4 Coexpression,0.0258"
"NR3C1","-1.0759174562970930111","-1.0759174562970930111","1.0759174562970930111","Repressed","157","viper","157","1.0759174562970930111",NA,NA,"6","ENCODE--ChIP-seq(rank=61); Literature--ChIP-seq(rank=72); Enrichr--Queries(rank=194); ReMap--ChIP-seq(rank=220); ARCHS4--Coexpression(rank=456); GTEx--Coexpression(rank=641)","513","0.138199999999999990","Enrichr Queries,0.1382"
"TCF3","1.0632485947425287520","1.0632485947425287520","1.0632485947425287520","Activated","158","viper","158","1.0632485947425287520",NA,NA,"6","Literature--ChIP-seq(rank=4); ENCODE--ChIP-seq(rank=10); ReMap--ChIP-seq(rank=237); Enrichr--Queries(rank=1102); GTEx--Coexpression(rank=1234); ARCHS4--Coexpression(rank=1268)","103","0.024389999999999998","Literature ChIP-seq,0.02439"
"ERG","-1.0529211250775845077","-1.0529211250775845077","1.0529211250775845077","Repressed","159","viper","159","1.0529211250775845077",NA,NA,"5","GTEx--Coexpression(rank=21); Literature--ChIP-seq(rank=84); Enrichr--Queries(rank=86); ReMap--ChIP-seq(rank=213); ARCHS4--Coexpression(rank=596)","59","0.013070000000000000","GTEx Coexpression,0.01307"
"USF1","1.0473739044188550285","1.0473739044188550285","1.0473739044188550285","Activated","160","viper","160","1.0473739044188550285",NA,NA,"5","ENCODE--ChIP-seq(rank=78); ReMap--ChIP-seq(rank=105); Enrichr--Queries(rank=1163); ARCHS4--Coexpression(rank=1208); GTEx--Coexpression(rank=1362)","1038","0.353499999999999981","ReMap ChIP-seq,0.3535"
"CREM","1.0286079615652019559","1.0286079615652019559","1.0286079615652019559","Activated","161","viper","161","1.0286079615652019559",NA,NA,"5","ReMap--ChIP-seq(rank=99); Literature--ChIP-seq(rank=132); GTEx--Coexpression(rank=577); ARCHS4--Coexpression(rank=898); Enrichr--Queries(rank=1259)","994","0.333299999999999985","ReMap ChIP-seq,0.3333"
"GATA4","-1.0102406418127372056","-1.0102406418127372056","1.0102406418127372056","Repressed","162","viper","162","1.0102406418127372056",NA,NA,"5","Literature--ChIP-seq(rank=69); ReMap--ChIP-seq(rank=175); GTEx--Coexpression(rank=662); ARCHS4--Coexpression(rank=922); Enrichr--Queries(rank=1064)","1170","0.411899999999999988","GTEx Coexpression,0.4119"
"BCL6","-1.0098618837574950824","-1.0098618837574950824","1.0098618837574950824","Repressed","163","viper","163","1.0098618837574950824",NA,NA,"5","Literature--ChIP-seq(rank=97); ReMap--ChIP-seq(rank=184); Enrichr--Queries(rank=493); ARCHS4--Coexpression(rank=526); GTEx--Coexpression(rank=1156)","971","0.323099999999999998","ARCHS4 Coexpression,0.3231"
"SOX10","-1.0095233407213350940","-1.0095233407213350940","1.0095233407213350940","Repressed","164","viper","164","1.0095233407213350940",NA,NA,"4","GTEx--Coexpression(rank=77); ReMap--ChIP-seq(rank=98); ARCHS4--Coexpression(rank=149); Enrichr--Queries(rank=294)","195","0.047919999999999997","GTEx Coexpression,0.04792"
"HOXA9","0.9963541611776991491","0.9963541611776991491","0.9963541611776991491","Activated","165","viper","165","0.9963541611776991491",NA,NA,"4","Enrichr--Queries(rank=171); ReMap--ChIP-seq(rank=177); ARCHS4--Coexpression(rank=230); GTEx--Coexpression(rank=279)","465","0.121800000000000005","Enrichr Queries,0.1218"
"BHLHE22","-0.9930107150261766602","-0.9930107150261766602","0.9930107150261766602","Repressed","166","viper","166","0.9930107150261766602",NA,NA,"3","ReMap--ChIP-seq(rank=61); ARCHS4--Coexpression(rank=170); GTEx--Coexpression(rank=439)","400","0.104400000000000007","ARCHS4 Coexpression,0.1044"
"SNAI2","-0.9853779016345465269","-0.9853779016345465269","0.9853779016345465269","Repressed","167","viper","167","0.9853779016345465269",NA,NA,"4","GTEx--Coexpression(rank=12); ARCHS4--Coexpression(rank=13); Enrichr--Queries(rank=24); ReMap--ChIP-seq(rank=73)","34","0.007467000000000000","GTEx Coexpression,0.007467"
"FLI1","-0.9600080504621690825","-0.9600080504621690825","0.9600080504621690825","Repressed","168","viper","168","0.9600080504621690825",NA,NA,"6","ENCODE--ChIP-seq(rank=116); Literature--ChIP-seq(rank=125); ReMap--ChIP-seq(rank=144); Enrichr--Queries(rank=442); ARCHS4--Coexpression(rank=1198); GTEx--Coexpression(rank=1499)","954","0.314800000000000024","Enrichr Queries,0.3148"
"E2F5","-0.9397345369784666502","-0.9397345369784666502","0.9397345369784666502","Repressed","169","viper","169","0.9397345369784666502",NA,NA,"4","ReMap--ChIP-seq(rank=38); Enrichr--Queries(rank=173); ARCHS4--Coexpression(rank=254); GTEx--Coexpression(rank=1078)","469","0.123200000000000004","Enrichr Queries,0.1232"
"ELK4","-0.9152196296497575601","-0.9152196296497575601","0.9152196296497575601","Repressed","170","viper","170","0.9152196296497575601",NA,NA,"5","ENCODE--ChIP-seq(rank=104); ReMap--ChIP-seq(rank=291); Enrichr--Queries(rank=713); GTEx--Coexpression(rank=1425); ARCHS4--Coexpression(rank=1527)","1323","0.507800000000000029","Enrichr Queries,0.5078"
"PRDM1","0.9131113597683984118","0.9131113597683984118","0.9131113597683984118","Activated","171","viper","171","0.9131113597683984118",NA,NA,"5","ENCODE--ChIP-seq(rank=16); ReMap--ChIP-seq(rank=40); Enrichr--Queries(rank=453); GTEx--Coexpression(rank=470); ARCHS4--Coexpression(rank=557)","504","0.134699999999999986","ReMap ChIP-seq,0.1347"
"BACH1","-0.9124875842554822647","-0.9124875842554822647","0.9124875842554822647","Repressed","172","viper","172","0.9124875842554822647",NA,NA,"6","ENCODE--ChIP-seq(rank=73); Literature--ChIP-seq(rank=121); ReMap--ChIP-seq(rank=218); Enrichr--Queries(rank=472); ARCHS4--Coexpression(rank=699); GTEx--Coexpression(rank=902)","1001","0.336199999999999999","Enrichr Queries,0.3362"
"RFX5","0.9123614145437866085","0.9123614145437866085","0.9123614145437866085","Activated","173","viper","173","0.9123614145437866085",NA,NA,"5","ENCODE--ChIP-seq(rank=21); ReMap--ChIP-seq(rank=225); GTEx--Coexpression(rank=278); Enrichr--Queries(rank=973); ARCHS4--Coexpression(rank=1286)","616","0.172999999999999987","GTEx Coexpression,0.173"
"E2F1","-0.8991485408738728591","-0.8991485408738728591","0.8991485408738728591","Repressed","174","viper","174","0.8991485408738728591",NA,NA,"6","ENCODE--ChIP-seq(rank=77); Literature--ChIP-seq(rank=115); ReMap--ChIP-seq(rank=281); Enrichr--Queries(rank=1345); GTEx--Coexpression(rank=1386); ARCHS4--Coexpression(rank=1426)","1494","0.652499999999999969","ENCODE ChIP-seq,0.6525"
"ONECUT1","0.8979130792589361532","0.8979130792589361532","0.8979130792589361532","Activated","175","viper","175","0.8979130792589361532",NA,NA,"4","ReMap--ChIP-seq(rank=188); ARCHS4--Coexpression(rank=500); Enrichr--Queries(rank=1053); GTEx--Coexpression(rank=1392)","939","0.307099999999999984","ARCHS4 Coexpression,0.3071"
"ZNF274","-0.8756490195970096924","-0.8756490195970096924","0.8756490195970096924","Repressed","176","viper","176","0.8756490195970096924",NA,NA,"6","ENCODE--ChIP-seq(rank=52); ReMap--ChIP-seq(rank=68); Literature--ChIP-seq(rank=145); ARCHS4--Coexpression(rank=503); Enrichr--Queries(rank=1162); GTEx--Coexpression(rank=1458)","768","0.229000000000000009","ReMap ChIP-seq,0.229"
"TP73","0.8741265530812296625","0.8741265530812296625","0.8741265530812296625","Activated","177","viper","177","0.8741265530812296625",NA,NA,"3","GTEx--Coexpression(rank=188); Enrichr--Queries(rank=306); ARCHS4--Coexpression(rank=777)","447","0.117000000000000007","GTEx Coexpression,0.117"
"ARID2","0.8701384205518613024","0.8701384205518613024","0.8701384205518613024","Activated","178","viper","178","0.8701384205518613024",NA,NA,"4","ReMap--ChIP-seq(rank=248); GTEx--Coexpression(rank=305); Enrichr--Queries(rank=949); ARCHS4--Coexpression(rank=1579)","666","0.189799999999999996","GTEx Coexpression,0.1898"
"CREB3","-0.8620793128042008036","-0.8620793128042008036","0.8620793128042008036","Repressed","179","viper","179","0.8620793128042008036",NA,NA,"4","ReMap--ChIP-seq(rank=154); Enrichr--Queries(rank=1067); ARCHS4--Coexpression(rank=1399); GTEx--Coexpression(rank=1411)","1338","0.518499999999999961","ReMap ChIP-seq,0.5185"
"NFKB1","0.8553014215610085236","0.8553014215610085236","0.8553014215610085236","Activated","180","viper","180","0.8553014215610085236",NA,NA,"4","ReMap--ChIP-seq(rank=110); GTEx--Coexpression(rank=806); Enrichr--Queries(rank=1311); ARCHS4--Coexpression(rank=1322)","1074","0.370400000000000007","ReMap ChIP-seq,0.3704"
"ZFX","-0.8494402292170164515","-0.8494402292170164515","0.8494402292170164515","Repressed","181","viper","181","0.8494402292170164515",NA,NA,"5","Literature--ChIP-seq(rank=152); ReMap--ChIP-seq(rank=244); GTEx--Coexpression(rank=776); Enrichr--Queries(rank=1193); ARCHS4--Coexpression(rank=1624)","1289","0.482899999999999996","GTEx Coexpression,0.4829"
"RXRA","0.8151059726771354708","0.8151059726771354708","0.8151059726771354708","Activated","182","viper","182","0.8151059726771354708",NA,NA,"6","Literature--ChIP-seq(rank=48); ENCODE--ChIP-seq(rank=74); Enrichr--Queries(rank=153); ReMap--ChIP-seq(rank=274); GTEx--Coexpression(rank=631); ARCHS4--Coexpression(rank=758)","418","0.109000000000000000","Enrichr Queries,0.109"
"REL","0.8116322022563920990","0.8116322022563920990","0.8116322022563920990","Activated","183","viper","183","0.8116322022563920990",NA,NA,"3","ARCHS4--Coexpression(rank=716); GTEx--Coexpression(rank=722); Enrichr--Queries(rank=1192)","1221","0.439800000000000024","ARCHS4 Coexpression,0.4398"
"JUN","0.8110649044039852651","0.8110649044039852651","0.8110649044039852651","Activated","184","viper","184","0.8110649044039852651",NA,NA,"6","ENCODE--ChIP-seq(rank=33); Literature--ChIP-seq(rank=41); ReMap--ChIP-seq(rank=81); GTEx--Coexpression(rank=159); Enrichr--Queries(rank=638); ARCHS4--Coexpression(rank=1009)","380","0.098940000000000000","GTEx Coexpression,0.09894"
"TAL1","0.7910220252623646475","0.7910220252623646475","0.7910220252623646475","Activated","185","viper","185","0.7910220252623646475",NA,NA,"6","ENCODE--ChIP-seq(rank=41); Literature--ChIP-seq(rank=83); ReMap--ChIP-seq(rank=148); ARCHS4--Coexpression(rank=436); Enrichr--Queries(rank=523); GTEx--Coexpression(rank=1294)","859","0.267799999999999983","ARCHS4 Coexpression,0.2678"
"GATA2","-0.7769454594411744353","-0.7769454594411744353","0.7769454594411744353","Repressed","186","viper","186","0.7769454594411744353",NA,NA,"6","Literature--ChIP-seq(rank=15); ENCODE--ChIP-seq(rank=22); ReMap--ChIP-seq(rank=245); Enrichr--Queries(rank=341); GTEx--Coexpression(rank=899); ARCHS4--Coexpression(rank=1157)","356","0.091460000000000000","Literature ChIP-seq,0.09146"
"KLF13","-0.7622444368915456403","-0.7622444368915456403","0.7622444368915456403","Repressed","187","viper","187","0.7622444368915456403",NA,NA,"4","ReMap--ChIP-seq(rank=235); Enrichr--Queries(rank=255); GTEx--Coexpression(rank=478); ARCHS4--Coexpression(rank=633)","643","0.181600000000000011","Enrichr Queries,0.1816"
"EOMES","0.7576111179971981580","0.7576111179971981580","0.7576111179971981580","Activated","188","viper","188","0.7576111179971981580",NA,NA,"5","ReMap--ChIP-seq(rank=8); Literature--ChIP-seq(rank=91); Enrichr--Queries(rank=661); GTEx--Coexpression(rank=1227); ARCHS4--Coexpression(rank=1302)","115","0.026939999999999999","ReMap ChIP-seq,0.02694"
"TP63","0.7524637428451722565","0.7524637428451722565","0.7524637428451722565","Activated","189","viper","189","0.7524637428451722565",NA,NA,"5","ReMap--ChIP-seq(rank=34); Literature--ChIP-seq(rank=44); ARCHS4--Coexpression(rank=205); GTEx--Coexpression(rank=452); Enrichr--Queries(rank=485)","437","0.114500000000000005","ReMap ChIP-seq,0.1145"
"AHR","0.7459459624505876407","0.7459459624505876407","0.7459459624505876407","Activated","190","viper","190","0.7459459624505876407",NA,NA,"5","ReMap--ChIP-seq(rank=54); GTEx--Coexpression(rank=63); Literature--ChIP-seq(rank=64); Enrichr--Queries(rank=225); ARCHS4--Coexpression(rank=1259)","163","0.039199999999999999","GTEx Coexpression,0.0392"
"NFYB","0.7457095781399283307","0.7457095781399283307","0.7457095781399283307","Activated","191","viper","191","0.7457095781399283307",NA,NA,"5","ENCODE--ChIP-seq(rank=94); GTEx--Coexpression(rank=147); ReMap--ChIP-seq(rank=277); Enrichr--Queries(rank=527); ARCHS4--Coexpression(rank=686)","357","0.091469999999999996","GTEx Coexpression,0.09147"
"CEBPD","-0.7345060361961758266","-0.7345060361961758266","0.7345060361961758266","Repressed","192","viper","192","0.7345060361961758266",NA,NA,"5","ENCODE--ChIP-seq(rank=54); Literature--ChIP-seq(rank=67); ReMap--ChIP-seq(rank=230); GTEx--Coexpression(rank=257); ARCHS4--Coexpression(rank=863)","578","0.159899999999999987","GTEx Coexpression,0.1599"
"TFAP2A","0.7133648162495253020","0.7133648162495253020","0.7133648162495253020","Activated","193","viper","193","0.7133648162495253020",NA,NA,"6","ENCODE--ChIP-seq(rank=46); ReMap--ChIP-seq(rank=69); Literature--ChIP-seq(rank=127); ARCHS4--Coexpression(rank=187); Enrichr--Queries(rank=324); GTEx--Coexpression(rank=418)","439","0.114900000000000002","ARCHS4 Coexpression,0.1149"
"HNF1B","0.6966290107043492386","0.6966290107043492386","0.6966290107043492386","Activated","194","viper","194","0.6966290107043492386",NA,NA,"3","ReMap--ChIP-seq(rank=9); ARCHS4--Coexpression(rank=280); Enrichr--Queries(rank=425)","130","0.030300000000000001","ReMap ChIP-seq,0.0303"
"NR2F6","-0.6847190531884070896","-0.6847190531884070896","0.6847190531884070896","Repressed","195","viper","195","0.6847190531884070896",NA,NA,"4","ReMap--ChIP-seq(rank=164); Enrichr--Queries(rank=654); ARCHS4--Coexpression(rank=840); GTEx--Coexpression(rank=1218)","1262","0.465799999999999992","Enrichr Queries,0.4658"
"TWIST1","-0.6829581336948867820","-0.6829581336948867820","0.6829581336948867820","Repressed","196","viper","196","0.6829581336948867820",NA,NA,"4","GTEx--Coexpression(rank=6); ARCHS4--Coexpression(rank=17); ReMap--ChIP-seq(rank=63); Enrichr--Queries(rank=126)","16","0.003734000000000000","GTEx Coexpression,0.003734"
"SOX6","0.6827402858373642358","0.6827402858373642358","0.6827402858373642358","Activated","197","viper","197","0.6827402858373642358",NA,NA,"4","ReMap--ChIP-seq(rank=153); Enrichr--Queries(rank=695); GTEx--Coexpression(rank=914); ARCHS4--Coexpression(rank=1111)","1307","0.494999999999999996","Enrichr Queries,0.495"
"NFE2L2","-0.6749629654655514566","-0.6749629654655514566","0.6749629654655514566","Repressed","198","viper","198","0.6749629654655514566",NA,NA,"5","Literature--ChIP-seq(rank=35); GTEx--Coexpression(rank=107); ReMap--ChIP-seq(rank=267); Enrichr--Queries(rank=456); ARCHS4--Coexpression(rank=472)","272","0.066580000000000000","GTEx Coexpression,0.06658"
"POU2F2","0.6622803091850814061","0.6622803091850814061","0.6622803091850814061","Activated","199","viper","199","0.6622803091850814061",NA,NA,"5","ENCODE--ChIP-seq(rank=102); ReMap--ChIP-seq(rank=176); Enrichr--Queries(rank=763); ARCHS4--Coexpression(rank=807); GTEx--Coexpression(rank=1081)","1309","0.495699999999999974","ARCHS4 Coexpression,0.4957"
"SOX11","0.6392706205419688148","0.6392706205419688148","0.6392706205419688148","Activated","200","viper","200","0.6392706205419688148",NA,NA,"5","Literature--ChIP-seq(rank=87); ReMap--ChIP-seq(rank=203); Enrichr--Queries(rank=459); ARCHS4--Coexpression(rank=629); GTEx--Coexpression(rank=1601)","980","0.326900000000000024","Enrichr Queries,0.3269"
"HIF1A","-0.6359946402994721693","-0.6359946402994721693","0.6359946402994721693","Repressed","201","viper","201","0.6359946402994721693",NA,NA,"5","GTEx--Coexpression(rank=7); ARCHS4--Coexpression(rank=37); Literature--ChIP-seq(rank=75); ReMap--ChIP-seq(rank=170); Enrichr--Queries(rank=689)","19","0.004356000000000000","GTEx Coexpression,0.004356"
"PAX8","0.6138434076981673648","0.6138434076981673648","0.6138434076981673648","Activated","202","viper","202","0.6138434076981673648",NA,NA,"4","ARCHS4--Coexpression(rank=36); GTEx--Coexpression(rank=58); ReMap--ChIP-seq(rank=172); Enrichr--Queries(rank=1172)","94","0.022110000000000001","ARCHS4 Coexpression,0.02211"
"CEBPA","0.6047275726455156875","0.6047275726455156875","0.6047275726455156875","Activated","203","viper","203","0.6047275726455156875",NA,NA,"5","Literature--ChIP-seq(rank=45); ReMap--ChIP-seq(rank=174); GTEx--Coexpression(rank=267); Enrichr--Queries(rank=516); ARCHS4--Coexpression(rank=681)","597","0.166099999999999998","GTEx Coexpression,0.1661"
"ATF7","0.6035208123067741237","0.6035208123067741237","0.6035208123067741237","Activated","204","viper","204","0.6035208123067741237",NA,NA,"4","ReMap--ChIP-seq(rank=71); ARCHS4--Coexpression(rank=256); GTEx--Coexpression(rank=385); Enrichr--Queries(rank=962)","566","0.157200000000000006","ARCHS4 Coexpression,0.1572"
"NR5A2","-0.6011160866228203448","-0.6011160866228203448","0.6011160866228203448","Repressed","205","viper","205","0.6011160866228203448",NA,NA,"4","ReMap--ChIP-seq(rank=65); Enrichr--Queries(rank=620); GTEx--Coexpression(rank=761); ARCHS4--Coexpression(rank=1184)","744","0.218900000000000011","ReMap ChIP-seq,0.2189"
"HNF4A","0.5892237233987021039","0.5892237233987021039","0.5892237233987021039","Activated","206","viper","206","0.5892237233987021039",NA,NA,"6","ENCODE--ChIP-seq(rank=69); Literature--ChIP-seq(rank=94); ReMap--ChIP-seq(rank=261); Enrichr--Queries(rank=646); ARCHS4--Coexpression(rank=828); GTEx--Coexpression(rank=1354)","1253","0.460100000000000009","Enrichr Queries,0.4601"
"TEAD2","-0.5637614092131753019","-0.5637614092131753019","0.5637614092131753019","Repressed","207","viper","207","0.5637614092131753019",NA,NA,"4","ARCHS4--Coexpression(rank=67); ReMap--ChIP-seq(rank=67); GTEx--Coexpression(rank=477); Enrichr--Queries(rank=481)","171","0.041149999999999999","ARCHS4 Coexpression,0.04115"
"MITF","-0.5634094880517750425","-0.5634094880517750425","0.5634094880517750425","Repressed","208","viper","208","0.5634094880517750425",NA,NA,"5","Literature--ChIP-seq(rank=37); Enrichr--Queries(rank=96); ReMap--ChIP-seq(rank=131); ARCHS4--Coexpression(rank=625); GTEx--Coexpression(rank=775)","281","0.068379999999999996","Enrichr Queries,0.06838"
"VDR","-0.5407386484006360128","-0.5407386484006360128","0.5407386484006360128","Repressed","209","viper","209","0.5407386484006360128",NA,NA,"5","Literature--ChIP-seq(rank=50); ReMap--ChIP-seq(rank=229); Enrichr--Queries(rank=518); ARCHS4--Coexpression(rank=1265); GTEx--Coexpression(rank=1397)","933","0.304900000000000004","Literature ChIP-seq,0.3049"
"XBP1","0.5249755677072587279","0.5249755677072587279","0.5249755677072587279","Activated","210","viper","210","0.5249755677072587279",NA,NA,"4","ReMap--ChIP-seq(rank=124); ARCHS4--Coexpression(rank=192); GTEx--Coexpression(rank=737); Enrichr--Queries(rank=920)","452","0.117900000000000005","ARCHS4 Coexpression,0.1179"
"CDX2","0.5212001390116927091","0.5212001390116927091","0.5212001390116927091","Activated","211","viper","211","0.5212001390116927091",NA,NA,"5","Literature--ChIP-seq(rank=47); ReMap--ChIP-seq(rank=58); ARCHS4--Coexpression(rank=306); Enrichr--Queries(rank=583); GTEx--Coexpression(rank=727)","659","0.188000000000000000","ARCHS4 Coexpression,0.188"
"EHF","0.4979208414712223973","0.4979208414712223973","0.4979208414712223973","Activated","212","viper","212","0.4979208414712223973",NA,NA,"4","Enrichr--Queries(rank=19); ARCHS4--Coexpression(rank=52); ReMap--ChIP-seq(rank=113); GTEx--Coexpression(rank=143)","61","0.013530000000000000","Enrichr Queries,0.01353"
"MYB","0.4860356393597414226","0.4860356393597414226","0.4860356393597414226","Activated","213","viper","213","0.4860356393597414226",NA,NA,"6","Literature--ChIP-seq(rank=60); ENCODE--ChIP-seq(rank=85); ReMap--ChIP-seq(rank=280); ARCHS4--Coexpression(rank=443); GTEx--Coexpression(rank=786); Enrichr--Queries(rank=886)","872","0.272100000000000009","ARCHS4 Coexpression,0.2721"
"JUND","0.4366002053887453882","0.4366002053887453882","0.4366002053887453882","Activated","214","viper","214","0.4366002053887453882",NA,NA,"6","ENCODE--ChIP-seq(rank=17); Literature--ChIP-seq(rank=42); ReMap--ChIP-seq(rank=215); Enrichr--Queries(rank=848); ARCHS4--Coexpression(rank=1083); GTEx--Coexpression(rank=1533)","529","0.144100000000000006","ENCODE ChIP-seq,0.1441"
"PGR","0.4262173608991297602","0.4262173608991297602","0.4262173608991297602","Activated","215","viper","215","0.4262173608991297602",NA,NA,"4","GTEx--Coexpression(rank=85); ReMap--ChIP-seq(rank=181); ARCHS4--Coexpression(rank=382); Enrichr--Queries(rank=443)","220","0.052890000000000000","GTEx Coexpression,0.05289"
"PAX6","-0.4218380212947404617","-0.4218380212947404617","0.4218380212947404617","Repressed","216","viper","216","0.4218380212947404617",NA,NA,"5","Literature--ChIP-seq(rank=114); ReMap--ChIP-seq(rank=155); ARCHS4--Coexpression(rank=457); GTEx--Coexpression(rank=533); Enrichr--Queries(rank=821)","893","0.280700000000000005","ARCHS4 Coexpression,0.2807"
"WT1","0.4127461934373531927","0.4127461934373531927","0.4127461934373531927","Activated","217","viper","217","0.4127461934373531927",NA,NA,"4","Literature--ChIP-seq(rank=2); ARCHS4--Coexpression(rank=165); GTEx--Coexpression(rank=211); Enrichr--Queries(rank=645)","55","0.012200000000000001","Literature ChIP-seq,0.0122"
"NR1H2","0.4084396800217975354","0.4084396800217975354","0.4084396800217975354","Activated","218","viper","218","0.4084396800217975354",NA,NA,"4","ReMap--ChIP-seq(rank=70); GTEx--Coexpression(rank=698); Enrichr--Queries(rank=1331); ARCHS4--Coexpression(rank=1488)","787","0.235699999999999993","ReMap ChIP-seq,0.2357"
"KLF4","-0.3972469803802777255","-0.3972469803802777255","0.3972469803802777255","Repressed","219","viper","219","0.3972469803802777255",NA,NA,"5","Literature--ChIP-seq(rank=25); ReMap--ChIP-seq(rank=147); Enrichr--Queries(rank=236); GTEx--Coexpression(rank=421); ARCHS4--Coexpression(rank=454)","553","0.152400000000000008","Literature ChIP-seq,0.1524"
"ZEB1","0.3681567637151484940","0.3681567637151484940","0.3681567637151484940","Activated","220","viper","220","0.3681567637151484940",NA,NA,"5","ENCODE--ChIP-seq(rank=5); Enrichr--Queries(rank=14); ReMap--ChIP-seq(rank=137); GTEx--Coexpression(rank=145); ARCHS4--Coexpression(rank=845)","46","0.009972000000000000","Enrichr Queries,0.009972"
"SP3","0.3680226359982088358","0.3680226359982088358","0.3680226359982088358","Activated","221","viper","221","0.3680226359982088358",NA,NA,"3","Enrichr--Queries(rank=680); GTEx--Coexpression(rank=1472); ARCHS4--Coexpression(rank=1521)","1292","0.484300000000000008","Enrichr Queries,0.4843"
"TGIF2","-0.3533122876499686371","-0.3533122876499686371","0.3533122876499686371","Repressed","222","viper","222","0.3533122876499686371",NA,NA,"4","ARCHS4--Coexpression(rank=128); ReMap--ChIP-seq(rank=250); Enrichr--Queries(rank=802); GTEx--Coexpression(rank=825)","315","0.078619999999999995","ARCHS4 Coexpression,0.07862"
"PKNOX1","0.3523876623344503467","0.3523876623344503467","0.3523876623344503467","Activated","223","viper","223","0.3523876623344503467",NA,NA,"4","ReMap--ChIP-seq(rank=195); Enrichr--Queries(rank=706); ARCHS4--Coexpression(rank=904); GTEx--Coexpression(rank=1275)","1318","0.502800000000000025","Enrichr Queries,0.5028"
"RARA","-0.3419343200348421430","-0.3419343200348421430","0.3419343200348421430","Repressed","224","viper","224","0.3419343200348421430",NA,NA,"5","Literature--ChIP-seq(rank=3); ReMap--ChIP-seq(rank=173); GTEx--Coexpression(rank=771); ARCHS4--Coexpression(rank=806); Enrichr--Queries(rank=1100)","81","0.018290000000000001","Literature ChIP-seq,0.01829"
"BACH2","0.3405728337735290934","0.3405728337735290934","0.3405728337735290934","Activated","225","viper","225","0.3405728337735290934",NA,NA,"4","Enrichr--Queries(rank=12); ReMap--ChIP-seq(rank=199); ARCHS4--Coexpression(rank=283); GTEx--Coexpression(rank=1183)","38","0.008547000000000001","Enrichr Queries,0.008547"
"PPARG","0.3403229817291988368","0.3403229817291988368","0.3403229817291988368","Activated","226","viper","226","0.3403229817291988368",NA,NA,"5","GTEx--Coexpression(rank=10); ReMap--ChIP-seq(rank=47); Literature--ChIP-seq(rank=76); ARCHS4--Coexpression(rank=148); Enrichr--Queries(rank=353)","27","0.006223000000000000","GTEx Coexpression,0.006223"
"E2F7","0.3395001218540814603","0.3395001218540814603","0.3395001218540814603","Activated","227","viper","227","0.3395001218540814603",NA,NA,"5","ReMap--ChIP-seq(rank=28); Literature--ChIP-seq(rank=161); ARCHS4--Coexpression(rank=392); Enrichr--Queries(rank=1280); GTEx--Coexpression(rank=1314)","365","0.094280000000000003","ReMap ChIP-seq,0.09428"
"CREB1","0.3375388842125650046","0.3375388842125650046","0.3375388842125650046","Activated","228","viper","228","0.3375388842125650046",NA,NA,"6","ENCODE--ChIP-seq(rank=80); Literature--ChIP-seq(rank=123); ReMap--ChIP-seq(rank=269); Enrichr--Queries(rank=506); GTEx--Coexpression(rank=888); ARCHS4--Coexpression(rank=1592)","1057","0.360399999999999998","Enrichr Queries,0.3604"
"HHEX","-0.3335755096796072516","-0.3335755096796072516","0.3335755096796072516","Repressed","229","viper","229","0.3335755096796072516",NA,NA,"4","ReMap--ChIP-seq(rank=23); GTEx--Coexpression(rank=221); Enrichr--Queries(rank=900); ARCHS4--Coexpression(rank=1069)","311","0.077439999999999995","ReMap ChIP-seq,0.07744"
"GLI2","0.2974255409667607708","0.2974255409667607708","0.2974255409667607708","Activated","230","viper","230","0.2974255409667607708",NA,NA,"3","ARCHS4--Coexpression(rank=7); GTEx--Coexpression(rank=81); Enrichr--Queries(rank=167)","18","0.004300000000000000","ARCHS4 Coexpression,0.0043"
"STAT3","0.2968852638587996529","0.2968852638587996529","0.2968852638587996529","Activated","231","viper","231","0.2968852638587996529",NA,NA,"6","Literature--ChIP-seq(rank=14); ENCODE--ChIP-seq(rank=42); ReMap--ChIP-seq(rank=190); Enrichr--Queries(rank=840); ARCHS4--Coexpression(rank=872); GTEx--Coexpression(rank=1231)","335","0.085370000000000001","Literature ChIP-seq,0.08537"
"SOX2","0.2956964696778641155","0.2956964696778641155","0.2956964696778641155","Activated","232","viper","232","0.2956964696778641155",NA,NA,"5","Literature--ChIP-seq(rank=7); ReMap--ChIP-seq(rank=36); ARCHS4--Coexpression(rank=136); Enrichr--Queries(rank=444); GTEx--Coexpression(rank=856)","177","0.042680000000000003","Literature ChIP-seq,0.04268"
"STAT6","0.2856273540429090096","0.2856273540429090096","0.2856273540429090096","Activated","233","viper","233","0.2856273540429090096",NA,NA,"4","Literature--ChIP-seq(rank=93); ARCHS4--Coexpression(rank=752); Enrichr--Queries(rank=918); GTEx--Coexpression(rank=1129)","1256","0.461899999999999977","ARCHS4 Coexpression,0.4619"
"YY1","-0.2570726828966517497","-0.2570726828966517497","0.2570726828966517497","Repressed","234","viper","234","0.2570726828966517497",NA,NA,"6","ENCODE--ChIP-seq(rank=87); Literature--ChIP-seq(rank=111); GTEx--Coexpression(rank=207); ReMap--ChIP-seq(rank=287); Enrichr--Queries(rank=968); ARCHS4--Coexpression(rank=1335)","489","0.128799999999999998","GTEx Coexpression,0.1288"
"CEBPB","0.2453918003032598549","0.2453918003032598549","0.2453918003032598549","Activated","235","viper","235","0.2453918003032598549",NA,NA,"6","ENCODE--ChIP-seq(rank=12); Literature--ChIP-seq(rank=51); ReMap--ChIP-seq(rank=205); GTEx--Coexpression(rank=819); Enrichr--Queries(rank=829); ARCHS4--Coexpression(rank=888)","392","0.101700000000000013","ENCODE ChIP-seq,0.1017"
"HOXB13","0.2171500285627212534","0.2171500285627212534","0.2171500285627212534","Activated","236","viper","236","0.2171500285627212534",NA,NA,"4","ReMap--ChIP-seq(rank=117); GTEx--Coexpression(rank=152); ARCHS4--Coexpression(rank=263); Enrichr--Queries(rank=410)","366","0.094589999999999994","GTEx Coexpression,0.09459"
"ZBTB33","-0.2128261555740900979","-0.2128261555740900979","0.2128261555740900979","Repressed","237","viper","237","0.2128261555740900979",NA,NA,"5","ENCODE--ChIP-seq(rank=98); ReMap--ChIP-seq(rank=243); GTEx--Coexpression(rank=399); Enrichr--Queries(rank=883); ARCHS4--Coexpression(rank=1548)","814","0.248299999999999993","GTEx Coexpression,0.2483"
"SMAD4","-0.2118134721072756632","-0.2118134721072756632","0.2118134721072756632","Repressed","238","viper","238","0.2118134721072756632",NA,NA,"5","ReMap--ChIP-seq(rank=7); Literature--ChIP-seq(rank=16); Enrichr--Queries(rank=741); ARCHS4--Coexpression(rank=1189); GTEx--Coexpression(rank=1259)","99","0.023570000000000001","ReMap ChIP-seq,0.02357"
"NFATC2","-0.2115957888768620621","-0.2115957888768620621","0.2115957888768620621","Repressed","239","viper","239","0.2115957888768620621",NA,NA,"3","Enrichr--Queries(rank=123); ARCHS4--Coexpression(rank=424); GTEx--Coexpression(rank=1091)","344","0.087609999999999993","Enrichr Queries,0.08761"
"FOXJ2","0.1999431419156184053","0.1999431419156184053","0.1999431419156184053","Activated","240","viper","240","0.1999431419156184053",NA,NA,"4","ReMap--ChIP-seq(rank=62); ARCHS4--Coexpression(rank=419); Enrichr--Queries(rank=751); GTEx--Coexpression(rank=1405)","723","0.208800000000000013","ReMap ChIP-seq,0.2088"
"HINFP","-0.1899058913022988737","-0.1899058913022988737","0.1899058913022988737","Repressed","241","viper","241","0.1899058913022988737",NA,NA,"3","ReMap--ChIP-seq(rank=232); GTEx--Coexpression(rank=668); ARCHS4--Coexpression(rank=1166)","1176","0.415700000000000014","GTEx Coexpression,0.4157"
"SMAD1","0.1851799674123028594","0.1851799674123028594","0.1851799674123028594","Activated","242","viper","242","0.1851799674123028594",NA,NA,"5","Literature--ChIP-seq(rank=80); ReMap--ChIP-seq(rank=214); Enrichr--Queries(rank=468); GTEx--Coexpression(rank=1254); ARCHS4--Coexpression(rank=1497)","993","0.333299999999999985","Enrichr Queries,0.3333"
"FOXO4","-0.1732451549460385098","-0.1732451549460385098","0.1732451549460385098","Repressed","243","viper","243","0.1732451549460385098",NA,NA,"3","ARCHS4--Coexpression(rank=413); Enrichr--Queries(rank=473); GTEx--Coexpression(rank=1553)","824","0.253699999999999981","ARCHS4 Coexpression,0.2537"
"FOXO1","0.1688293485649217385","0.1688293485649217385","0.1688293485649217385","Activated","244","viper","244","0.1688293485649217385",NA,NA,"5","ReMap--ChIP-seq(rank=44); Literature--ChIP-seq(rank=81); Enrichr--Queries(rank=122); ARCHS4--Coexpression(rank=394); GTEx--Coexpression(rank=453)","341","0.086889999999999995","Enrichr Queries,0.08689"
"ZNF740","0.1602517045027832265","0.1602517045027832265","0.1602517045027832265","Activated","245","viper","245","0.1602517045027832265",NA,NA,"4","ReMap--ChIP-seq(rank=64); GTEx--Coexpression(rank=912); ARCHS4--Coexpression(rank=1146); Enrichr--Queries(rank=1146)","737","0.215499999999999997","ReMap ChIP-seq,0.2155"
"FOS","-0.1592249869329265544","-0.1592249869329265544","0.1592249869329265544","Repressed","246","viper","246","0.1592249869329265544",NA,NA,"5","ReMap--ChIP-seq(rank=55); ENCODE--ChIP-seq(rank=66); GTEx--Coexpression(rank=675); Enrichr--Queries(rank=699); ARCHS4--Coexpression(rank=1471)","651","0.185200000000000004","ReMap ChIP-seq,0.1852"
"RFX2","-0.1561724713425482192","-0.1561724713425482192","0.1561724713425482192","Repressed","247","viper","247","0.1561724713425482192",NA,NA,"4","Enrichr--Queries(rank=78); ReMap--ChIP-seq(rank=233); ARCHS4--Coexpression(rank=775); GTEx--Coexpression(rank=874)","230","0.055559999999999998","Enrichr Queries,0.05556"
"SNAPC4","-0.1533510909933468169","-0.1533510909933468169","0.1533510909933468169","Repressed","248","viper","248","0.1533510909933468169",NA,NA,"4","ReMap--ChIP-seq(rank=242); GTEx--Coexpression(rank=1146); Enrichr--Queries(rank=1393); ARCHS4--Coexpression(rank=1473)","1549","0.713099999999999845","GTEx Coexpression,0.7131"
"ZBED1","-0.1471007776812696122","-0.1471007776812696122","0.1471007776812696122","Repressed","249","viper","249","0.1471007776812696122",NA,NA,"4","ReMap--ChIP-seq(rank=198); Enrichr--Queries(rank=776); GTEx--Coexpression(rank=923); ARCHS4--Coexpression(rank=1575)","1383","0.552699999999999969","Enrichr Queries,0.5527"
"SOX9","-0.1318007535703100419","-0.1318007535703100419","0.1318007535703100419","Repressed","250","viper","250","0.1318007535703100419",NA,NA,"5","Literature--ChIP-seq(rank=58); Enrichr--Queries(rank=129); ReMap--ChIP-seq(rank=167); ARCHS4--Coexpression(rank=171); GTEx--Coexpression(rank=908)","358","0.091880000000000003","Enrichr Queries,0.09188"
"FOSL2","0.1248358919817018076","0.1248358919817018076","0.1248358919817018076","Activated","251","viper","251","0.1248358919817018076",NA,NA,"5","ENCODE--ChIP-seq(rank=30); ReMap--ChIP-seq(rank=138); Enrichr--Queries(rank=913); GTEx--Coexpression(rank=1099); ARCHS4--Coexpression(rank=1374)","826","0.254199999999999982","ENCODE ChIP-seq,0.2542"
"SRF","0.1231457129038918408","0.1231457129038918408","0.1231457129038918408","Activated","252","viper","252","0.1231457129038918408",NA,NA,"6","ENCODE--ChIP-seq(rank=86); Literature--ChIP-seq(rank=142); GTEx--Coexpression(rank=168); ReMap--ChIP-seq(rank=275); Enrichr--Queries(rank=1296); ARCHS4--Coexpression(rank=1430)","401","0.104499999999999996","GTEx Coexpression,0.1045"
"NRF1","0.1228517696430885681","0.1228517696430885681","0.1228517696430885681","Activated","253","viper","253","0.1228517696430885681",NA,NA,"5","ENCODE--ChIP-seq(rank=82); ReMap--ChIP-seq(rank=224); Enrichr--Queries(rank=625); ARCHS4--Coexpression(rank=654); GTEx--Coexpression(rank=844)","1148","0.401700000000000002","ARCHS4 Coexpression,0.4017"
"SREBF1","0.0948900347655425302","0.0948900347655425302","0.0948900347655425302","Activated","254","viper","254","0.0948900347655425302",NA,NA,"6","ENCODE--ChIP-seq(rank=70); Literature--ChIP-seq(rank=147); ReMap--ChIP-seq(rank=208); Enrichr--Queries(rank=524); ARCHS4--Coexpression(rank=890); GTEx--Coexpression(rank=1565)","1082","0.373199999999999976","Enrichr Queries,0.3732"
"TP53","-0.0944213059597519139","-0.0944213059597519139","0.0944213059597519139","Repressed","255","viper","255","0.0944213059597519139",NA,NA,"5","Literature--ChIP-seq(rank=10); ReMap--ChIP-seq(rank=165); ARCHS4--Coexpression(rank=822); GTEx--Coexpression(rank=990); Enrichr--Queries(rank=1245)","253","0.060979999999999999","Literature ChIP-seq,0.06098"
"ARID3A","0.0873457066083752065","0.0873457066083752065","0.0873457066083752065","Activated","256","viper","256","0.0873457066083752065",NA,NA,"5","ENCODE--ChIP-seq(rank=93); ReMap--ChIP-seq(rank=251); Enrichr--Queries(rank=520); ARCHS4--Coexpression(rank=814); GTEx--Coexpression(rank=1403)","1075","0.370400000000000007","Enrichr Queries,0.3704"
"NFIC","-0.0861735474901514920","-0.0861735474901514920","0.0861735474901514920","Repressed","257","viper","257","0.0861735474901514920",NA,NA,"5","ENCODE--ChIP-seq(rank=84); ReMap--ChIP-seq(rank=92); Enrichr--Queries(rank=298); ARCHS4--Coexpression(rank=346); GTEx--Coexpression(rank=977)","732","0.212299999999999989","Enrichr Queries,0.2123"
"LEF1","-0.0767255020942999855","-0.0767255020942999855","0.0767255020942999855","Repressed","258","viper","258","0.0767255020942999855",NA,NA,"4","ReMap--ChIP-seq(rank=150); ARCHS4--Coexpression(rank=417); Enrichr--Queries(rank=594); GTEx--Coexpression(rank=972)","831","0.256099999999999994","ARCHS4 Coexpression,0.2561"
"SMAD3","0.0711664445582772809","0.0711664445582772809","0.0711664445582772809","Activated","259","viper","259","0.0711664445582772809",NA,NA,"5","Literature--ChIP-seq(rank=20); Enrichr--Queries(rank=60); ReMap--ChIP-seq(rank=77); ARCHS4--Coexpression(rank=105); GTEx--Coexpression(rank=409)","178","0.042740000000000000","Enrichr Queries,0.04274"
"REST","-0.0513714930675056580","-0.0513714930675056580","0.0513714930675056580","Repressed","260","viper","260","0.0513714930675056580",NA,NA,"6","ENCODE--ChIP-seq(rank=6); Literature--ChIP-seq(rank=29); ReMap--ChIP-seq(rank=78); ARCHS4--Coexpression(rank=338); GTEx--Coexpression(rank=502); Enrichr--Queries(rank=642)","209","0.050849999999999999","ENCODE ChIP-seq,0.05085"
"FOXA1","-0.0417180504745681691","-0.0417180504745681691","0.0417180504745681691","Repressed","261","viper","261","0.0417180504745681691",NA,NA,"6","ENCODE--ChIP-seq(rank=44); ReMap--ChIP-seq(rank=46); ARCHS4--Coexpression(rank=94); Literature--ChIP-seq(rank=120); Enrichr--Queries(rank=307); GTEx--Coexpression(rank=701)","238","0.057740000000000000","ARCHS4 Coexpression,0.05774"
"GATA1","-0.0369946252094498149","-0.0369946252094498149","0.0369946252094498149","Repressed","262","viper","262","0.0369946252094498149",NA,NA,"6","ENCODE--ChIP-seq(rank=35); Literature--ChIP-seq(rank=46); ReMap--ChIP-seq(rank=253); ARCHS4--Coexpression(rank=476); Enrichr--Queries(rank=775); GTEx--Coexpression(rank=1191)","890","0.280500000000000027","Literature ChIP-seq,0.2805"
"RFX1","-0.0311461761038541000","-0.0311461761038541000","0.0311461761038541000","Repressed","263","viper","263","0.0311461761038541000",NA,NA,"4","ReMap--ChIP-seq(rank=207); GTEx--Coexpression(rank=655); ARCHS4--Coexpression(rank=1220); Enrichr--Queries(rank=1315)","1158","0.407600000000000018","GTEx Coexpression,0.4076"
"FOXK2","-0.0207265551706140201","-0.0207265551706140201","0.0207265551706140201","Repressed","264","viper","264","0.0207265551706140201",NA,NA,"4","ReMap--ChIP-seq(rank=211); GTEx--Coexpression(rank=629); Enrichr--Queries(rank=769); ARCHS4--Coexpression(rank=1457)","1127","0.391400000000000026","GTEx Coexpression,0.3914"
"EGR1","-0.0162804736540937793","-0.0162804736540937793","0.0162804736540937793","Repressed","265","viper","265","0.0162804736540937793",NA,NA,"6","Literature--ChIP-seq(rank=27); ENCODE--ChIP-seq(rank=34); ReMap--ChIP-seq(rank=91); GTEx--Coexpression(rank=545); Enrichr--Queries(rank=651); ARCHS4--Coexpression(rank=698)","592","0.164599999999999996","Literature ChIP-seq,0.1646"
"ETV4","0.0096689242331702441","0.0096689242331702441","0.0096689242331702441","Activated","266","viper","266","0.0096689242331702441",NA,NA,"4","Enrichr--Queries(rank=226); ReMap--ChIP-seq(rank=249); ARCHS4--Coexpression(rank=261); GTEx--Coexpression(rank=708)","579","0.160299999999999998","ARCHS4 Coexpression,0.1603"
"STAT4","-0.0053305238478508219","-0.0053305238478508219","0.0053305238478508219","Repressed","267","viper","267","0.0053305238478508219",NA,NA,"4","Literature--ChIP-seq(rank=113); ARCHS4--Coexpression(rank=546); Enrichr--Queries(rank=1131); GTEx--Coexpression(rank=1233)","998","0.335399999999999920","ARCHS4 Coexpression,0.3354"
"CREB3L1","0.0035149142252100794","0.0035149142252100794","0.0035149142252100794","Activated","268","viper","268","0.0035149142252100794",NA,NA,"4","ARCHS4--Coexpression(rank=12); Enrichr--Queries(rank=100); ReMap--ChIP-seq(rank=196); GTEx--Coexpression(rank=346)","33","0.007371000000000000","ARCHS4 Coexpression,0.007371"
"KLF3","0.0006801382275662927","0.0006801382275662927","0.0006801382275662927","Activated","269","viper","269","0.0006801382275662927",NA,NA,"4","ReMap--ChIP-seq(rank=119); Enrichr--Queries(rank=152); GTEx--Coexpression(rank=479); ARCHS4--Coexpression(rank=673)","415","0.108299999999999993","Enrichr Queries,0.1083"
