"TF","HD_SW480","Activity_Score_Mean","Score","Method_Direction","Rank","Method","Method_Rank","Method_Score","Method_P_Value","Method_Adjusted_P_Value","CheA3_Library_Count","CheA3_Libraries","CheA3_Integrated_TopRank","CheA3_Integrated_Score","CheA3_Integrated_Library"
"TEAD1","4.607912988474492266","4.607912988474492266","4.607912988474492266","Activated","1","viper","1","4.607912988474492266",NA,NA,"4","ReMap--ChIP-seq(rank=25); Enrichr--Queries(rank=30); ARCHS4--Coexpression(rank=40); GTEx--Coexpression(rank=172)","99","0.02137000000000000","Enrichr Queries,0.02137"
"MEF2C","4.542585449665485164","4.542585449665485164","4.542585449665485164","Activated","2","viper","2","4.542585449665485164",NA,NA,"5","ENCODE--ChIP-seq(rank=78); Enrichr--Queries(rank=144); ReMap--ChIP-seq(rank=208); ARCHS4--Coexpression(rank=321); GTEx--Coexpression(rank=970)","392","0.10260000000000000","Enrichr Queries,0.1026"
"FOXP1","-4.492926488676022956","-4.492926488676022956","4.492926488676022956","Repressed","3","viper","3","4.492926488676022956",NA,NA,"5","GTEx--Coexpression(rank=10); Enrichr--Queries(rank=84); Literature--ChIP-seq(rank=96); ReMap--ChIP-seq(rank=277); ARCHS4--Coexpression(rank=805)","30","0.00622300000000000","GTEx Coexpression,0.006223"
"MEF2A","4.347803635848453752","4.347803635848453752","4.347803635848453752","Activated","4","viper","4","4.347803635848453752",NA,NA,"6","Literature--ChIP-seq(rank=57); ENCODE--ChIP-seq(rank=64); ReMap--ChIP-seq(rank=263); Enrichr--Queries(rank=364); ARCHS4--Coexpression(rank=433); GTEx--Coexpression(rank=488)","766","0.25929999999999997","Enrichr Queries,0.2593"
"RUNX2","4.219413714108492641","4.219413714108492641","4.219413714108492641","Activated","5","viper","5","4.219413714108492641",NA,NA,"5","ReMap--ChIP-seq(rank=7); Enrichr--Queries(rank=14); Literature--ChIP-seq(rank=30); GTEx--Coexpression(rank=98); ARCHS4--Coexpression(rank=122)","48","0.00997200000000000","Enrichr Queries,0.009972"
"TCF12","3.955607545843295103","3.955607545843295103","3.955607545843295103","Activated","6","viper","6","3.955607545843295103",NA,NA,"5","ENCODE--ChIP-seq(rank=6); ReMap--ChIP-seq(rank=68); ARCHS4--Coexpression(rank=136); GTEx--Coexpression(rank=243); Enrichr--Queries(rank=511)","221","0.05085000000000000","ENCODE ChIP-seq,0.05085"
"CEBPA","3.896766394937472455","3.896766394937472455","3.896766394937472455","Activated","7","viper","7","3.896766394937472455",NA,NA,"5","ReMap--ChIP-seq(rank=122); Literature--ChIP-seq(rank=133); ARCHS4--Coexpression(rank=434); Enrichr--Queries(rank=487); GTEx--Coexpression(rank=721)","779","0.26660000000000000","ARCHS4 Coexpression,0.2666"
"NCOA3","3.862819334106512681","3.862819334106512681","3.862819334106512681","Activated","8","viper","8","3.862819334106512681",NA,NA,"4","ReMap--ChIP-seq(rank=137); ARCHS4--Coexpression(rank=343); Enrichr--Queries(rank=752); GTEx--Coexpression(rank=949)","667","0.21070000000000000","ARCHS4 Coexpression,0.2107"
"MYC","-3.833846762284778276","-3.833846762284778276","3.833846762284778276","Repressed","9","viper","9","3.833846762284778276",NA,NA,"6","ENCODE--ChIP-seq(rank=60); Literature--ChIP-seq(rank=67); ReMap--ChIP-seq(rank=195); GTEx--Coexpression(rank=314); Enrichr--Queries(rank=497); ARCHS4--Coexpression(rank=966)","632","0.19539999999999999","GTEx Coexpression,0.1954"
"ARNT","3.808921203714265236","3.808921203714265236","3.808921203714265236","Activated","10","viper","10","3.808921203714265236",NA,NA,"5","Literature--ChIP-seq(rank=26); ReMap--ChIP-seq(rank=82); GTEx--Coexpression(rank=211); ARCHS4--Coexpression(rank=600); Enrichr--Queries(rank=849)","476","0.13130000000000000","GTEx Coexpression,0.1313"
"TCF4","3.648977289229216048","3.648977289229216048","3.648977289229216048","Activated","11","viper","11","3.648977289229216048",NA,NA,"5","ReMap--ChIP-seq(rank=14); Enrichr--Queries(rank=31); Literature--ChIP-seq(rank=45); ARCHS4--Coexpression(rank=320); GTEx--Coexpression(rank=546)","102","0.02208000000000000","Enrichr Queries,0.02208"
"ETS1","3.610518710089244188","3.610518710089244188","3.610518710089244188","Activated","12","viper","12","3.610518710089244188",NA,NA,"6","ENCODE--ChIP-seq(rank=7); Enrichr--Queries(rank=48); ARCHS4--Coexpression(rank=86); GTEx--Coexpression(rank=95); Literature--ChIP-seq(rank=164); ReMap--ChIP-seq(rank=200)","158","0.03419000000000000","Enrichr Queries,0.03419"
"LHX2","3.586462738371884118","3.586462738371884118","3.586462738371884118","Activated","13","viper","13","3.586462738371884118",NA,NA,"4","GTEx--Coexpression(rank=148); ReMap--ChIP-seq(rank=290); ARCHS4--Coexpression(rank=435); Enrichr--Queries(rank=476)","360","0.09210000000000000","GTEx Coexpression,0.0921"
"STAT2","3.482301723432148055","3.482301723432148055","3.482301723432148055","Activated","14","viper","14","3.482301723432148055",NA,NA,"5","ENCODE--ChIP-seq(rank=27); ReMap--ChIP-seq(rank=62); ARCHS4--Coexpression(rank=225); Enrichr--Queries(rank=537); GTEx--Coexpression(rank=727)","491","0.13819999999999999","ARCHS4 Coexpression,0.1382"
"TBP","3.473738643537438886","3.473738643537438886","3.473738643537438886","Activated","15","viper","15","3.473738643537438886",NA,NA,"5","ENCODE--ChIP-seq(rank=68); Literature--ChIP-seq(rank=126); ReMap--ChIP-seq(rank=250); ARCHS4--Coexpression(rank=1280); GTEx--Coexpression(rank=1454)","1326","0.57630000000000003","ENCODE ChIP-seq,0.5763"
"ONECUT1","3.461453381697824572","3.461453381697824572","3.461453381697824572","Activated","16","viper","16","3.461453381697824572",NA,NA,"4","ReMap--ChIP-seq(rank=96); Enrichr--Queries(rank=546); ARCHS4--Coexpression(rank=624); GTEx--Coexpression(rank=927)","886","0.32319999999999999","ReMap ChIP-seq,0.3232"
"ETV4","3.396252627177331895","3.396252627177331895","3.396252627177331895","Activated","17","viper","17","3.396252627177331895",NA,NA,"4","ReMap--ChIP-seq(rank=191); Enrichr--Queries(rank=334); ARCHS4--Coexpression(rank=691); GTEx--Coexpression(rank=1062)","721","0.23790000000000000","Enrichr Queries,0.2379"
"POU5F1","3.373155579685720884","3.373155579685720884","3.373155579685720884","Activated","18","viper","18","3.373155579685720884",NA,NA,"5","Literature--ChIP-seq(rank=54); ReMap--ChIP-seq(rank=160); GTEx--Coexpression(rank=252); ARCHS4--Coexpression(rank=607); Enrichr--Queries(rank=717)","533","0.15679999999999999","GTEx Coexpression,0.1568"
"ZNF384","3.353782538542066760","3.353782538542066760","3.353782538542066760","Activated","19","viper","19","3.353782538542066760",NA,NA,"5","ENCODE--ChIP-seq(rank=31); ReMap--ChIP-seq(rank=274); GTEx--Coexpression(rank=796); Enrichr--Queries(rank=1291); ARCHS4--Coexpression(rank=1509)","771","0.26269999999999999","ENCODE ChIP-seq,0.2627"
"MAFF","3.319010775322667861","3.319010775322667861","3.319010775322667861","Activated","20","viper","20","3.319010775322667861",NA,NA,"5","ENCODE--ChIP-seq(rank=98); Enrichr--Queries(rank=208); ReMap--ChIP-seq(rank=227); GTEx--Coexpression(rank=325); ARCHS4--Coexpression(rank=1087)","515","0.14810000000000001","Enrichr Queries,0.1481"
"SPI1","3.284000380079434400","3.284000380079434400","3.284000380079434400","Activated","21","viper","21","3.284000380079434400",NA,NA,"6","ENCODE--ChIP-seq(rank=56); Literature--ChIP-seq(rank=60); ReMap--ChIP-seq(rank=92); ARCHS4--Coexpression(rank=465); GTEx--Coexpression(rank=634); Enrichr--Queries(rank=1063)","809","0.28560000000000002","ARCHS4 Coexpression,0.2856"
"ATF3","-3.204100148678989513","-3.204100148678989513","3.204100148678989513","Repressed","22","viper","22","3.204100148678989513",NA,NA,"6","ARCHS4--Coexpression(rank=30); Literature--ChIP-seq(rank=85); ENCODE--ChIP-seq(rank=92); ReMap--ChIP-seq(rank=221); Enrichr--Queries(rank=312); GTEx--Coexpression(rank=629)","85","0.01843000000000000","ARCHS4 Coexpression,0.01843"
"MEIS2","3.146574589015779466","3.146574589015779466","3.146574589015779466","Activated","23","viper","23","3.146574589015779466",NA,NA,"4","ARCHS4--Coexpression(rank=87); Enrichr--Queries(rank=168); ReMap--ChIP-seq(rank=197); GTEx--Coexpression(rank=230)","232","0.05344000000000000","ARCHS4 Coexpression,0.05344"
"E2F1","3.134483140788636213","3.134483140788636213","3.134483140788636213","Activated","24","viper","24","3.134483140788636213",NA,NA,"6","ENCODE--ChIP-seq(rank=63); Literature--ChIP-seq(rank=94); ReMap--ChIP-seq(rank=271); GTEx--Coexpression(rank=1074); ARCHS4--Coexpression(rank=1158); Enrichr--Queries(rank=1277)","1268","0.53390000000000004","ENCODE ChIP-seq,0.5339"
"KLF13","-3.134307698631455086","-3.134307698631455086","3.134307698631455086","Repressed","25","viper","25","3.134307698631455086",NA,NA,"4","ReMap--ChIP-seq(rank=90); Enrichr--Queries(rank=233); ARCHS4--Coexpression(rank=364); GTEx--Coexpression(rank=699)","556","0.16600000000000001","Enrichr Queries,0.166"
"JUNB","3.093280181792764427","3.093280181792764427","3.093280181792764427","Activated","26","viper","26","3.093280181792764427",NA,NA,"4","ARCHS4--Coexpression(rank=74); ReMap--ChIP-seq(rank=214); Enrichr--Queries(rank=447); GTEx--Coexpression(rank=532)","200","0.04545000000000000","ARCHS4 Coexpression,0.04545"
"USF2","2.964469407427040348","2.964469407427040348","2.964469407427040348","Activated","27","viper","27","2.964469407427040348",NA,NA,"5","ENCODE--ChIP-seq(rank=75); ReMap--ChIP-seq(rank=224); GTEx--Coexpression(rank=446); Enrichr--Queries(rank=1095); ARCHS4--Coexpression(rank=1484)","791","0.27750000000000002","GTEx Coexpression,0.2775"
"PDX1","2.955551477745427480","2.955551477745427480","2.955551477745427480","Activated","28","viper","28","2.955551477745427480",NA,NA,"5","Literature--ChIP-seq(rank=151); ReMap--ChIP-seq(rank=185); ARCHS4--Coexpression(rank=295); Enrichr--Queries(rank=768); GTEx--Coexpression(rank=844)","593","0.18120000000000000","ARCHS4 Coexpression,0.1812"
"E2F7","2.856936397404128858","2.856936397404128858","2.856936397404128858","Activated","29","viper","29","2.856936397404128858",NA,NA,"5","ReMap--ChIP-seq(rank=91); Literature--ChIP-seq(rank=141); ARCHS4--Coexpression(rank=635); GTEx--Coexpression(rank=1268); Enrichr--Queries(rank=1283)","850","0.30640000000000001","ReMap ChIP-seq,0.3064"
"HNF1A","-2.831891700861475236","-2.831891700861475236","2.831891700861475236","Repressed","30","viper","30","2.831891700861475236",NA,NA,"3","ARCHS4--Coexpression(rank=523); Enrichr--Queries(rank=598); GTEx--Coexpression(rank=842)","883","0.32129999999999992","ARCHS4 Coexpression,0.3213"
"KLF6","2.777388770392376305","2.777388770392376305","2.777388770392376305","Activated","31","viper","31","2.777388770392376305",NA,NA,"4","ReMap--ChIP-seq(rank=5); ARCHS4--Coexpression(rank=102); Enrichr--Queries(rank=398); GTEx--Coexpression(rank=697)","76","0.01684000000000000","ReMap ChIP-seq,0.01684"
"IRF4","2.734937526540058172","2.734937526540058172","2.734937526540058172","Activated","32","viper","32","2.734937526540058172",NA,NA,"5","ARCHS4--Coexpression(rank=72); ENCODE--ChIP-seq(rank=116); ReMap--ChIP-seq(rank=173); Enrichr--Queries(rank=592); GTEx--Coexpression(rank=878)","195","0.04423000000000000","ARCHS4 Coexpression,0.04423"
"TEAD4","2.731809896420184458","2.731809896420184458","2.731809896420184458","Activated","33","viper","33","2.731809896420184458",NA,NA,"6","ENCODE--ChIP-seq(rank=29); Literature--ChIP-seq(rank=51); ReMap--ChIP-seq(rank=54); Enrichr--Queries(rank=462); ARCHS4--Coexpression(rank=818); GTEx--Coexpression(rank=953)","595","0.18179999999999999","ReMap ChIP-seq,0.1818"
"MEIS1","2.723480215324098896","2.723480215324098896","2.723480215324098896","Activated","34","viper","34","2.723480215324098896",NA,NA,"5","Enrichr--Queries(rank=36); Literature--ChIP-seq(rank=49); GTEx--Coexpression(rank=210); ReMap--ChIP-seq(rank=241); ARCHS4--Coexpression(rank=776)","117","0.02564000000000000","Enrichr Queries,0.02564"
"SP3","2.690018499936377872","2.690018499936377872","2.690018499936377872","Activated","35","viper","35","2.690018499936377872",NA,NA,"3","GTEx--Coexpression(rank=604); ARCHS4--Coexpression(rank=982); Enrichr--Queries(rank=1107)","986","0.37590000000000001","GTEx Coexpression,0.3759"
"CLOCK","2.680189199587581061","2.680189199587581061","2.680189199587581061","Activated","36","viper","36","2.680189199587581061",NA,NA,"5","Literature--ChIP-seq(rank=89); ReMap--ChIP-seq(rank=131); ARCHS4--Coexpression(rank=611); Enrichr--Queries(rank=1136); GTEx--Coexpression(rank=1216)","985","0.37530000000000002","ARCHS4 Coexpression,0.3753"
"RBPJ","2.671823042475469645","2.671823042475469645","2.671823042475469645","Activated","37","viper","37","2.671823042475469645",NA,NA,"5","Literature--ChIP-seq(rank=144); ReMap--ChIP-seq(rank=268); Enrichr--Queries(rank=603); GTEx--Coexpression(rank=1049); ARCHS4--Coexpression(rank=1171)","1076","0.42949999999999999","Enrichr Queries,0.4295"
"NFE2L1","2.661289309596805985","2.661289309596805985","2.661289309596805985","Activated","38","viper","38","2.661289309596805985",NA,NA,"4","ReMap--ChIP-seq(rank=266); GTEx--Coexpression(rank=824); Enrichr--Queries(rank=873); ARCHS4--Coexpression(rank=1363)","1230","0.51280000000000003","GTEx Coexpression,0.5128"
"MYBL2","2.571342664806140377","2.571342664806140377","2.571342664806140377","Activated","39","viper","39","2.571342664806140377",NA,NA,"6","ENCODE--ChIP-seq(rank=114); Literature--ChIP-seq(rank=154); ReMap--ChIP-seq(rank=259); ARCHS4--Coexpression(rank=965); GTEx--Coexpression(rank=989); Enrichr--Queries(rank=1376)","1350","0.59279999999999999","ARCHS4 Coexpression,0.5928"
"IRF2","2.539233753996656962","2.539233753996656962","2.539233753996656962","Activated","40","viper","40","2.539233753996656962",NA,NA,"4","ARCHS4--Coexpression(rank=180); ReMap--ChIP-seq(rank=194); Enrichr--Queries(rank=342); GTEx--Coexpression(rank=440)","416","0.11060000000000000","ARCHS4 Coexpression,0.1106"
"IRF9","2.539072555036126388","2.539072555036126388","2.539072555036126388","Activated","41","viper","41","2.539072555036126388",NA,NA,"4","ReMap--ChIP-seq(rank=60); GTEx--Coexpression(rank=67); ARCHS4--Coexpression(rank=216); Enrichr--Queries(rank=496)","184","0.04169000000000000","GTEx Coexpression,0.04169"
"NR2C2","-2.495512915310210023","-2.495512915310210023","2.495512915310210023","Repressed","42","viper","42","2.495512915310210023",NA,NA,"5","ENCODE--ChIP-seq(rank=88); ReMap--ChIP-seq(rank=278); Enrichr--Queries(rank=1166); ARCHS4--Coexpression(rank=1439); GTEx--Coexpression(rank=1493)","1524","0.74580000000000002","ENCODE ChIP-seq,0.7458"
"NCOA1","2.439776635949647776","2.439776635949647776","2.439776635949647776","Activated","43","viper","43","2.439776635949647776",NA,NA,"4","ARCHS4--Coexpression(rank=88); ReMap--ChIP-seq(rank=209); GTEx--Coexpression(rank=512); Enrichr--Queries(rank=514)","234","0.05405000000000000","ARCHS4 Coexpression,0.05405"
"CUX1","2.410032606207932471","2.410032606207932471","2.410032606207932471","Activated","44","viper","44","2.410032606207932471",NA,NA,"6","ENCODE--ChIP-seq(rank=87); Literature--ChIP-seq(rank=111); ReMap--ChIP-seq(rank=121); Enrichr--Queries(rank=293); GTEx--Coexpression(rank=365); ARCHS4--Coexpression(rank=898)","662","0.20870000000000000","Enrichr Queries,0.2087"
"NFKB1","2.409840943108280786","2.409840943108280786","2.409840943108280786","Activated","45","viper","45","2.409840943108280786",NA,NA,"4","ARCHS4--Coexpression(rank=80); ReMap--ChIP-seq(rank=151); Enrichr--Queries(rank=452); GTEx--Coexpression(rank=470)","214","0.04914000000000000","ARCHS4 Coexpression,0.04914"
"LEF1","2.400982408899758003","2.400982408899758003","2.400982408899758003","Activated","46","viper","46","2.400982408899758003",NA,NA,"4","ARCHS4--Coexpression(rank=52); Enrichr--Queries(rank=126); ReMap--ChIP-seq(rank=175); GTEx--Coexpression(rank=542)","147","0.03194000000000000","ARCHS4 Coexpression,0.03194"
"MYCN","2.376636265600705400","2.376636265600705400","2.376636265600705400","Activated","47","viper","47","2.376636265600705400",NA,NA,"5","GTEx--Coexpression(rank=97); ReMap--ChIP-seq(rank=101); Literature--ChIP-seq(rank=125); Enrichr--Queries(rank=372); ARCHS4--Coexpression(rank=493)","254","0.06036000000000000","GTEx Coexpression,0.06036"
"RFX5","2.375641458371648085","2.375641458371648085","2.375641458371648085","Activated","48","viper","48","2.375641458371648085",NA,NA,"5","ENCODE--ChIP-seq(rank=37); ReMap--ChIP-seq(rank=228); GTEx--Coexpression(rank=594); Enrichr--Queries(rank=770); ARCHS4--Coexpression(rank=1198)","865","0.31359999999999999","ENCODE ChIP-seq,0.3136"
"SP4","2.370176189028921687","2.370176189028921687","2.370176189028921687","Activated","49","viper","49","2.370176189028921687",NA,NA,"5","ENCODE--ChIP-seq(rank=104); ReMap--ChIP-seq(rank=269); ARCHS4--Coexpression(rank=813); Enrichr--Queries(rank=830); GTEx--Coexpression(rank=1146)","1213","0.49940000000000001","ARCHS4 Coexpression,0.4994"
"BACH2","2.351501447524792621","2.351501447524792621","2.351501447524792621","Activated","50","viper","50","2.351501447524792621",NA,NA,"4","Enrichr--Queries(rank=55); ReMap--ChIP-seq(rank=145); ARCHS4--Coexpression(rank=395); GTEx--Coexpression(rank=742)","173","0.03917000000000000","Enrichr Queries,0.03917"
"ATF4","-2.314334627872072225","-2.314334627872072225","2.314334627872072225","Repressed","51","viper","51","2.314334627872072225",NA,NA,"4","ReMap--ChIP-seq(rank=44); GTEx--Coexpression(rank=58); Enrichr--Queries(rank=1249); ARCHS4--Coexpression(rank=1369)","163","0.03609000000000000","GTEx Coexpression,0.03609"
"NFATC1","2.278704258201502686","2.278704258201502686","2.278704258201502686","Activated","52","viper","52","2.278704258201502686",NA,NA,"5","ARCHS4--Coexpression(rank=73); ENCODE--ChIP-seq(rank=118); Enrichr--Queries(rank=203); ReMap--ChIP-seq(rank=260); GTEx--Coexpression(rank=716)","197","0.04484000000000000","ARCHS4 Coexpression,0.04484"
"ZNF263","2.241075024534515236","2.241075024534515236","2.241075024534515236","Activated","53","viper","53","2.241075024534515236",NA,NA,"6","ENCODE--ChIP-seq(rank=4); ReMap--ChIP-seq(rank=38); Literature--ChIP-seq(rank=130); Enrichr--Queries(rank=998); GTEx--Coexpression(rank=1439); ARCHS4--Coexpression(rank=1563)","157","0.03390000000000000","ENCODE ChIP-seq,0.0339"
"NR2F6","2.238192577295329944","2.238192577295329944","2.238192577295329944","Activated","54","viper","54","2.238192577295329944",NA,NA,"4","ReMap--ChIP-seq(rank=61); GTEx--Coexpression(rank=615); ARCHS4--Coexpression(rank=760); Enrichr--Queries(rank=940)","651","0.20540000000000000","ReMap ChIP-seq,0.2054"
"GFI1B","2.222081363297458978","2.222081363297458978","2.222081363297458978","Activated","55","viper","55","2.222081363297458978",NA,NA,"5","ReMap--ChIP-seq(rank=117); Literature--ChIP-seq(rank=131); ARCHS4--Coexpression(rank=472); GTEx--Coexpression(rank=719); Enrichr--Queries(rank=756)","818","0.28989999999999999","ARCHS4 Coexpression,0.2899"
"GATA3","2.214041270062897304","2.214041270062897304","2.214041270062897304","Activated","56","viper","56","2.214041270062897304",NA,NA,"6","ENCODE--ChIP-seq(rank=16); ReMap--ChIP-seq(rank=32); Literature--ChIP-seq(rank=76); Enrichr--Queries(rank=77); ARCHS4--Coexpression(rank=249); GTEx--Coexpression(rank=356)","238","0.05484000000000000","Enrichr Queries,0.05484"
"STAT1","2.211589426364242605","2.211589426364242605","2.211589426364242605","Activated","57","viper","57","2.211589426364242605",NA,NA,"6","ENCODE--ChIP-seq(rank=15); ReMap--ChIP-seq(rank=16); ARCHS4--Coexpression(rank=79); Literature--ChIP-seq(rank=153); Enrichr--Queries(rank=421); GTEx--Coexpression(rank=925)","211","0.04853000000000000","ARCHS4 Coexpression,0.04853"
"TFDP1","2.176749433529124644","2.176749433529124644","2.176749433529124644","Activated","58","viper","58","2.176749433529124644",NA,NA,"4","ReMap--ChIP-seq(rank=283); GTEx--Coexpression(rank=1152); Enrichr--Queries(rank=1386); ARCHS4--Coexpression(rank=1396)","1502","0.71689999999999998","GTEx Coexpression,0.7169"
"SP1","2.133739916758593314","2.133739916758593314","2.133739916758593314","Activated","59","viper","59","2.133739916758593314",NA,NA,"5","ENCODE--ChIP-seq(rank=72); ReMap--ChIP-seq(rank=193); GTEx--Coexpression(rank=555); Enrichr--Queries(rank=995); ARCHS4--Coexpression(rank=1076)","926","0.34539999999999998","GTEx Coexpression,0.3454"
"NR3C1","-2.106018233781777216","-2.106018233781777216","2.106018233781777216","Repressed","60","viper","60","2.106018233781777216",NA,NA,"6","ENCODE--ChIP-seq(rank=20); Literature--ChIP-seq(rank=50); ARCHS4--Coexpression(rank=160); ReMap--ChIP-seq(rank=172); Enrichr--Queries(rank=325); GTEx--Coexpression(rank=1092)","374","0.09828000000000001","ARCHS4 Coexpression,0.09828"
"GABPA","2.079033543031510778","2.079033543031510778","2.079033543031510778","Activated","61","viper","61","2.079033543031510778",NA,NA,"6","Literature--ChIP-seq(rank=23); ENCODE--ChIP-seq(rank=44); ReMap--ChIP-seq(rank=258); GTEx--Coexpression(rank=1042); Enrichr--Queries(rank=1319); ARCHS4--Coexpression(rank=1385)","495","0.14019999999999999","Literature ChIP-seq,0.1402"
"MAFK","2.062427554451091272","2.062427554451091272","2.062427554451091272","Activated","62","viper","62","2.062427554451091272",NA,NA,"5","ENCODE--ChIP-seq(rank=25); GTEx--Coexpression(rank=174); ReMap--ChIP-seq(rank=206); Enrichr--Queries(rank=473); ARCHS4--Coexpression(rank=1071)","411","0.10829999999999999","GTEx Coexpression,0.1083"
"CREB3L1","2.049824563143681111","2.049824563143681111","2.049824563143681111","Activated","63","viper","63","2.049824563143681111",NA,NA,"4","ARCHS4--Coexpression(rank=18); Enrichr--Queries(rank=111); ReMap--ChIP-seq(rank=135); GTEx--Coexpression(rank=510)","53","0.01106000000000000","ARCHS4 Coexpression,0.01106"
"MEF2B","2.022173327107539276","2.022173327107539276","2.022173327107539276","Activated","64","viper","64","2.022173327107539276",NA,NA,"4","ReMap--ChIP-seq(rank=202); GTEx--Coexpression(rank=401); Enrichr--Queries(rank=503); ARCHS4--Coexpression(rank=504)","744","0.24950000000000000","GTEx Coexpression,0.2495"
"JUN","2.012048826351813702","2.012048826351813702","2.012048826351813702","Activated","65","viper","65","2.012048826351813702",NA,NA,"6","ENCODE--ChIP-seq(rank=26); Literature--ChIP-seq(rank=84); ReMap--ChIP-seq(rank=127); GTEx--Coexpression(rank=189); ARCHS4--Coexpression(rank=208); Enrichr--Queries(rank=223)","441","0.11760000000000000","GTEx Coexpression,0.1176"
"RUNX3","-1.990425510231008221","-1.990425510231008221","1.990425510231008221","Repressed","66","viper","66","1.990425510231008221",NA,NA,"5","ENCODE--ChIP-seq(rank=93); ReMap--ChIP-seq(rank=143); Enrichr--Queries(rank=279); ARCHS4--Coexpression(rank=300); GTEx--Coexpression(rank=321)","600","0.18429999999999999","ARCHS4 Coexpression,0.1843"
"TCF7","1.940890382191197361","1.940890382191197361","1.940890382191197361","Activated","67","viper","67","1.940890382191197361",NA,NA,"5","Literature--ChIP-seq(rank=52); ARCHS4--Coexpression(rank=95); ReMap--ChIP-seq(rank=136); Enrichr--Queries(rank=276); GTEx--Coexpression(rank=389)","250","0.05835000000000000","ARCHS4 Coexpression,0.05835"
"EBF1","1.919272097845566183","1.919272097845566183","1.919272097845566183","Activated","68","viper","68","1.919272097845566183",NA,NA,"5","ReMap--ChIP-seq(rank=69); ENCODE--ChIP-seq(rank=89); GTEx--Coexpression(rank=92); Enrichr--Queries(rank=278); ARCHS4--Coexpression(rank=308)","247","0.05725000000000000","GTEx Coexpression,0.05725"
"USF1","1.912471177121134236","1.912471177121134236","1.912471177121134236","Activated","69","viper","69","1.912471177121134236",NA,NA,"5","ENCODE--ChIP-seq(rank=42); ReMap--ChIP-seq(rank=138); GTEx--Coexpression(rank=238); ARCHS4--Coexpression(rank=639); Enrichr--Queries(rank=997)","514","0.14810000000000001","GTEx Coexpression,0.1481"
"RELA","1.908960111491700529","1.908960111491700529","1.908960111491700529","Activated","70","viper","70","1.908960111491700529",NA,NA,"6","Literature--ChIP-seq(rank=13); ENCODE--ChIP-seq(rank=53); ReMap--ChIP-seq(rank=207); GTEx--Coexpression(rank=561); ARCHS4--Coexpression(rank=767); Enrichr--Queries(rank=797)","320","0.07926999999999999","Literature ChIP-seq,0.07927"
"FOXM1","1.876103753205193625","1.876103753205193625","1.876103753205193625","Activated","71","viper","71","1.876103753205193625",NA,NA,"6","Literature--ChIP-seq(rank=16); ENCODE--ChIP-seq(rank=67); ReMap--ChIP-seq(rank=272); ARCHS4--Coexpression(rank=957); GTEx--Coexpression(rank=1246); Enrichr--Queries(rank=1315)","373","0.09755999999999999","Literature ChIP-seq,0.09756"
"TP53","1.854592283564568067","1.854592283564568067","1.854592283564568067","Activated","72","viper","72","1.854592283564568067",NA,NA,"5","Literature--ChIP-seq(rank=14); ReMap--ChIP-seq(rank=99); Enrichr--Queries(rank=821); ARCHS4--Coexpression(rank=1342); GTEx--Coexpression(rank=1381)","337","0.08537000000000000","Literature ChIP-seq,0.08537"
"POU4F2","1.854582758550495480","1.854582758550495480","1.854582758550495480","Activated","73","viper","73","1.854582758550495480",NA,NA,"4","ARCHS4--Coexpression(rank=262); ReMap--ChIP-seq(rank=282); Enrichr--Queries(rank=965); GTEx--Coexpression(rank=1538)","542","0.16089999999999999","ARCHS4 Coexpression,0.1609"
"NR1H2","1.829498548785566614","1.829498548785566614","1.829498548785566614","Activated","74","viper","74","1.829498548785566614",NA,NA,"4","ReMap--ChIP-seq(rank=63); ARCHS4--Coexpression(rank=499); GTEx--Coexpression(rank=518); Enrichr--Queries(rank=1253)","669","0.21210000000000001","ReMap ChIP-seq,0.2121"
"MXI1","-1.817081832179350709","-1.817081832179350709","1.817081832179350709","Repressed","75","viper","75","1.817081832179350709",NA,NA,"5","ENCODE--ChIP-seq(rank=40); ReMap--ChIP-seq(rank=222); ARCHS4--Coexpression(rank=281); GTEx--Coexpression(rank=373); Enrichr--Queries(rank=712)","572","0.17260000000000000","ARCHS4 Coexpression,0.1726"
"FOXO1","-1.777721247958497175","-1.777721247958497175","1.777721247958497175","Repressed","76","viper","76","1.777721247958497175",NA,NA,"5","Literature--ChIP-seq(rank=59); ReMap--ChIP-seq(rank=70); Enrichr--Queries(rank=78); ARCHS4--Coexpression(rank=290); GTEx--Coexpression(rank=666)","241","0.05556000000000000","Enrichr Queries,0.05556"
"BCL6","-1.765593679879157163","-1.765593679879157163","1.765593679879157163","Repressed","77","viper","77","1.765593679879157163",NA,NA,"5","Literature--ChIP-seq(rank=103); ReMap--ChIP-seq(rank=109); Enrichr--Queries(rank=172); ARCHS4--Coexpression(rank=447); GTEx--Coexpression(rank=1068)","456","0.12250000000000000","Enrichr Queries,0.1225"
"ETV1","1.765157566121252408","1.765157566121252408","1.765157566121252408","Activated","78","viper","78","1.765157566121252408",NA,NA,"4","Enrichr--Queries(rank=64); ARCHS4--Coexpression(rank=153); ReMap--ChIP-seq(rank=177); GTEx--Coexpression(rank=549)","201","0.04558000000000000","Enrichr Queries,0.04558"
"CTCF","1.762724583956336133","1.762724583956336133","1.762724583956336133","Activated","79","viper","79","1.762724583956336133",NA,NA,"6","ENCODE--ChIP-seq(rank=3); ReMap--ChIP-seq(rank=21); Literature--ChIP-seq(rank=98); GTEx--Coexpression(rank=1209); Enrichr--Queries(rank=1301); ARCHS4--Coexpression(rank=1472)","116","0.02542000000000000","ENCODE ChIP-seq,0.02542"
"FOXP2","-1.717337310023185459","-1.717337310023185459","1.717337310023185459","Repressed","80","viper","80","1.717337310023185459",NA,NA,"6","GTEx--Coexpression(rank=42); ReMap--ChIP-seq(rank=48); ENCODE--ChIP-seq(rank=74); Literature--ChIP-seq(rank=81); Enrichr--Queries(rank=356); ARCHS4--Coexpression(rank=1190)","119","0.02614000000000000","GTEx Coexpression,0.02614"
"EOMES","1.709436307804994115","1.709436307804994115","1.709436307804994115","Activated","81","viper","81","1.709436307804994115",NA,NA,"5","Literature--ChIP-seq(rank=99); ReMap--ChIP-seq(rank=211); Enrichr--Queries(rank=482); GTEx--Coexpression(rank=673); ARCHS4--Coexpression(rank=964)","924","0.34329999999999999","Enrichr Queries,0.3433"
"TBX21","1.701232243844159830","1.701232243844159830","1.701232243844159830","Activated","82","viper","82","1.701232243844159830",NA,NA,"4","ReMap--ChIP-seq(rank=72); ARCHS4--Coexpression(rank=280); GTEx--Coexpression(rank=530); Enrichr--Queries(rank=887)","570","0.17199999999999999","ARCHS4 Coexpression,0.172"
"NR1H3","1.691549401510508810","1.691549401510508810","1.691549401510508810","Activated","83","viper","83","1.691549401510508810",NA,NA,"5","Literature--ChIP-seq(rank=64); GTEx--Coexpression(rank=65); ARCHS4--Coexpression(rank=70); ReMap--ChIP-seq(rank=285); Enrichr--Queries(rank=344)","178","0.04045000000000000","GTEx Coexpression,0.04045"
"BHLHE22","-1.684020156661948153","-1.684020156661948153","1.684020156661948153","Repressed","84","viper","84","1.684020156661948153",NA,NA,"3","ReMap--ChIP-seq(rank=93); ARCHS4--Coexpression(rank=367); GTEx--Coexpression(rank=526)","697","0.22539999999999999","ARCHS4 Coexpression,0.2254"
"REST","1.673149457873073453","1.673149457873073453","1.673149457873073453","Activated","85","viper","85","1.673149457873073453",NA,NA,"6","ENCODE--ChIP-seq(rank=34); Literature--ChIP-seq(rank=53); ReMap--ChIP-seq(rank=157); GTEx--Coexpression(rank=215); Enrichr--Queries(rank=691); ARCHS4--Coexpression(rank=794)","480","0.13380000000000000","GTEx Coexpression,0.1338"
"HHEX","-1.655195424000543758","-1.655195424000543758","1.655195424000543758","Repressed","86","viper","86","1.655195424000543758",NA,NA,"4","ReMap--ChIP-seq(rank=103); GTEx--Coexpression(rank=156); Enrichr--Queries(rank=448); ARCHS4--Coexpression(rank=456)","372","0.09708000000000000","GTEx Coexpression,0.09708"
"TGIF2","1.655019085282103841","1.655019085282103841","1.655019085282103841","Activated","87","viper","87","1.655019085282103841",NA,NA,"4","ReMap--ChIP-seq(rank=212); GTEx--Coexpression(rank=438); Enrichr--Queries(rank=508); ARCHS4--Coexpression(rank=861)","787","0.27260000000000001","GTEx Coexpression,0.2726"
"STAT3","1.631737412251502928","1.631737412251502928","1.631737412251502928","Activated","88","viper","88","1.631737412251502928",NA,NA,"6","Literature--ChIP-seq(rank=25); ReMap--ChIP-seq(rank=51); ENCODE--ChIP-seq(rank=54); GTEx--Coexpression(rank=362); ARCHS4--Coexpression(rank=423); Enrichr--Queries(rank=732)","525","0.15240000000000001","Literature ChIP-seq,0.1524"
"MNT","-1.590185620295645474","-1.590185620295645474","1.590185620295645474","Repressed","89","viper","89","1.590185620295645474",NA,NA,"4","ReMap--ChIP-seq(rank=120); Enrichr--Queries(rank=626); ARCHS4--Coexpression(rank=673); GTEx--Coexpression(rank=836)","1033","0.40400000000000003","ReMap ChIP-seq,0.404"
"PRDM1","1.583661321483933460","1.583661321483933460","1.583661321483933460","Activated","90","viper","90","1.583661321483933460",NA,NA,"5","ENCODE--ChIP-seq(rank=51); ReMap--ChIP-seq(rank=77); ARCHS4--Coexpression(rank=166); Enrichr--Queries(rank=245); GTEx--Coexpression(rank=428)","390","0.10199999999999999","ARCHS4 Coexpression,0.102"
"SOX11","1.575543242525165866","1.575543242525165866","1.575543242525165866","Activated","91","viper","91","1.575543242525165866",NA,NA,"5","Literature--ChIP-seq(rank=90); ReMap--ChIP-seq(rank=247); Enrichr--Queries(rank=376); ARCHS4--Coexpression(rank=405); GTEx--Coexpression(rank=444)","741","0.24879999999999999","ARCHS4 Coexpression,0.2488"
"FOS","1.571493985606529309","1.571493985606529309","1.571493985606529309","Activated","92","viper","92","1.571493985606529309",NA,NA,"5","ENCODE--ChIP-seq(rank=38); ReMap--ChIP-seq(rank=83); GTEx--Coexpression(rank=281); Enrichr--Queries(rank=430); ARCHS4--Coexpression(rank=792)","575","0.17490000000000000","GTEx Coexpression,0.1749"
"ELF1","1.558847701161867327","1.558847701161867327","1.558847701161867327","Activated","93","viper","93","1.558847701161867327",NA,NA,"5","ENCODE--ChIP-seq(rank=99); Literature--ChIP-seq(rank=145); ReMap--ChIP-seq(rank=265); ARCHS4--Coexpression(rank=282); GTEx--Coexpression(rank=668)","573","0.17319999999999999","ARCHS4 Coexpression,0.1732"
"NANOG","1.546491939957985062","1.546491939957985062","1.546491939957985062","Activated","94","viper","94","1.546491939957985062",NA,NA,"6","ReMap--ChIP-seq(rank=19); Literature--ChIP-seq(rank=39); ENCODE--ChIP-seq(rank=80); GTEx--Coexpression(rank=327); ARCHS4--Coexpression(rank=848); Enrichr--Queries(rank=855)","265","0.06397000000000000","ReMap ChIP-seq,0.06397"
"ARID3A","1.530128229296698894","1.530128229296698894","1.530128229296698894","Activated","95","viper","95","1.530128229296698894",NA,NA,"5","ENCODE--ChIP-seq(rank=83); ReMap--ChIP-seq(rank=216); Enrichr--Queries(rank=449); GTEx--Coexpression(rank=704); ARCHS4--Coexpression(rank=961)","878","0.31979999999999992","Enrichr Queries,0.3198"
"FOSL2","1.525304691450429795","1.525304691450429795","1.525304691450429795","Activated","96","viper","96","1.525304691450429795",NA,NA,"5","ENCODE--ChIP-seq(rank=48); ReMap--ChIP-seq(rank=84); Enrichr--Queries(rank=141); ARCHS4--Coexpression(rank=347); GTEx--Coexpression(rank=585)","385","0.10040000000000000","Enrichr Queries,0.1004"
"PBX2","1.497144391151135734","1.497144391151135734","1.497144391151135734","Activated","97","viper","97","1.497144391151135734",NA,NA,"4","ReMap--ChIP-seq(rank=41); GTEx--Coexpression(rank=279); Enrichr--Queries(rank=857); ARCHS4--Coexpression(rank=1372)","489","0.13800000000000001","ReMap ChIP-seq,0.138"
"PBX3","1.486176522407080869","1.486176522407080869","1.486176522407080869","Activated","98","viper","98","1.486176522407080869",NA,NA,"5","ENCODE--ChIP-seq(rank=73); GTEx--Coexpression(rank=108); ReMap--ChIP-seq(rank=232); Enrichr--Queries(rank=260); ARCHS4--Coexpression(rank=296)","278","0.06721000000000001","GTEx Coexpression,0.06721"
"CEBPD","1.478208053188185822","1.478208053188185822","1.478208053188185822","Activated","99","viper","99","1.478208053188185822",NA,NA,"5","Literature--ChIP-seq(rank=79); ENCODE--ChIP-seq(rank=81); ReMap--ChIP-seq(rank=219); GTEx--Coexpression(rank=262); ARCHS4--Coexpression(rank=336)","548","0.16300000000000001","GTEx Coexpression,0.163"
"STAT5B","1.469524397559334172","1.469524397559334172","1.469524397559334172","Activated","100","viper","100","1.469524397559334172",NA,NA,"4","ReMap--ChIP-seq(rank=204); ARCHS4--Coexpression(rank=325); Enrichr--Queries(rank=707); GTEx--Coexpression(rank=890)","637","0.19960000000000000","ARCHS4 Coexpression,0.1996"
"E2F2","1.453810661503509793","1.453810661503509793","1.453810661503509793","Activated","101","viper","101","1.453810661503509793",NA,NA,"3","ARCHS4--Coexpression(rank=699); GTEx--Coexpression(rank=805); Enrichr--Queries(rank=1332)","1075","0.42940000000000000","ARCHS4 Coexpression,0.4294"
"NFYB","1.450959510872270153","1.450959510872270153","1.450959510872270153","Activated","102","viper","102","1.450959510872270153",NA,NA,"5","ENCODE--ChIP-seq(rank=79); GTEx--Coexpression(rank=186); ReMap--ChIP-seq(rank=238); Enrichr--Queries(rank=1237); ARCHS4--Coexpression(rank=1391)","435","0.11570000000000000","GTEx Coexpression,0.1157"
"KDM5B","1.450228740335194777","1.450228740335194777","1.450228740335194777","Activated","103","viper","103","1.450228740335194777",NA,NA,"5","ENCODE--ChIP-seq(rank=61); ReMap--ChIP-seq(rank=132); Literature--ChIP-seq(rank=159); ARCHS4--Coexpression(rank=195); GTEx--Coexpression(rank=1384)","448","0.11980000000000000","ARCHS4 Coexpression,0.1198"
"ELF3","1.448482192703225424","1.448482192703225424","1.448482192703225424","Activated","104","viper","104","1.448482192703225424",NA,NA,"4","ReMap--ChIP-seq(rank=22); GTEx--Coexpression(rank=162); ARCHS4--Coexpression(rank=189); Enrichr--Queries(rank=427)","299","0.07407000000000000","ReMap ChIP-seq,0.07407"
"E2F4","1.437728552555765482","1.437728552555765482","1.437728552555765482","Activated","105","viper","105","1.437728552555765482",NA,NA,"6","ENCODE--ChIP-seq(rank=45); Literature--ChIP-seq(rank=160); ReMap--ChIP-seq(rank=237); GTEx--Coexpression(rank=966); ARCHS4--Coexpression(rank=1227); Enrichr--Queries(rank=1288)","996","0.38140000000000002","ENCODE ChIP-seq,0.3814"
"ZBTB7A","-1.430131537954566934","-1.430131537954566934","1.430131537954566934","Repressed","106","viper","106","1.430131537954566934",NA,NA,"5","ENCODE--ChIP-seq(rank=2); ReMap--ChIP-seq(rank=12); GTEx--Coexpression(rank=295); ARCHS4--Coexpression(rank=550); Enrichr--Queries(rank=878)","77","0.01695000000000000","ENCODE ChIP-seq,0.01695"
"ETS2","1.423210543735212719","1.423210543735212719","1.423210543735212719","Activated","107","viper","107","1.423210543735212719",NA,NA,"4","GTEx--Coexpression(rank=118); Literature--ChIP-seq(rank=119); ARCHS4--Coexpression(rank=145); Enrichr--Queries(rank=205)","297","0.07343000000000000","GTEx Coexpression,0.07343"
"HMBOX1","-1.418201872181493295","-1.418201872181493295","1.418201872181493295","Repressed","108","viper","108","1.418201872181493295",NA,NA,"4","ReMap--ChIP-seq(rank=240); Enrichr--Queries(rank=504); GTEx--Coexpression(rank=544); ARCHS4--Coexpression(rank=888)","915","0.33850000000000002","GTEx Coexpression,0.3385"
"SPIB","1.398613771314600518","1.398613771314600518","1.398613771314600518","Activated","109","viper","109","1.398613771314600518",NA,NA,"4","ReMap--ChIP-seq(rank=123); GTEx--Coexpression(rank=565); ARCHS4--Coexpression(rank=570); Enrichr--Queries(rank=1005)","936","0.35010000000000002","ARCHS4 Coexpression,0.3501"
"TAL1","-1.398496767663920837","-1.398496767663920837","1.398496767663920837","Repressed","110","viper","110","1.398496767663920837",NA,NA,"6","ENCODE--ChIP-seq(rank=32); Literature--ChIP-seq(rank=44); ReMap--ChIP-seq(rank=100); ARCHS4--Coexpression(rank=185); GTEx--Coexpression(rank=222); Enrichr--Queries(rank=582)","427","0.11360000000000001","ARCHS4 Coexpression,0.1136"
"HIF1A","1.385521291663336596","1.385521291663336596","1.385521291663336596","Activated","111","viper","111","1.385521291663336596",NA,NA,"5","ReMap--ChIP-seq(rank=10); ARCHS4--Coexpression(rank=54); Literature--ChIP-seq(rank=88); GTEx--Coexpression(rank=138); Enrichr--Queries(rank=649)","153","0.03317000000000000","ARCHS4 Coexpression,0.03317"
"ZNF740","1.384175433210481865","1.384175433210481865","1.384175433210481865","Activated","112","viper","112","1.384175433210481865",NA,NA,"4","ReMap--ChIP-seq(rank=50); Enrichr--Queries(rank=1103); ARCHS4--Coexpression(rank=1258); GTEx--Coexpression(rank=1403)","561","0.16839999999999999","ReMap ChIP-seq,0.1684"
"MBD1","1.380600986043861944","1.380600986043861944","1.380600986043861944","Activated","113","viper","113","1.380600986043861944",NA,NA,"3","Enrichr--Queries(rank=993); ARCHS4--Coexpression(rank=1254); GTEx--Coexpression(rank=1544)","1491","0.70730000000000004","Enrichr Queries,0.7073"
"ZNF639","1.379991099502238194","1.379991099502238194","1.379991099502238194","Activated","114","viper","114","1.379991099502238194",NA,NA,"4","ReMap--ChIP-seq(rank=186); GTEx--Coexpression(rank=618); ARCHS4--Coexpression(rank=1022); Enrichr--Queries(rank=1329)","1002","0.38460000000000000","GTEx Coexpression,0.3846"
"HNF1B","-1.371712520196283869","-1.371712520196283869","1.371712520196283869","Repressed","115","viper","115","1.371712520196283869",NA,NA,"3","ReMap--ChIP-seq(rank=133); ARCHS4--Coexpression(rank=217); Enrichr--Queries(rank=346)","479","0.13330000000000000","ARCHS4 Coexpression,0.1333"
"REL","1.365050746344105281","1.365050746344105281","1.365050746344105281","Activated","116","viper","116","1.365050746344105281",NA,NA,"3","GTEx--Coexpression(rank=257); Enrichr--Queries(rank=258); ARCHS4--Coexpression(rank=480)","539","0.15989999999999999","GTEx Coexpression,0.1599"
"SOX13","1.363632176024329956","1.363632176024329956","1.363632176024329956","Activated","117","viper","117","1.363632176024329956",NA,NA,"4","GTEx--Coexpression(rank=121); ReMap--ChIP-seq(rank=141); Enrichr--Queries(rank=227); ARCHS4--Coexpression(rank=413)","303","0.07530000000000001","GTEx Coexpression,0.0753"
"ZEB1","-1.355991927808689379","-1.355991927808689379","1.355991927808689379","Repressed","118","viper","118","1.355991927808689379",NA,NA,"5","Enrichr--Queries(rank=41); ENCODE--ChIP-seq(rank=65); GTEx--Coexpression(rank=119); ReMap--ChIP-seq(rank=182); ARCHS4--Coexpression(rank=518)","133","0.02920000000000000","Enrichr Queries,0.0292"
"MAFG","1.352371883778554329","1.352371883778554329","1.352371883778554329","Activated","119","viper","119","1.352371883778554329",NA,NA,"4","ReMap--ChIP-seq(rank=210); Enrichr--Queries(rank=575); GTEx--Coexpression(rank=798); ARCHS4--Coexpression(rank=1406)","1045","0.40949999999999998","Enrichr Queries,0.4095"
"ZEB2","-1.342037131163939412","-1.342037131163939412","1.342037131163939412","Repressed","120","viper","120","1.342037131163939412",NA,NA,"4","Enrichr--Queries(rank=89); ReMap--ChIP-seq(rank=95); ARCHS4--Coexpression(rank=238); GTEx--Coexpression(rank=864)","262","0.06339000000000000","Enrichr Queries,0.06339"
"KLF9","-1.319613413106377253","-1.319613413106377253","1.319613413106377253","Repressed","121","viper","121","1.319613413106377253",NA,NA,"4","ReMap--ChIP-seq(rank=28); GTEx--Coexpression(rank=145); ARCHS4--Coexpression(rank=315); Enrichr--Queries(rank=379)","354","0.09023000000000000","GTEx Coexpression,0.09023"
"SMAD3","-1.316093343621627554","-1.316093343621627554","1.316093343621627554","Repressed","122","viper","122","1.316093343621627554",NA,NA,"5","ReMap--ChIP-seq(rank=15); Literature--ChIP-seq(rank=43); Enrichr--Queries(rank=184); GTEx--Coexpression(rank=203); ARCHS4--Coexpression(rank=362)","219","0.05051000000000000","ReMap ChIP-seq,0.05051"
"CEBPG","1.293136855095955884","1.293136855095955884","1.293136855095955884","Activated","123","viper","123","1.293136855095955884",NA,NA,"4","ReMap--ChIP-seq(rank=88); ARCHS4--Coexpression(rank=547); Enrichr--Queries(rank=633); GTEx--Coexpression(rank=809)","838","0.29630000000000001","ReMap ChIP-seq,0.2963"
"GATA6","1.287273405163077200","1.287273405163077200","1.287273405163077200","Activated","124","viper","124","1.287273405163077200",NA,NA,"5","ReMap--ChIP-seq(rank=29); Literature--ChIP-seq(rank=117); ARCHS4--Coexpression(rank=132); Enrichr--Queries(rank=137); GTEx--Coexpression(rank=337)","325","0.08108000000000000","ARCHS4 Coexpression,0.08108"
"ASCL1","1.281479435525668675","1.281479435525668675","1.281479435525668675","Activated","125","viper","125","1.281479435525668675",NA,NA,"4","ReMap--ChIP-seq(rank=39); GTEx--Coexpression(rank=139); Enrichr--Queries(rank=906); ARCHS4--Coexpression(rank=1340)","341","0.08649999999999999","GTEx Coexpression,0.0865"
"SNAPC4","-1.268850500705384743","-1.268850500705384743","1.268850500705384743","Repressed","126","viper","126","1.268850500705384743",NA,NA,"4","ReMap--ChIP-seq(rank=275); GTEx--Coexpression(rank=1105); ARCHS4--Coexpression(rank=1203); Enrichr--Queries(rank=1247)","1467","0.68759999999999999","GTEx Coexpression,0.6876"
"HINFP","1.266626131826267709","1.266626131826267709","1.266626131826267709","Activated","127","viper","127","1.266626131826267709",NA,NA,"3","ReMap--ChIP-seq(rank=188); GTEx--Coexpression(rank=794); ARCHS4--Coexpression(rank=1113)","1201","0.49409999999999998","GTEx Coexpression,0.4941"
"MBD2","-1.265294066194365241","-1.265294066194365241","1.265294066194365241","Repressed","128","viper","128","1.265294066194365241",NA,NA,"4","ReMap--ChIP-seq(rank=8); ARCHS4--Coexpression(rank=747); GTEx--Coexpression(rank=833); Enrichr--Queries(rank=1079)","122","0.02694000000000000","ReMap ChIP-seq,0.02694"
"NFIC","-1.251244677790843030","-1.251244677790843030","1.251244677790843030","Repressed","129","viper","129","1.251244677790843030",NA,NA,"5","ENCODE--ChIP-seq(rank=11); ReMap--ChIP-seq(rank=79); ARCHS4--Coexpression(rank=494); Enrichr--Queries(rank=523); GTEx--Coexpression(rank=683)","363","0.09322000000000000","ENCODE ChIP-seq,0.09322"
"HNF4G","1.251212103852988422","1.251212103852988422","1.251212103852988422","Activated","130","viper","130","1.251212103852988422",NA,NA,"5","ReMap--ChIP-seq(rank=20); ENCODE--ChIP-seq(rank=22); ARCHS4--Coexpression(rank=250); Enrichr--Queries(rank=285); GTEx--Coexpression(rank=632)","279","0.06734000000000000","ReMap ChIP-seq,0.06734"
"ELK4","1.249765784608765085","1.249765784608765085","1.249765784608765085","Activated","131","viper","131","1.249765784608765085",NA,NA,"5","ENCODE--ChIP-seq(rank=112); ReMap--ChIP-seq(rank=255); GTEx--Coexpression(rank=563); ARCHS4--Coexpression(rank=661); Enrichr--Queries(rank=929)","937","0.35030000000000000","GTEx Coexpression,0.3503"
"NR5A2","1.234523696703221152","1.234523696703221152","1.234523696703221152","Activated","132","viper","132","1.234523696703221152",NA,NA,"4","Enrichr--Queries(rank=112); ReMap--ChIP-seq(rank=128); GTEx--Coexpression(rank=772); ARCHS4--Coexpression(rank=1143)","322","0.07976999999999999","Enrichr Queries,0.07977"
"POU2F1","1.212425711830141806","1.212425711830141806","1.212425711830141806","Activated","133","viper","133","1.212425711830141806",NA,NA,"4","ReMap--ChIP-seq(rank=279); ARCHS4--Coexpression(rank=525); Enrichr--Queries(rank=677); GTEx--Coexpression(rank=883)","885","0.32250000000000001","ARCHS4 Coexpression,0.3225"
"CREM","-1.211903267344702551","-1.211903267344702551","1.211903267344702551","Repressed","134","viper","134","1.211903267344702551",NA,NA,"5","Literature--ChIP-seq(rank=147); ReMap--ChIP-seq(rank=180); Enrichr--Queries(rank=567); ARCHS4--Coexpression(rank=627); GTEx--Coexpression(rank=1586)","1003","0.38510000000000000","ARCHS4 Coexpression,0.3851"
"SIX5","1.202898899863903415","1.202898899863903415","1.202898899863903415","Activated","135","viper","135","1.202898899863903415",NA,NA,"5","ENCODE--ChIP-seq(rank=108); GTEx--Coexpression(rank=249); ReMap--ChIP-seq(rank=251); Enrichr--Queries(rank=377); ARCHS4--Coexpression(rank=563)","530","0.15490000000000001","GTEx Coexpression,0.1549"
"HBP1","-1.184398106192878775","-1.184398106192878775","1.184398106192878775","Repressed","136","viper","136","1.184398106192878775",NA,NA,"4","ReMap--ChIP-seq(rank=183); GTEx--Coexpression(rank=299); Enrichr--Queries(rank=527); ARCHS4--Coexpression(rank=959)","607","0.18609999999999999","GTEx Coexpression,0.1861"
"PRDM14","1.178549818715344477","1.178549818715344477","1.178549818715344477","Activated","137","viper","137","1.178549818715344477",NA,NA,"5","ReMap--ChIP-seq(rank=4); Literature--ChIP-seq(rank=20); ARCHS4--Coexpression(rank=537); Enrichr--Queries(rank=866); GTEx--Coexpression(rank=1330)","60","0.01347000000000000","ReMap ChIP-seq,0.01347"
"FOXJ2","1.178508253554001906","1.178508253554001906","1.178508253554001906","Activated","138","viper","138","1.178508253554001906",NA,NA,"4","ReMap--ChIP-seq(rank=165); GTEx--Coexpression(rank=294); ARCHS4--Coexpression(rank=366); Enrichr--Queries(rank=515)","597","0.18290000000000001","GTEx Coexpression,0.1829"
"HOXA9","1.169609047354079445","1.169609047354079445","1.169609047354079445","Activated","139","viper","139","1.169609047354079445",NA,NA,"4","Enrichr--Queries(rank=162); GTEx--Coexpression(rank=218); ReMap--ChIP-seq(rank=234); ARCHS4--Coexpression(rank=454)","433","0.11540000000000000","Enrichr Queries,0.1154"
"NR4A1","1.159108295793125798","1.159108295793125798","1.159108295793125798","Activated","140","viper","140","1.159108295793125798",NA,NA,"4","ARCHS4--Coexpression(rank=50); ReMap--ChIP-seq(rank=236); GTEx--Coexpression(rank=303); Enrichr--Queries(rank=426)","142","0.03071000000000000","ARCHS4 Coexpression,0.03071"
"ERG","1.157918100272927076","1.157918100272927076","1.157918100272927076","Activated","141","viper","141","1.157918100272927076",NA,NA,"5","GTEx--Coexpression(rank=22); Literature--ChIP-seq(rank=71); ReMap--ChIP-seq(rank=233); ARCHS4--Coexpression(rank=244); Enrichr--Queries(rank=339)","63","0.01369000000000000","GTEx Coexpression,0.01369"
"NFYA","-1.153564668119033687","-1.153564668119033687","1.153564668119033687","Repressed","142","viper","142","1.153564668119033687",NA,NA,"5","ENCODE--ChIP-seq(rank=91); ReMap--ChIP-seq(rank=284); Enrichr--Queries(rank=876); GTEx--Coexpression(rank=1426); ARCHS4--Coexpression(rank=1613)","1390","0.62390000000000001","Enrichr Queries,0.6239"
"EHF","-1.147358592687451884","-1.147358592687451884","1.147358592687451884","Repressed","143","viper","143","1.147358592687451884",NA,NA,"4","ReMap--ChIP-seq(rank=59); ARCHS4--Coexpression(rank=120); Enrichr--Queries(rank=253); GTEx--Coexpression(rank=300)","298","0.07371000000000000","ARCHS4 Coexpression,0.07371"
"ZNF592","1.128075567523614708","1.128075567523614708","1.128075567523614708","Activated","144","viper","144","1.128075567523614708",NA,NA,"4","ReMap--ChIP-seq(rank=47); GTEx--Coexpression(rank=976); Enrichr--Queries(rank=1323); ARCHS4--Coexpression(rank=1335)","536","0.15820000000000001","ReMap ChIP-seq,0.1582"
"CREB3","1.127806588849814329","1.127806588849814329","1.127806588849814329","Activated","145","viper","145","1.127806588849814329",NA,NA,"4","ReMap--ChIP-seq(rank=112); GTEx--Coexpression(rank=562); Enrichr--Queries(rank=869); ARCHS4--Coexpression(rank=926)","935","0.34970000000000001","GTEx Coexpression,0.3497"
"HSF1","-1.116047021291672436","-1.116047021291672436","1.116047021291672436","Repressed","146","viper","146","1.116047021291672436",NA,NA,"5","ENCODE--ChIP-seq(rank=77); ReMap--ChIP-seq(rank=87); Literature--ChIP-seq(rank=115); ARCHS4--Coexpression(rank=1114); GTEx--Coexpression(rank=1565)","829","0.29289999999999999","ReMap ChIP-seq,0.2929"
"FOXO3","1.098939642975802711","1.098939642975802711","1.098939642975802711","Activated","147","viper","147","1.098939642975802711",NA,NA,"4","Literature--ChIP-seq(rank=55); ARCHS4--Coexpression(rank=333); Enrichr--Queries(rank=533); GTEx--Coexpression(rank=1113)","647","0.20449999999999999","ARCHS4 Coexpression,0.2045"
"AHR","1.092768560364981489","1.092768560364981489","1.092768560364981489","Activated","148","viper","148","1.092768560364981489",NA,NA,"5","GTEx--Coexpression(rank=6); Literature--ChIP-seq(rank=29); Enrichr--Queries(rank=97); ARCHS4--Coexpression(rank=131); ReMap--ChIP-seq(rank=147)","18","0.00373400000000000","GTEx Coexpression,0.003734"
"ZBTB33","1.078155172583764587","1.078155172583764587","1.078155172583764587","Activated","149","viper","149","1.078155172583764587",NA,NA,"5","ENCODE--ChIP-seq(rank=109); ReMap--ChIP-seq(rank=288); GTEx--Coexpression(rank=633); Enrichr--Queries(rank=1074); ARCHS4--Coexpression(rank=1456)","1017","0.39389999999999997","GTEx Coexpression,0.3939"
"ZNF217","1.063952561821456033","1.063952561821456033","1.063952561821456033","Activated","150","viper","150","1.063952561821456033",NA,NA,"6","Literature--ChIP-seq(rank=3); ENCODE--ChIP-seq(rank=21); ReMap--ChIP-seq(rank=220); Enrichr--Queries(rank=412); GTEx--Coexpression(rank=771); ARCHS4--Coexpression(rank=860)","84","0.01829000000000000","Literature ChIP-seq,0.01829"
"PKNOX1","1.056942614855030049","1.056942614855030049","1.056942614855030049","Activated","151","viper","151","1.056942614855030049",NA,NA,"4","ReMap--ChIP-seq(rank=45); Enrichr--Queries(rank=651); GTEx--Coexpression(rank=1120); ARCHS4--Coexpression(rank=1347)","521","0.15150000000000000","ReMap ChIP-seq,0.1515"
"RUNX1","1.056089881100447769","1.056089881100447769","1.056089881100447769","Activated","152","viper","152","1.056089881100447769",NA,NA,"5","Literature--ChIP-seq(rank=48); ReMap--ChIP-seq(rank=89); Enrichr--Queries(rank=167); GTEx--Coexpression(rank=430); ARCHS4--Coexpression(rank=697)","445","0.11890000000000001","Enrichr Queries,0.1189"
"KMT2A","-1.051857435286789322","-1.051857435286789322","1.051857435286789322","Repressed","153","viper","153","1.051857435286789322",NA,NA,"3","ReMap--ChIP-seq(rank=190); ARCHS4--Coexpression(rank=470); GTEx--Coexpression(rank=605)","815","0.28870000000000001","ARCHS4 Coexpression,0.2887"
"SNAI2","1.017943679789491629","1.017943679789491629","1.017943679789491629","Activated","154","viper","154","1.017943679789491629",NA,NA,"4","ARCHS4--Coexpression(rank=3); ReMap--ChIP-seq(rank=26); Enrichr--Queries(rank=127); GTEx--Coexpression(rank=277)","7","0.00184300000000000","ARCHS4 Coexpression,0.001843"
"STAT4","-1.014972303285134547","-1.014972303285134547","1.014972303285134547","Repressed","155","viper","155","1.014972303285134547",NA,NA,"4","Literature--ChIP-seq(rank=70); Enrichr--Queries(rank=469); ARCHS4--Coexpression(rank=524); GTEx--Coexpression(rank=849)","884","0.32190000000000002","ARCHS4 Coexpression,0.3219"
"POU2F2","1.014435167047509356","1.014435167047509356","1.014435167047509356","Activated","156","viper","156","1.014435167047509356",NA,NA,"5","ENCODE--ChIP-seq(rank=117); GTEx--Coexpression(rank=176); ReMap--ChIP-seq(rank=273); ARCHS4--Coexpression(rank=371); Enrichr--Queries(rank=414)","413","0.10950000000000000","GTEx Coexpression,0.1095"
"STAT5A","0.998208182219820772","0.998208182219820772","0.998208182219820772","Activated","157","viper","157","0.998208182219820772",NA,NA,"6","Literature--ChIP-seq(rank=62); ENCODE--ChIP-seq(rank=85); GTEx--Coexpression(rank=146); ARCHS4--Coexpression(rank=151); ReMap--ChIP-seq(rank=262); Enrichr--Queries(rank=429)","356","0.09085000000000000","GTEx Coexpression,0.09085"
"TFAP2C","-0.993138221160966284","-0.993138221160966284","0.993138221160966284","Repressed","158","viper","158","0.993138221160966284",NA,NA,"6","Literature--ChIP-seq(rank=19); ReMap--ChIP-seq(rank=36); ENCODE--ChIP-seq(rank=58); Enrichr--Queries(rank=198); GTEx--Coexpression(rank=208); ARCHS4--Coexpression(rank=329)","436","0.11590000000000000","Literature ChIP-seq,0.1159"
"TWIST1","0.971840079504388221","0.971840079504388221","0.971840079504388221","Activated","159","viper","159","0.971840079504388221",NA,NA,"4","ARCHS4--Coexpression(rank=5); ReMap--ChIP-seq(rank=24); GTEx--Coexpression(rank=134); Enrichr--Queries(rank=186)","13","0.00307100000000000","ARCHS4 Coexpression,0.003071"
"NFE2L2","0.969712886470143753","0.969712886470143753","0.969712886470143753","Activated","160","viper","160","0.969712886470143753",NA,NA,"5","Literature--ChIP-seq(rank=22); ARCHS4--Coexpression(rank=45); GTEx--Coexpression(rank=70); ReMap--ChIP-seq(rank=159); Enrichr--Queries(rank=440)","126","0.02764000000000000","ARCHS4 Coexpression,0.02764"
"AR","0.957952065181173262","0.957952065181173262","0.957952065181173262","Activated","161","viper","161","0.957952065181173262",NA,NA,"5","Literature--ChIP-seq(rank=8); ReMap--ChIP-seq(rank=105); ARCHS4--Coexpression(rank=154); Enrichr--Queries(rank=277); GTEx--Coexpression(rank=598)","213","0.04878000000000000","Literature ChIP-seq,0.04878"
"FOSL1","0.950792713921434274","0.950792713921434274","0.950792713921434274","Activated","162","viper","162","0.950792713921434274",NA,NA,"5","ARCHS4--Coexpression(rank=16); ENCODE--ChIP-seq(rank=35); ReMap--ChIP-seq(rank=97); Enrichr--Queries(rank=306); GTEx--Coexpression(rank=513)","46","0.00982800000000000","ARCHS4 Coexpression,0.009828"
"KLF1","0.945100072060407581","0.945100072060407581","0.945100072060407581","Activated","163","viper","163","0.945100072060407581",NA,NA,"5","Literature--ChIP-seq(rank=97); ReMap--ChIP-seq(rank=116); ARCHS4--Coexpression(rank=401); Enrichr--Queries(rank=786); GTEx--Coexpression(rank=1145)","734","0.24629999999999999","ARCHS4 Coexpression,0.2463"
"E2F3","0.938081937019609957","0.938081937019609957","0.938081937019609957","Activated","164","viper","164","0.938081937019609957",NA,NA,"3","GTEx--Coexpression(rank=923); Enrichr--Queries(rank=1196); ARCHS4--Coexpression(rank=1495)","1323","0.57440000000000002","GTEx Coexpression,0.5744"
"MITF","0.933970422686788870","0.933970422686788870","0.933970422686788870","Activated","165","viper","165","0.933970422686788870",NA,NA,"5","Literature--ChIP-seq(rank=9); Enrichr--Queries(rank=19); ReMap--ChIP-seq(rank=153); ARCHS4--Coexpression(rank=257); GTEx--Coexpression(rank=557)","62","0.01353000000000000","Enrichr Queries,0.01353"
"MAZ","0.931403060182261266","0.931403060182261266","0.931403060182261266","Activated","166","viper","166","0.931403060182261266",NA,NA,"5","ENCODE--ChIP-seq(rank=8); ReMap--ChIP-seq(rank=80); ARCHS4--Coexpression(rank=1157); Enrichr--Queries(rank=1308); GTEx--Coexpression(rank=1357)","282","0.06780000000000000","ENCODE ChIP-seq,0.0678"
"FOXO4","-0.928157908236916018","-0.928157908236916018","0.928157908236916018","Repressed","167","viper","167","0.928157908236916018",NA,NA,"3","Enrichr--Queries(rank=463); ARCHS4--Coexpression(rank=690); GTEx--Coexpression(rank=862)","898","0.32979999999999998","Enrichr Queries,0.3298"
"NR2F1","-0.926123651191185893","-0.926123651191185893","0.926123651191185893","Repressed","168","viper","168","0.926123651191185893",NA,NA,"4","ARCHS4--Coexpression(rank=26); ReMap--ChIP-seq(rank=27); Enrichr--Queries(rank=326); GTEx--Coexpression(rank=574)","71","0.01597000000000000","ARCHS4 Coexpression,0.01597"
"ZFX","-0.922448573619438106","-0.922448573619438106","0.922448573619438106","Repressed","169","viper","169","0.922448573619438106",NA,NA,"5","Literature--ChIP-seq(rank=157); ReMap--ChIP-seq(rank=276); GTEx--Coexpression(rank=774); ARCHS4--Coexpression(rank=1085); Enrichr--Queries(rank=1118)","1175","0.48159999999999997","GTEx Coexpression,0.4816"
"ARNTL","0.917948630495714069","0.917948630495714069","0.917948630495714069","Activated","170","viper","170","0.917948630495714069",NA,NA,"4","ARCHS4--Coexpression(rank=171); Enrichr--Queries(rank=218); ReMap--ChIP-seq(rank=244); GTEx--Coexpression(rank=731)","401","0.10500000000000000","ARCHS4 Coexpression,0.105"
"MAFB","0.915266873602628372","0.915266873602628372","0.915266873602628372","Activated","171","viper","171","0.915266873602628372",NA,NA,"4","ARCHS4--Coexpression(rank=78); ReMap--ChIP-seq(rank=239); Enrichr--Queries(rank=249); GTEx--Coexpression(rank=284)","209","0.04791000000000000","ARCHS4 Coexpression,0.04791"
"KLF4","-0.891181811172065963","-0.891181811172065963","0.891181811172065963","Repressed","172","viper","172","0.891181811172065963",NA,NA,"5","Literature--ChIP-seq(rank=82); ReMap--ChIP-seq(rank=86); ARCHS4--Coexpression(rank=112); Enrichr--Queries(rank=308); GTEx--Coexpression(rank=342)","286","0.06880000000000000","ARCHS4 Coexpression,0.0688"
"THAP11","-0.874927267370563588","-0.874927267370563588","0.874927267370563588","Repressed","173","viper","173","0.874927267370563588",NA,NA,"5","ReMap--ChIP-seq(rank=34); Literature--ChIP-seq(rank=156); ARCHS4--Coexpression(rank=680); GTEx--Coexpression(rank=1090); Enrichr--Queries(rank=1354)","430","0.11450000000000000","ReMap ChIP-seq,0.1145"
"SIX2","0.855346060460593138","0.855346060460593138","0.855346060460593138","Activated","174","viper","174","0.855346060460593138",NA,NA,"4","ReMap--ChIP-seq(rank=149); Enrichr--Queries(rank=355); ARCHS4--Coexpression(rank=457); GTEx--Coexpression(rank=756)","754","0.25280000000000002","Enrichr Queries,0.2528"
"SOX2","0.852296186722119042","0.852296186722119042","0.852296186722119042","Activated","175","viper","175","0.852296186722119042",NA,NA,"5","Literature--ChIP-seq(rank=1); ARCHS4--Coexpression(rank=165); ReMap--ChIP-seq(rank=217); GTEx--Coexpression(rank=269); Enrichr--Queries(rank=351)","28","0.00609800000000000","Literature ChIP-seq,0.006098"
"PROX1","0.806209083222871770","0.806209083222871770","0.806209083222871770","Activated","176","viper","176","0.806209083222871770",NA,NA,"4","ReMap--ChIP-seq(rank=1); Enrichr--Queries(rank=102); ARCHS4--Coexpression(rank=637); GTEx--Coexpression(rank=1034)","15","0.00336700000000000","ReMap ChIP-seq,0.003367"
"BCL11A","0.804940733758389926","0.804940733758389926","0.804940733758389926","Activated","177","viper","177","0.804940733758389926",NA,NA,"5","ENCODE--ChIP-seq(rank=70); ReMap--ChIP-seq(rank=154); Enrichr--Queries(rank=171); GTEx--Coexpression(rank=391); ARCHS4--Coexpression(rank=746)","454","0.12180000000000001","Enrichr Queries,0.1218"
"SP2","0.795641954993406175","0.795641954993406175","0.795641954993406175","Activated","178","viper","178","0.795641954993406175",NA,NA,"5","ENCODE--ChIP-seq(rank=100); ReMap--ChIP-seq(rank=256); ARCHS4--Coexpression(rank=698); GTEx--Coexpression(rank=837); Enrichr--Queries(rank=990)","1073","0.42870000000000003","ARCHS4 Coexpression,0.4287"
"ZKSCAN1","0.793225466516415123","0.793225466516415123","0.793225466516415123","Activated","179","viper","179","0.793225466516415123",NA,NA,"5","ENCODE--ChIP-seq(rank=36); ReMap--ChIP-seq(rank=102); ARCHS4--Coexpression(rank=331); GTEx--Coexpression(rank=643); Enrichr--Queries(rank=881)","646","0.20330000000000001","ARCHS4 Coexpression,0.2033"
"ATF7","0.788396047786920739","0.788396047786920739","0.788396047786920739","Activated","180","viper","180","0.788396047786920739",NA,NA,"4","ReMap--ChIP-seq(rank=57); GTEx--Coexpression(rank=154); ARCHS4--Coexpression(rank=345); Enrichr--Queries(rank=676)","369","0.09583000000000001","GTEx Coexpression,0.09583"
"FOXA1","0.783251456158934434","0.783251456158934434","0.783251456158934434","Activated","181","viper","181","0.783251456158934434",NA,NA,"6","Literature--ChIP-seq(rank=38); ENCODE--ChIP-seq(rank=52); ReMap--ChIP-seq(rank=76); ARCHS4--Coexpression(rank=194); Enrichr--Queries(rank=244); GTEx--Coexpression(rank=834)","446","0.11920000000000000","ARCHS4 Coexpression,0.1192"
"SREBF2","-0.770133808963178956","-0.770133808963178956","0.770133808963178956","Repressed","182","viper","182","0.770133808963178956",NA,NA,"6","ENCODE--ChIP-seq(rank=82); Literature--ChIP-seq(rank=87); ReMap--ChIP-seq(rank=184); GTEx--Coexpression(rank=206); Enrichr--Queries(rank=859); ARCHS4--Coexpression(rank=1209)","473","0.12820000000000001","GTEx Coexpression,0.1282"
"NEUROD1","0.730309908943853059","0.730309908943853059","0.730309908943853059","Activated","183","viper","183","0.730309908943853059",NA,NA,"4","ReMap--ChIP-seq(rank=53); ARCHS4--Coexpression(rank=355); GTEx--Coexpression(rank=463); Enrichr--Queries(rank=1089)","584","0.17849999999999999","ReMap ChIP-seq,0.1785"
"ATF2","0.729112994416058702","0.729112994416058702","0.729112994416058702","Activated","184","viper","184","0.729112994416058702",NA,NA,"5","ENCODE--ChIP-seq(rank=111); ReMap--ChIP-seq(rank=281); ARCHS4--Coexpression(rank=983); GTEx--Coexpression(rank=1139); Enrichr--Queries(rank=1271)","1364","0.60380000000000000","ARCHS4 Coexpression,0.6038"
"CEBPB","0.720169871169120679","0.720169871169120679","0.720169871169120679","Activated","185","viper","185","0.720169871169120679",NA,NA,"6","ENCODE--ChIP-seq(rank=17); ReMap--ChIP-seq(rank=58); Literature--ChIP-seq(rank=106); Enrichr--Queries(rank=393); ARCHS4--Coexpression(rank=425); GTEx--Coexpression(rank=813)","504","0.14410000000000001","ENCODE ChIP-seq,0.1441"
"IKZF1","0.715621988870899117","0.715621988870899117","0.715621988870899117","Activated","186","viper","186","0.715621988870899117",NA,NA,"6","ENCODE--ChIP-seq(rank=30); ReMap--ChIP-seq(rank=30); Literature--ChIP-seq(rank=91); ARCHS4--Coexpression(rank=92); GTEx--Coexpression(rank=181); Enrichr--Queries(rank=801)","244","0.05651000000000000","ARCHS4 Coexpression,0.05651"
"NR5A1","0.675495164181952878","0.675495164181952878","0.675495164181952878","Activated","187","viper","187","0.675495164181952878",NA,NA,"3","ARCHS4--Coexpression(rank=231); GTEx--Coexpression(rank=276); Enrichr--Queries(rank=893)","498","0.14190000000000000","ARCHS4 Coexpression,0.1419"
"ARID2","0.669277827214085019","0.669277827214085019","0.669277827214085019","Activated","188","viper","188","0.669277827214085019",NA,NA,"4","ReMap--ChIP-seq(rank=142); ARCHS4--Coexpression(rank=1005); Enrichr--Queries(rank=1057); GTEx--Coexpression(rank=1374)","1170","0.47810000000000002","ReMap ChIP-seq,0.4781"
"ZBED1","0.648644080030548742","0.648644080030548742","0.648644080030548742","Activated","189","viper","189","0.648644080030548742",NA,NA,"4","ReMap--ChIP-seq(rank=293); Enrichr--Queries(rank=714); GTEx--Coexpression(rank=789); ARCHS4--Coexpression(rank=1264)","1193","0.49099999999999999","GTEx Coexpression,0.491"
"FOXA2","-0.644455918409916340","-0.644455918409916340","0.644455918409916340","Repressed","190","viper","190","0.644455918409916340",NA,NA,"6","Literature--ChIP-seq(rank=7); ENCODE--ChIP-seq(rank=33); ReMap--ChIP-seq(rank=56); Enrichr--Queries(rank=231); GTEx--Coexpression(rank=548); ARCHS4--Coexpression(rank=605)","188","0.04268000000000000","Literature ChIP-seq,0.04268"
"TP73","-0.634157148979631491","-0.634157148979631491","0.634157148979631491","Repressed","191","viper","191","0.634157148979631491",NA,NA,"3","GTEx--Coexpression(rank=511); ARCHS4--Coexpression(rank=696); Enrichr--Queries(rank=773)","876","0.31800000000000000","GTEx Coexpression,0.318"
"NRF1","-0.633955709856907301","-0.633955709856907301","0.633955709856907301","Repressed","192","viper","192","0.633955709856907301",NA,NA,"5","ENCODE--ChIP-seq(rank=66); ReMap--ChIP-seq(rank=213); ARCHS4--Coexpression(rank=458); GTEx--Coexpression(rank=1004); Enrichr--Queries(rank=1178)","797","0.28129999999999999","ARCHS4 Coexpression,0.2813"
"SRF","0.628051768478600114","0.628051768478600114","0.628051768478600114","Activated","193","viper","193","0.628051768478600114",NA,NA,"6","GTEx--Coexpression(rank=24); ENCODE--ChIP-seq(rank=84); Literature--ChIP-seq(rank=137); ReMap--ChIP-seq(rank=280); Enrichr--Queries(rank=699); ARCHS4--Coexpression(rank=1440)","66","0.01493000000000000","GTEx Coexpression,0.01493"
"ATF1","0.610788123963197260","0.610788123963197260","0.610788123963197260","Activated","194","viper","194","0.610788123963197260",NA,NA,"5","ENCODE--ChIP-seq(rank=106); ReMap--ChIP-seq(rank=223); ARCHS4--Coexpression(rank=409); Enrichr--Queries(rank=1173); GTEx--Coexpression(rank=1280)","749","0.25119999999999998","ARCHS4 Coexpression,0.2512"
"KLF3","-0.609589926709164898","-0.609589926709164898","0.609589926709164898","Repressed","195","viper","195","0.609589926709164898",NA,NA,"4","ReMap--ChIP-seq(rank=139); ARCHS4--Coexpression(rank=150); GTEx--Coexpression(rank=213); Enrichr--Queries(rank=275)","361","0.09214000000000000","ARCHS4 Coexpression,0.09214"
"EGR1","0.601595301735086241","0.601595301735086241","0.601595301735086241","Activated","196","viper","196","0.601595301735086241",NA,NA,"6","Literature--ChIP-seq(rank=5); ENCODE--ChIP-seq(rank=18); ReMap--ChIP-seq(rank=113); GTEx--Coexpression(rank=244); Enrichr--Queries(rank=265); ARCHS4--Coexpression(rank=501)","140","0.03049000000000000","Literature ChIP-seq,0.03049"
"SREBF1","0.597965602241824046","0.597965602241824046","0.597965602241824046","Activated","197","viper","197","0.597965602241824046",NA,NA,"6","ENCODE--ChIP-seq(rank=71); ReMap--ChIP-seq(rank=115); Literature--ChIP-seq(rank=120); GTEx--Coexpression(rank=149); Enrichr--Queries(rank=559); ARCHS4--Coexpression(rank=1001)","362","0.09272000000000000","GTEx Coexpression,0.09272"
"ZNF143","-0.592769156900028960","-0.592769156900028960","0.592769156900028960","Repressed","198","viper","198","0.592769156900028960",NA,NA,"5","ENCODE--ChIP-seq(rank=62); ReMap--ChIP-seq(rank=111); Enrichr--Queries(rank=1070); GTEx--Coexpression(rank=1208); ARCHS4--Coexpression(rank=1481)","978","0.37369999999999998","ReMap ChIP-seq,0.3737"
"RARA","0.591199666420249126","0.591199666420249126","0.591199666420249126","Activated","199","viper","199","0.591199666420249126",NA,NA,"5","ReMap--ChIP-seq(rank=114); Literature--ChIP-seq(rank=149); Enrichr--Queries(rank=530); ARCHS4--Coexpression(rank=621); GTEx--Coexpression(rank=845)","987","0.37750000000000000","Enrichr Queries,0.3775"
"JUND","0.582435081296602375","0.582435081296602375","0.582435081296602375","Activated","200","viper","200","0.582435081296602375",NA,NA,"6","ENCODE--ChIP-seq(rank=28); Literature--ChIP-seq(rank=61); ReMap--ChIP-seq(rank=155); ARCHS4--Coexpression(rank=597); Enrichr--Queries(rank=896); GTEx--Coexpression(rank=1165)","719","0.23730000000000001","ENCODE ChIP-seq,0.2373"
"BACH1","-0.570063268415005764","-0.570063268415005764","0.570063268415005764","Repressed","201","viper","201","0.570063268415005764",NA,NA,"6","Literature--ChIP-seq(rank=21); ENCODE--ChIP-seq(rank=41); ReMap--ChIP-seq(rank=65); ARCHS4--Coexpression(rank=436); Enrichr--Queries(rank=442); GTEx--Coexpression(rank=706)","472","0.12800000000000000","Literature ChIP-seq,0.128"
"TCF3","-0.564835474207279864","-0.564835474207279864","0.564835474207279864","Repressed","202","viper","202","0.564835474207279864",NA,NA,"6","ENCODE--ChIP-seq(rank=5); Literature--ChIP-seq(rank=32); ReMap--ChIP-seq(rank=130); Enrichr--Queries(rank=1141); ARCHS4--Coexpression(rank=1156); GTEx--Coexpression(rank=1303)","186","0.04237000000000000","ENCODE ChIP-seq,0.04237"
"ESRRA","-0.555412680445570794","-0.555412680445570794","0.555412680445570794","Repressed","203","viper","203","0.555412680445570794",NA,NA,"5","ENCODE--ChIP-seq(rank=39); ReMap--ChIP-seq(rank=42); Enrichr--Queries(rank=1148); ARCHS4--Coexpression(rank=1219); GTEx--Coexpression(rank=1243)","497","0.14140000000000000","ReMap ChIP-seq,0.1414"
"PAX6","0.546812653500705736","0.546812653500705736","0.546812653500705736","Activated","204","viper","204","0.546812653500705736",NA,NA,"5","Literature--ChIP-seq(rank=114); ARCHS4--Coexpression(rank=247); ReMap--ChIP-seq(rank=261); Enrichr--Queries(rank=321); GTEx--Coexpression(rank=503)","522","0.15170000000000000","ARCHS4 Coexpression,0.1517"
"DUX4","0.537755955811231035","0.537755955811231035","0.537755955811231035","Activated","205","viper","205","0.537755955811231035",NA,NA,"2","ReMap--ChIP-seq(rank=291); ARCHS4--Coexpression(rank=1564)","1622","0.96070000000000011","ARCHS4 Coexpression,0.9607"
"GATA1","0.530748009698766010","0.530748009698766010","0.530748009698766010","Activated","206","viper","206","0.530748009698766010",NA,NA,"6","Literature--ChIP-seq(rank=18); ENCODE--ChIP-seq(rank=57); ReMap--ChIP-seq(rank=174); ARCHS4--Coexpression(rank=412); Enrichr--Queries(rank=885); GTEx--Coexpression(rank=885)","415","0.10979999999999999","Literature ChIP-seq,0.1098"
"SOX6","0.529932439481579531","0.529932439481579531","0.529932439481579531","Activated","207","viper","207","0.529932439481579531",NA,NA,"4","Enrichr--Queries(rank=83); ReMap--ChIP-seq(rank=126); ARCHS4--Coexpression(rank=689); GTEx--Coexpression(rank=1088)","252","0.05912000000000000","Enrichr Queries,0.05912"
"YY1","0.527571706249954309","0.527571706249954309","0.527571706249954309","Activated","208","viper","208","0.527571706249954309",NA,NA,"6","ENCODE--ChIP-seq(rank=107); Literature--ChIP-seq(rank=139); ReMap--ChIP-seq(rank=230); GTEx--Coexpression(rank=334); ARCHS4--Coexpression(rank=1082); Enrichr--Queries(rank=1263)","659","0.20780000000000001","GTEx Coexpression,0.2078"
"ZBTB11","0.520185485603002151","0.520185485603002151","0.520185485603002151","Activated","209","viper","209","0.520185485603002151",NA,NA,"4","ReMap--ChIP-seq(rank=242); ARCHS4--Coexpression(rank=1109); Enrichr--Queries(rank=1400); GTEx--Coexpression(rank=1550)","1461","0.68120000000000003","ARCHS4 Coexpression,0.6812"
"RELB","-0.497982701990222210","-0.497982701990222210","0.497982701990222210","Repressed","210","viper","210","0.497982701990222210",NA,NA,"4","ReMap--ChIP-seq(rank=35); Enrichr--Queries(rank=70); ARCHS4--Coexpression(rank=130); GTEx--Coexpression(rank=301)","217","0.04986000000000000","Enrichr Queries,0.04986"
"ELK1","-0.491838760301205880","-0.491838760301205880","0.491838760301205880","Repressed","211","viper","211","0.491838760301205880",NA,NA,"5","GTEx--Coexpression(rank=71); ENCODE--ChIP-seq(rank=101); Literature--ChIP-seq(rank=128); ReMap--ChIP-seq(rank=270); ARCHS4--Coexpression(rank=1433)","194","0.04418000000000000","GTEx Coexpression,0.04418"
"GRHL2","-0.486496891645445351","-0.486496891645445351","0.486496891645445351","Repressed","212","viper","212","0.486496891645445351",NA,NA,"5","ReMap--ChIP-seq(rank=13); ARCHS4--Coexpression(rank=36); Literature--ChIP-seq(rank=129); GTEx--Coexpression(rank=235); Enrichr--Queries(rank=362)","103","0.02211000000000000","ARCHS4 Coexpression,0.02211"
"BHLHE40","-0.473057649562830695","-0.473057649562830695","0.473057649562830695","Repressed","213","viper","213","0.473057649562830695",NA,NA,"4","ENCODE--ChIP-seq(rank=23); ReMap--ChIP-seq(rank=74); GTEx--Coexpression(rank=131); ARCHS4--Coexpression(rank=190)","326","0.08152000000000000","GTEx Coexpression,0.08152"
"RFX2","-0.467580998320814789","-0.467580998320814789","0.467580998320814789","Repressed","214","viper","214","0.467580998320814789",NA,NA,"4","Enrichr--Queries(rank=71); ReMap--ChIP-seq(rank=205); ARCHS4--Coexpression(rank=720); GTEx--Coexpression(rank=1514)","220","0.05057000000000000","Enrichr Queries,0.05057"
"ELF5","-0.443580967337227849","-0.443580967337227849","0.443580967337227849","Repressed","215","viper","215","0.443580967337227849",NA,NA,"5","Literature--ChIP-seq(rank=86); ReMap--ChIP-seq(rank=181); ARCHS4--Coexpression(rank=183); Enrichr--Queries(rank=197); GTEx--Coexpression(rank=241)","422","0.11240000000000000","ARCHS4 Coexpression,0.1124"
"CTCFL","0.427870949998645445","0.427870949998645445","0.427870949998645445","Activated","216","viper","216","0.427870949998645445",NA,NA,"5","ReMap--ChIP-seq(rank=37); ENCODE--ChIP-seq(rank=47); Enrichr--Queries(rank=394); ARCHS4--Coexpression(rank=839); GTEx--Coexpression(rank=1383)","462","0.12460000000000000","ReMap ChIP-seq,0.1246"
"IRF1","0.427749767962154193","0.427749767962154193","0.427749767962154193","Activated","217","viper","217","0.427749767962154193",NA,NA,"6","ENCODE--ChIP-seq(rank=96); ReMap--ChIP-seq(rank=108); Literature--ChIP-seq(rank=110); GTEx--Coexpression(rank=116); ARCHS4--Coexpression(rank=239); Enrichr--Queries(rank=255)","294","0.07217999999999999","GTEx Coexpression,0.07218"
"FOXK2","0.419699231221892788","0.419699231221892788","0.419699231221892788","Activated","218","viper","218","0.419699231221892788",NA,NA,"4","ReMap--ChIP-seq(rank=203); GTEx--Coexpression(rank=819); Enrichr--Queries(rank=1242); ARCHS4--Coexpression(rank=1477)","1224","0.50960000000000005","GTEx Coexpression,0.5096"
"CREB1","0.419330374197540545","0.419330374197540545","0.419330374197540545","Activated","219","viper","219","0.419330374197540545",NA,NA,"6","ENCODE--ChIP-seq(rank=94); Literature--ChIP-seq(rank=124); ReMap--ChIP-seq(rank=252); ARCHS4--Coexpression(rank=568); Enrichr--Queries(rank=1097); GTEx--Coexpression(rank=1183)","931","0.34889999999999999","ARCHS4 Coexpression,0.3489"
"TP63","-0.414285737048094738","-0.414285737048094738","0.414285737048094738","Repressed","220","viper","220","0.414285737048094738",NA,NA,"5","Literature--ChIP-seq(rank=12); ReMap--ChIP-seq(rank=17); ARCHS4--Coexpression(rank=121); Enrichr--Queries(rank=185); GTEx--Coexpression(rank=285)","246","0.05724000000000000","ReMap ChIP-seq,0.05724"
"ZNF24","-0.401648519115068214","-0.401648519115068214","0.401648519115068214","Repressed","221","viper","221","0.401648519115068214",NA,NA,"4","ReMap--ChIP-seq(rank=55); GTEx--Coexpression(rank=861); Enrichr--Queries(rank=1361); ARCHS4--Coexpression(rank=1457)","604","0.18520000000000000","ReMap ChIP-seq,0.1852"
"TFAP2A","-0.397360069407728889","-0.397360069407728889","0.397360069407728889","Repressed","222","viper","222","0.397360069407728889",NA,NA,"6","ENCODE--ChIP-seq(rank=24); Literature--ChIP-seq(rank=101); ReMap--ChIP-seq(rank=148); Enrichr--Queries(rank=262); GTEx--Coexpression(rank=413); ARCHS4--Coexpression(rank=442)","609","0.18659999999999999","Enrichr Queries,0.1866"
"SOX9","0.396191504439454167","0.396191504439454167","0.396191504439454167","Activated","223","viper","223","0.396191504439454167",NA,NA,"5","ARCHS4--Coexpression(rank=21); Literature--ChIP-seq(rank=33); ReMap--ChIP-seq(rank=81); Enrichr--Queries(rank=82); GTEx--Coexpression(rank=408)","59","0.01290000000000000","ARCHS4 Coexpression,0.0129"
"RXRA","0.386722703574030158","0.386722703574030158","0.386722703574030158","Activated","224","viper","224","0.386722703574030158",NA,NA,"6","ENCODE--ChIP-seq(rank=59); Literature--ChIP-seq(rank=121); ReMap--ChIP-seq(rank=146); Enrichr--Queries(rank=490); GTEx--Coexpression(rank=729); ARCHS4--Coexpression(rank=783)","932","0.34899999999999992","Enrichr Queries,0.349"
"IRF3","0.381995958548302317","0.381995958548302317","0.381995958548302317","Activated","225","viper","225","0.381995958548302317",NA,NA,"5","ENCODE--ChIP-seq(rank=90); ReMap--ChIP-seq(rank=248); ARCHS4--Coexpression(rank=408); Enrichr--Queries(rank=1109); GTEx--Coexpression(rank=1185)","746","0.25059999999999999","ARCHS4 Coexpression,0.2506"
"KLF5","-0.376708787319180671","-0.376708787319180671","0.376708787319180671","Repressed","226","viper","226","0.376708787319180671",NA,NA,"5","ARCHS4--Coexpression(rank=34); Literature--ChIP-seq(rank=66); ReMap--ChIP-seq(rank=125); Enrichr--Queries(rank=226); GTEx--Coexpression(rank=392)","97","0.02088000000000000","ARCHS4 Coexpression,0.02088"
"MYB","-0.372950720399701008","-0.372950720399701008","0.372950720399701008","Repressed","227","viper","227","0.372950720399701008",NA,NA,"6","Literature--ChIP-seq(rank=41); ENCODE--ChIP-seq(rank=69); ReMap--ChIP-seq(rank=71); ARCHS4--Coexpression(rank=578); GTEx--Coexpression(rank=701); Enrichr--Queries(rank=825)","724","0.23910000000000001","ReMap ChIP-seq,0.2391"
"MAF","-0.372258548862670902","-0.372258548862670902","0.372258548862670902","Repressed","228","viper","228","0.372258548862670902",NA,NA,"4","GTEx--Coexpression(rank=86); ReMap--ChIP-seq(rank=166); Enrichr--Queries(rank=180); ARCHS4--Coexpression(rank=497)","233","0.05352000000000000","GTEx Coexpression,0.05352"
"SMAD5","0.368725501006850476","0.368725501006850476","0.368725501006850476","Activated","229","viper","229","0.368725501006850476",NA,NA,"4","GTEx--Coexpression(rank=232); ReMap--ChIP-seq(rank=294); ARCHS4--Coexpression(rank=359); Enrichr--Queries(rank=1031)","506","0.14440000000000000","GTEx Coexpression,0.1444"
"TCF7L2","-0.366333391317823054","-0.366333391317823054","0.366333391317823054","Repressed","230","viper","230","0.366333391317823054",NA,NA,"6","ENCODE--ChIP-seq(rank=9); Literature--ChIP-seq(rank=40); ReMap--ChIP-seq(rank=49); GTEx--Coexpression(rank=135); Enrichr--Queries(rank=182); ARCHS4--Coexpression(rank=529)","308","0.07627000000000000","ENCODE ChIP-seq,0.07627"
"HOXB13","-0.361076988965392309","-0.361076988965392309","0.361076988965392309","Repressed","231","viper","231","0.361076988965392309",NA,NA,"4","ReMap--ChIP-seq(rank=245); Enrichr--Queries(rank=291); GTEx--Coexpression(rank=675); ARCHS4--Coexpression(rank=1144)","656","0.20730000000000001","Enrichr Queries,0.2073"
"ESR1","0.360716269391680278","0.360716269391680278","0.360716269391680278","Activated","232","viper","232","0.360716269391680278",NA,NA,"6","Literature--ChIP-seq(rank=6); ENCODE--ChIP-seq(rank=13); ReMap--ChIP-seq(rank=40); GTEx--Coexpression(rank=77); ARCHS4--Coexpression(rank=279); Enrichr--Queries(rank=330)","165","0.03659000000000000","Literature ChIP-seq,0.03659"
"NFATC2","0.360661713633018799","0.360661713633018799","0.360661713633018799","Activated","233","viper","233","0.360661713633018799",NA,NA,"3","Enrichr--Queries(rank=17); ARCHS4--Coexpression(rank=85); GTEx--Coexpression(rank=522)","55","0.01211000000000000","Enrichr Queries,0.01211"
"CDX2","-0.359475280840781175","-0.359475280840781175","0.359475280840781175","Repressed","234","viper","234","0.359475280840781175",NA,NA,"5","Literature--ChIP-seq(rank=69); ReMap--ChIP-seq(rank=73); ARCHS4--Coexpression(rank=240); Enrichr--Queries(rank=340); GTEx--Coexpression(rank=612)","512","0.14740000000000000","ARCHS4 Coexpression,0.1474"
"BATF","0.358931108700185852","0.358931108700185852","0.358931108700185852","Activated","235","viper","235","0.358931108700185852",NA,NA,"5","ARCHS4--Coexpression(rank=37); ENCODE--ChIP-seq(rank=105); ReMap--ChIP-seq(rank=158); GTEx--Coexpression(rank=264); Enrichr--Queries(rank=610)","105","0.02273000000000000","ARCHS4 Coexpression,0.02273"
"WT1","-0.358253798927087641","-0.358253798927087641","0.358253798927087641","Repressed","236","viper","236","0.358253798927087641",NA,NA,"4","Literature--ChIP-seq(rank=4); ARCHS4--Coexpression(rank=260); Enrichr--Queries(rank=284); GTEx--Coexpression(rank=660)","112","0.02439000000000000","Literature ChIP-seq,0.02439"
"ATF6","-0.356684479275623412","-0.356684479275623412","0.356684479275623412","Repressed","237","viper","237","0.356684479275623412",NA,NA,"3","Enrichr--Queries(rank=682); GTEx--Coexpression(rank=988); ARCHS4--Coexpression(rank=1151)","1181","0.48580000000000001","Enrichr Queries,0.4858"
"NCOA2","0.343051457571569018","0.343051457571569018","0.343051457571569018","Activated","238","viper","238","0.343051457571569018",NA,NA,"4","ReMap--ChIP-seq(rank=168); ARCHS4--Coexpression(rank=474); GTEx--Coexpression(rank=558); Enrichr--Queries(rank=782)","821","0.29120000000000001","ARCHS4 Coexpression,0.2912"
"SMAD1","-0.338042940921115864","-0.338042940921115864","0.338042940921115864","Repressed","239","viper","239","0.338042940921115864",NA,NA,"5","Literature--ChIP-seq(rank=108); ReMap--ChIP-seq(rank=225); Enrichr--Queries(rank=283); ARCHS4--Coexpression(rank=432); GTEx--Coexpression(rank=1241)","643","0.20160000000000000","Enrichr Queries,0.2016"
"PPARA","0.336157302734326202","0.336157302734326202","0.336157302734326202","Activated","240","viper","240","0.336157302734326202",NA,NA,"3","Enrichr--Queries(rank=261); ARCHS4--Coexpression(rank=533); GTEx--Coexpression(rank=872)","606","0.18590000000000001","Enrichr Queries,0.1859"
"EPAS1","0.297396132527873835","0.297396132527873835","0.297396132527873835","Activated","241","viper","241","0.297396132527873835",NA,NA,"4","ARCHS4--Coexpression(rank=17); GTEx--Coexpression(rank=19); ReMap--ChIP-seq(rank=140); Enrichr--Queries(rank=150)","50","0.01044000000000000","ARCHS4 Coexpression,0.01044"
"HNF4A","-0.269072742769888351","-0.269072742769888351","0.269072742769888351","Repressed","242","viper","242","0.269072742769888351",NA,NA,"6","Literature--ChIP-seq(rank=11); ENCODE--ChIP-seq(rank=12); ReMap--ChIP-seq(rank=43); ARCHS4--Coexpression(rank=374); Enrichr--Queries(rank=425); GTEx--Coexpression(rank=638)","277","0.06707000000000000","Literature ChIP-seq,0.06707"
"MYOD1","0.263269468389492112","0.263269468389492112","0.263269468389492112","Activated","243","viper","243","0.263269468389492112",NA,NA,"5","ReMap--ChIP-seq(rank=6); ENCODE--ChIP-seq(rank=10); ARCHS4--Coexpression(rank=391); GTEx--Coexpression(rank=947); Enrichr--Queries(rank=1065)","93","0.02020000000000000","ReMap ChIP-seq,0.0202"
"SMAD4","-0.259014204772905099","-0.259014204772905099","0.259014204772905099","Repressed","244","viper","244","0.259014204772905099",NA,NA,"5","Literature--ChIP-seq(rank=35); ReMap--ChIP-seq(rank=78); GTEx--Coexpression(rank=646); ARCHS4--Coexpression(rank=992); Enrichr--Queries(rank=1170)","673","0.21340000000000001","Literature ChIP-seq,0.2134"
"RFX1","0.251273741221723246","0.251273741221723246","0.251273741221723246","Activated","245","viper","245","0.251273741221723246",NA,NA,"4","ReMap--ChIP-seq(rank=163); Enrichr--Queries(rank=1165); GTEx--Coexpression(rank=1467); ARCHS4--Coexpression(rank=1533)","1288","0.54879999999999995","ReMap ChIP-seq,0.5488"
"MAX","0.246945768416143546","0.246945768416143546","0.246945768416143546","Activated","246","viper","246","0.246945768416143546",NA,NA,"5","ENCODE--ChIP-seq(rank=55); ReMap--ChIP-seq(rank=171); ARCHS4--Coexpression(rank=382); GTEx--Coexpression(rank=531); Enrichr--Queries(rank=1038)","711","0.23460000000000000","ARCHS4 Coexpression,0.2346"
"TFAP4","-0.236859993567170857","-0.236859993567170857","0.236859993567170857","Repressed","247","viper","247","0.236859993567170857",NA,NA,"4","ReMap--ChIP-seq(rank=110); ARCHS4--Coexpression(rank=711); Enrichr--Queries(rank=1172); GTEx--Coexpression(rank=1423)","975","0.37040000000000001","ReMap ChIP-seq,0.3704"
"LYL1","0.232689099058536297","0.232689099058536297","0.232689099058536297","Activated","248","viper","248","0.232689099058536297",NA,NA,"5","Literature--ChIP-seq(rank=65); ReMap--ChIP-seq(rank=124); ARCHS4--Coexpression(rank=461); Enrichr--Queries(rank=755); GTEx--Coexpression(rank=802)","802","0.28320000000000001","ARCHS4 Coexpression,0.2832"
"GATA4","-0.223701888597461818","-0.223701888597461818","0.223701888597461818","Repressed","249","viper","249","0.223701888597461818",NA,NA,"5","ReMap--ChIP-seq(rank=46); Literature--ChIP-seq(rank=74); ARCHS4--Coexpression(rank=228); Enrichr--Queries(rank=439); GTEx--Coexpression(rank=973)","494","0.14000000000000001","ARCHS4 Coexpression,0.14"
"FOXL2","-0.204306368583518999","-0.204306368583518999","0.204306368583518999","Repressed","250","viper","250","0.204306368583518999",NA,NA,"3","Enrichr--Queries(rank=392); GTEx--Coexpression(rank=509); ARCHS4--Coexpression(rank=693)","794","0.27920000000000000","Enrichr Queries,0.2792"
"GATA2","-0.195666352775398067","-0.195666352775398067","0.195666352775398067","Repressed","251","viper","251","0.195666352775398067",NA,NA,"6","ENCODE--ChIP-seq(rank=14); Literature--ChIP-seq(rank=46); ReMap--ChIP-seq(rank=176); Enrichr--Queries(rank=286); ARCHS4--Coexpression(rank=481); GTEx--Coexpression(rank=537)","444","0.11860000000000000","ENCODE ChIP-seq,0.1186"
"GLI2","0.193500373700342732","0.193500373700342732","0.193500373700342732","Activated","252","viper","252","0.193500373700342732",NA,NA,"3","Enrichr--Queries(rank=35); GTEx--Coexpression(rank=57); ARCHS4--Coexpression(rank=77)","114","0.02493000000000000","Enrichr Queries,0.02493"
"XBP1","-0.185077606792750565","-0.185077606792750565","0.185077606792750565","Repressed","253","viper","253","0.185077606792750565",NA,NA,"4","ReMap--ChIP-seq(rank=178); ARCHS4--Coexpression(rank=351); GTEx--Coexpression(rank=718); Enrichr--Queries(rank=928)","681","0.21560000000000001","ARCHS4 Coexpression,0.2156"
"ZNF274","-0.184880721647309842","-0.184880721647309842","0.184880721647309842","Repressed","254","viper","254","0.184880721647309842",NA,NA,"6","ENCODE--ChIP-seq(rank=103); Literature--ChIP-seq(rank=140); ReMap--ChIP-seq(rank=164); Enrichr--Queries(rank=541); GTEx--Coexpression(rank=627); ARCHS4--Coexpression(rank=727)","1004","0.38529999999999998","Enrichr Queries,0.3853"
"E2F5","-0.173830084317671635","-0.173830084317671635","0.173830084317671635","Repressed","255","viper","255","0.173830084317671635",NA,NA,"4","ReMap--ChIP-seq(rank=192); Enrichr--Queries(rank=751); ARCHS4--Coexpression(rank=1108); GTEx--Coexpression(rank=1228)","1272","0.53490000000000004","Enrichr Queries,0.5349"
"NFE2","0.172962738562716184","0.172962738562716184","0.172962738562716184","Activated","256","viper","256","0.172962738562716184",NA,NA,"5","ENCODE--ChIP-seq(rank=76); ReMap--ChIP-seq(rank=179); ARCHS4--Coexpression(rank=512); Enrichr--Queries(rank=593); GTEx--Coexpression(rank=776)","868","0.31450000000000000","ARCHS4 Coexpression,0.3145"
"ESR2","-0.164079490071127126","-0.164079490071127126","0.164079490071127126","Repressed","257","viper","257","0.164079490071127126",NA,NA,"5","ReMap--ChIP-seq(rank=9); Literature--ChIP-seq(rank=17); Enrichr--Queries(rank=555); GTEx--Coexpression(rank=897); ARCHS4--Coexpression(rank=1006)","139","0.03030000000000000","ReMap ChIP-seq,0.0303"
"PGR","0.158340454114633378","0.158340454114633378","0.158340454114633378","Activated","258","viper","258","0.158340454114633378",NA,NA,"4","GTEx--Coexpression(rank=26); ReMap--ChIP-seq(rank=64); ARCHS4--Coexpression(rank=278); Enrichr--Queries(rank=568)","72","0.01618000000000000","GTEx Coexpression,0.01618"
"STAT6","0.154367900697980870","0.154367900697980870","0.154367900697980870","Activated","259","viper","259","0.154367900697980870",NA,NA,"4","Literature--ChIP-seq(rank=36); ARCHS4--Coexpression(rank=389); Enrichr--Queries(rank=472); GTEx--Coexpression(rank=738)","688","0.21950000000000000","Literature ChIP-seq,0.2195"
"TEAD2","-0.121094901649468803","-0.121094901649468803","0.121094901649468803","Repressed","260","viper","260","0.121094901649468803",NA,NA,"4","GTEx--Coexpression(rank=8); ReMap--ChIP-seq(rank=162); ARCHS4--Coexpression(rank=266); Enrichr--Queries(rank=303)","23","0.00497800000000000","GTEx Coexpression,0.004978"
"E2F6","0.104312380812348782","0.104312380812348782","0.104312380812348782","Activated","261","viper","261","0.104312380812348782",NA,NA,"5","ENCODE--ChIP-seq(rank=50); ReMap--ChIP-seq(rank=119); ARCHS4--Coexpression(rank=478); GTEx--Coexpression(rank=967); Enrichr--Queries(rank=1050)","832","0.29360000000000003","ARCHS4 Coexpression,0.2936"
"OTX2","0.102835417567567089","0.102835417567567089","0.102835417567567089","Activated","262","viper","262","0.102835417567567089",NA,NA,"4","ReMap--ChIP-seq(rank=249); GTEx--Coexpression(rank=502); Enrichr--Queries(rank=715); ARCHS4--Coexpression(rank=1225)","863","0.31240000000000001","GTEx Coexpression,0.3124"
"VDR","-0.102184286528015450","-0.102184286528015450","0.102184286528015450","Repressed","263","viper","263","0.102184286528015450",NA,NA,"5","Literature--ChIP-seq(rank=42); Enrichr--Queries(rank=72); ARCHS4--Coexpression(rank=115); ReMap--ChIP-seq(rank=243); GTEx--Coexpression(rank=293)","224","0.05128000000000000","Enrichr Queries,0.05128"
"THAP1","-0.099611321636647085","-0.099611321636647085","0.099611321636647085","Repressed","264","viper","264","0.099611321636647085",NA,NA,"5","ENCODE--ChIP-seq(rank=110); ReMap--ChIP-seq(rank=167); ARCHS4--Coexpression(rank=1125); Enrichr--Queries(rank=1127); GTEx--Coexpression(rank=1206)","1308","0.56230000000000002","ReMap ChIP-seq,0.5623"
"SOX10","0.093482818058502851","0.093482818058502851","0.093482818058502851","Activated","265","viper","265","0.093482818058502851",NA,NA,"4","GTEx--Coexpression(rank=56); ARCHS4--Coexpression(rank=169); ReMap--ChIP-seq(rank=231); Enrichr--Queries(rank=417)","160","0.03485000000000000","GTEx Coexpression,0.03485"
"PPARG","-0.077714998157912912","-0.077714998157912912","0.077714998157912912","Repressed","266","viper","266","0.077714998157912912",NA,NA,"5","Literature--ChIP-seq(rank=28); GTEx--Coexpression(rank=37); ReMap--ChIP-seq(rank=104); ARCHS4--Coexpression(rank=381); Enrichr--Queries(rank=403)","107","0.02302000000000000","GTEx Coexpression,0.02302"
"FLI1","0.063829548983531312","0.063829548983531312","0.063829548983531312","Activated","267","viper","267","0.063829548983531312",NA,NA,"6","GTEx--Coexpression(rank=59); Literature--ChIP-seq(rank=105); ReMap--ChIP-seq(rank=107); ENCODE--ChIP-seq(rank=115); ARCHS4--Coexpression(rank=307); Enrichr--Queries(rank=418)","166","0.03671000000000000","GTEx Coexpression,0.03671"
"PAX5","0.042776972932449087","0.042776972932449087","0.042776972932449087","Activated","268","viper","268","0.042776972932449087",NA,NA,"5","ENCODE--ChIP-seq(rank=46); ReMap--ChIP-seq(rank=106); ARCHS4--Coexpression(rank=375); Enrichr--Queries(rank=578); GTEx--Coexpression(rank=810)","705","0.23030000000000000","ARCHS4 Coexpression,0.2303"
"PAX8","-0.028443306394762467","-0.028443306394762467","0.028443306394762467","Repressed","269","viper","269","0.028443306394762467",NA,NA,"4","ARCHS4--Coexpression(rank=25); GTEx--Coexpression(rank=239); ReMap--ChIP-seq(rank=246); Enrichr--Queries(rank=408)","68","0.01536000000000000","ARCHS4 Coexpression,0.01536"
"NFKB2","0.006307764129812586","0.006307764129812586","0.006307764129812586","Activated","270","viper","270","0.006307764129812586",NA,NA,"4","ReMap--ChIP-seq(rank=18); GTEx--Coexpression(rank=72); Enrichr--Queries(rank=188); ARCHS4--Coexpression(rank=337)","196","0.04480000000000000","GTEx Coexpression,0.0448"
