"TF","MD_ALL"
"AHR","0.7459459624505876407"
"AR","-1.3160657812761793473"
"ARID2","0.8701384205518613024"
"ARID3A","0.0873457066083752065"
"ARNT","2.1314288266827339235"
"ARNTL","1.9765577630916719709"
"ASCL1","3.2748317468376497708"
"ATF1","1.1236623161722758546"
"ATF2","-1.3197342529880899953"
"ATF3","-1.3365607363056726253"
"ATF4","-3.3093280628310686176"
"ATF6","-1.7230771171285168553"
"ATF7","0.6035208123067741237"
"BACH1","-0.9124875842554822647"
"BACH2","0.3405728337735290934"
"BATF","3.4173068570226274865"
"BCL11A","2.8724201447498023398"
"BCL6","-1.0098618837574950824"
"BHLHE22","-0.9930107150261764382"
"BHLHE40","-1.1365420055471726624"
"CDX2","0.5212001390116927091"
"CEBPA","0.6047275726455155764"
"CEBPB","0.2453918003032598827"
"CEBPD","-0.7345060361961758266"
"CEBPG","2.6317853374474591277"
"CLOCK","3.1222114575892989663"
"CREB1","0.3375388842125649491"
"CREB3","-0.8620793128042008036"
"CREB3L1","0.0035149142252100794"
"CREM","1.0286079615652019559"
"CTCF","1.4841177568130479170"
"CTCFL","3.1613112197841970463"
"CUX1","1.9018804878587283191"
"DUX4","1.1158632185783716739"
"E2F1","-0.8991485408738729701"
"E2F2","-1.4070250712347838196"
"E2F3","-1.4087303597992026916"
"E2F4","-4.4475539422671586109"
"E2F5","-0.9397345369784666502"
"E2F6","-1.5046542416253623209"
"E2F7","0.3395001218540814603"
"EBF1","3.5909381446789732095"
"EGR1","-0.0162804736540937793"
"EHF","0.4979208414712223418"
"ELF1","1.2556884808196939751"
"ELF3","2.3081123195190680342"
"ELF5","-1.8873457037782184198"
"ELK1","-1.0947211807281416185"
"ELK4","-0.9152196296497576711"
"EOMES","0.7576111179971981580"
"EPAS1","1.1599798524775626340"
"ERG","-1.0529211250775845077"
"ESR1","1.8046574781160578116"
"ESR2","1.2766166482944214522"
"ESRRA","2.7538016700449161611"
"ETS1","1.4870317175909220087"
"ETS2","-1.6164722635825561348"
"ETV1","2.5630959836229116888"
"ETV4","0.0096689242331702459"
"FLI1","-0.9600080504621690825"
"FOS","-0.1592249869329265266"
"FOSL1","-1.1437159035332251644"
"FOSL2","0.1248358919817018076"
"FOXA1","-0.0417180504745681691"
"FOXA2","-1.4851115438870425844"
"FOXJ2","0.1999431419156184053"
"FOXK2","-0.0207265551706140201"
"FOXL2","-1.5853541736415752705"
"FOXM1","-1.6731560663363331809"
"FOXO1","0.1688293485649217107"
"FOXO3","2.3512528120934197418"
"FOXO4","-0.1732451549460385098"
"FOXP1","-4.5555186050635168016"
"FOXP2","-2.7413122632045592297"
"GABPA","1.8104841700951239680"
"GATA1","-0.0369946252094498149"
"GATA2","-0.7769454594411743242"
"GATA3","2.7433956695764902811"
"GATA4","-1.0102406418127372056"
"GATA6","2.2501542588232821274"
"GFI1B","1.4315521000296809184"
"GLI2","0.2974255409667607708"
"GRHL2","1.8143802341843249248"
"HBP1","-1.1906034548387531835"
"HHEX","-0.3335755096796071961"
"HIF1A","-0.6359946402994720582"
"HINFP","-0.1899058913022989015"
"HMBOX1","-1.3238806701383467601"
"HNF1A","-1.5713674764495040304"
"HNF1B","0.6966290107043492386"
"HNF4A","0.5892237233987021039"
"HNF4G","1.1690258038573060340"
"HOXA9","0.9963541611776993712"
"HOXB13","0.2171500285627212534"
"HSF1","-1.7380849881156235082"
"IKZF1","2.3755351736446481681"
"IRF1","3.0469557549723464973"
"IRF2","3.5167291173982611063"
"IRF3","2.5711509284036302425"
"IRF4","4.2131747093632032630"
"IRF9","1.2106911174527548170"
"JUN","0.8110649044039852651"
"JUNB","2.7288800522886726974"
"JUND","0.4366002053887453882"
"KDM5B","1.7357328444507944543"
"KLF1","1.7950321224911354179"
"KLF13","-0.7622444368915455293"
"KLF3","0.0006801382275662927"
"KLF4","-0.3972469803802776700"
"KLF5","1.0841493961610826346"
"KLF6","2.1138391575573489689"
"KLF9","2.2605317284146910772"
"KMT2A","-2.1825699917350247503"
"LEF1","-0.0767255020942999855"
"LHX2","1.3829616733008940344"
"LYL1","2.8522275679950985783"
"MAF","1.1532484392923578742"
"MAFB","3.3322796637854636970"
"MAFF","3.2151571705601775797"
"MAFG","2.6482851757535827986"
"MAFK","2.4378369096384440162"
"MAX","1.8927848590307438936"
"MAZ","3.8525838545096799947"
"MBD1","-1.2216141689942936477"
"MBD2","2.4366846427523909391"
"MEF2A","4.6703841403227048801"
"MEF2B","2.1355695153271692099"
"MEF2C","1.8071260852009629616"
"MEIS1","2.0409767350284444554"
"MEIS2","2.6200925938202734855"
"MITF","-0.5634094880517750425"
"MNT","-2.1490880917697205987"
"MXI1","-1.6269886108030640059"
"MYB","0.4860356393597414226"
"MYBL2","1.2396186336578813858"
"MYC","-4.1583313009934101956"
"MYCN","-1.5004982033930223118"
"MYOD1","3.6465536599820911334"
"NANOG","1.4293744273000246192"
"NCOA1","2.0880039049077785407"
"NCOA2","1.5376722882468065734"
"NCOA3","2.2900412751779617437"
"NEUROD1","1.5777236677636028439"
"NFATC1","1.4792478962780286622"
"NFATC2","-0.2115957888768620343"
"NFE2","2.1837170684287130484"
"NFE2L1","2.4215441992372870317"
"NFE2L2","-0.6749629654655514566"
"NFIC","-0.0861735474901514920"
"NFKB1","0.8553014215610084126"
"NFKB2","-2.2652519711136878122"
"NFYA","-1.8145451497537201657"
"NFYB","0.7457095781399283307"
"NR1H2","0.4084396800217975354"
"NR1H3","1.2885375860568417661"
"NR2C2","-4.4536361345693054048"
"NR2F1","3.6020513128797220226"
"NR2F6","-0.6847190531884070896"
"NR3C1","-1.0759174562970930111"
"NR4A1","2.7537958478639557036"
"NR5A2","-0.6011160866228203448"
"NRF1","0.1228517696430885542"
"ONECUT1","0.8979130792589360421"
"OTX2","1.1716847348034855614"
"PAX5","1.6141048808741416121"
"PAX6","-0.4218380212947404617"
"PAX8","0.6138434076981674758"
"PBX2","2.1865012225705062754"
"PBX3","3.4657655618472880121"
"PDX1","2.6334595007256185184"
"PGR","0.4262173608991297602"
"PKNOX1","0.3523876623344503467"
"POU2F1","1.6194336711784145244"
"POU2F2","0.6622803091850814061"
"POU4F2","3.3516239221687702532"
"POU5F1","2.4535941109289396422"
"PPARA","1.5295020525139317868"
"PPARG","0.3403229817291988368"
"PRDM1","0.9131113597683984118"
"PRDM14","5.1600886966832444358"
"PROX1","3.3049115995892712760"
"RARA","-0.3419343200348421430"
"RBPJ","2.9903843858002630007"
"REL","0.8116322022563919880"
"RELA","1.3621842103802632717"
"RELB","2.3663217685372690546"
"REST","-0.0513714930675056580"
"RFX1","-0.0311461761038540966"
"RFX2","-0.1561724713425482192"
"RFX5","0.9123614145437864975"
"RUNX1","1.7683242707405411043"
"RUNX2","2.9449193122870225281"
"RUNX3","1.2130557444559664226"
"RXRA","0.8151059726771355818"
"SIX2","3.3422420440632758520"
"SIX5","3.6391712345097975145"
"SMAD1","0.1851799674123028594"
"SMAD3","0.0711664445582772809"
"SMAD4","-0.2118134721072756632"
"SMAD5","-1.3582591172969464832"
"SNAI2","-0.9853779016345465269"
"SNAPC4","-0.1533510909933468169"
"SOX10","-1.0095233407213350940"
"SOX11","0.6392706205419688148"
"SOX13","2.3480075352441942549"
"SOX2","0.2956964696778641155"
"SOX6","0.6827402858373641248"
"SOX9","-0.1318007535703100419"
"SP1","-1.1256568047564867729"
"SP2","1.3897381795464855969"
"SP3","0.3680226359982088358"
"SP4","2.6887114340030122683"
"SPI1","2.4023122919445318857"
"SPIB","2.1436361583058136659"
"SREBF1","0.0948900347655425164"
"SREBF2","-1.7315606814133019942"
"SRF","0.1231457129038918408"
"STAT1","3.2303491339632364188"
"STAT2","1.1310162110979233852"
"STAT3","0.2968852638587997084"
"STAT4","-0.0053305238478508219"
"STAT5A","1.4922434277090532717"
"STAT5B","1.3955739564100275718"
"STAT6","0.2856273540429090096"
"TAL1","0.7910220252623646475"
"TBP","2.6121057796452995525"
"TBX21","2.5123300763581419837"
"TCF12","4.4950381615736478835"
"TCF3","1.0632485947425289741"
"TCF4","2.6326274010438517337"
"TCF7","2.4953778349188393548"
"TCF7L2","1.4636221627798333689"
"TEAD1","4.8098987037010010326"
"TEAD2","-0.5637614092131753019"
"TEAD4","4.4503675577308676736"
"TFAP2A","0.7133648162495251910"
"TFAP2C","2.1003243743798032384"
"TFAP4","2.9912720198485343026"
"TFDP1","-2.0210412014573915229"
"TGIF2","-0.3533122876499686371"
"THAP1","4.3530360010689062022"
"THAP11","2.3401594294636605120"
"TP53","-0.0944213059597519000"
"TP63","0.7524637428451721455"
"TP73","0.8741265530812296625"
"TWIST1","-0.6829581336948867820"
"USF1","1.0473739044188552505"
"USF2","1.7034505501826753271"
"VDR","-0.5407386484006360128"
"WT1","0.4127461934373531927"
"XBP1","0.5249755677072588389"
"YY1","-0.2570726828966517497"
"ZBED1","-0.1471007776812696122"
"ZBTB11","-1.3435181491411622989"
"ZBTB33","-0.2128261555740900979"
"ZBTB7A","-4.8119867444243595855"
"ZEB1","0.3681567637151484940"
"ZEB2","-1.6493512190010155560"
"ZFX","-0.8494402292170164515"
"ZKSCAN1","1.1602680569173799974"
"ZNF143","2.2692040597964888704"
"ZNF217","2.0640216445332586481"
"ZNF24","-1.3623175055999827698"
"ZNF263","-6.6415244938283013454"
"ZNF274","-0.8756490195970095813"
"ZNF384","1.5474955559119751847"
"ZNF592","1.7411722565136134033"
"ZNF639","2.4921528475347813902"
"ZNF740","0.1602517045027832543"
