"TF","LD_ALL","Activity_Score_Mean","Score","Method_Direction","Rank","Method","Method_Rank","Method_Score","Method_P_Value","Method_Adjusted_P_Value","CheA3_Library_Count","CheA3_Libraries","CheA3_Integrated_TopRank","CheA3_Integrated_Score","CheA3_Integrated_Library"
"ZNF263","-9.98426010158213550","-9.98426010158213550","9.98426010158213550","Repressed","1","viper","1","9.98426010158213550",NA,NA,"6","ENCODE--ChIP-seq(rank=54); Literature--ChIP-seq(rank=81); ReMap--ChIP-seq(rank=183); GTEx--Coexpression(rank=417); Enrichr--Queries(rank=828); ARCHS4--Coexpression(rank=1306)","945","0.25950000000000001","GTEx Coexpression,0.2595"
"ZBTB7A","-7.88028853614985003","-7.88028853614985003","7.88028853614985003","Repressed","2","viper","2","7.88028853614985003",NA,NA,"5","ENCODE--ChIP-seq(rank=38); ReMap--ChIP-seq(rank=81); GTEx--Coexpression(rank=635); Enrichr--Queries(rank=1089); ARCHS4--Coexpression(rank=1567)","983","0.27270000000000000","ReMap ChIP-seq,0.2727"
"PRDM14","7.86677109685956388","7.86677109685956388","7.86677109685956388","Activated","3","viper","3","7.86677109685956388",NA,NA,"5","ReMap--ChIP-seq(rank=20); Literature--ChIP-seq(rank=56); GTEx--Coexpression(rank=469); ARCHS4--Coexpression(rank=589); Enrichr--Queries(rank=910)","314","0.06734000000000000","ReMap ChIP-seq,0.06734"
"E2F4","-6.48735022301319830","-6.48735022301319830","6.48735022301319830","Repressed","4","viper","4","6.48735022301319830",NA,NA,"6","ENCODE--ChIP-seq(rank=19); Literature--ChIP-seq(rank=44); Enrichr--Queries(rank=84); ReMap--ChIP-seq(rank=231); GTEx--Coexpression(rank=752); ARCHS4--Coexpression(rank=1303)","278","0.05983000000000000","Enrichr Queries,0.05983"
"MNT","-6.42037141462861349","-6.42037141462861349","6.42037141462861349","Repressed","5","viper","5","6.42037141462861349",NA,NA,"4","ReMap--ChIP-seq(rank=108); GTEx--Coexpression(rank=951); Enrichr--Queries(rank=1136); ARCHS4--Coexpression(rank=1250)","1187","0.36359999999999998","ReMap ChIP-seq,0.3636"
"MAZ","5.74746918432428799","5.74746918432428799","5.74746918432428799","Activated","6","viper","6","5.74746918432428799",NA,NA,"5","ENCODE--ChIP-seq(rank=51); Enrichr--Queries(rank=55); ReMap--ChIP-seq(rank=150); ARCHS4--Coexpression(rank=1392); GTEx--Coexpression(rank=1512)","183","0.03917000000000000","Enrichr Queries,0.03917"
"NR2F1","5.44387871016951763","5.44387871016951763","5.44387871016951763","Activated","7","viper","7","5.44387871016951763",NA,NA,"4","ReMap--ChIP-seq(rank=22); ARCHS4--Coexpression(rank=104); Enrichr--Queries(rank=379); GTEx--Coexpression(rank=810)","297","0.06388000000000001","ARCHS4 Coexpression,0.06388"
"KLF9","5.39647546068171202","5.39647546068171202","5.39647546068171202","Activated","8","viper","8","5.39647546068171202",NA,NA,"4","ReMap--ChIP-seq(rank=170); ARCHS4--Coexpression(rank=191); Enrichr--Queries(rank=213); GTEx--Coexpression(rank=1288)","518","0.11730000000000000","ARCHS4 Coexpression,0.1173"
"LYL1","5.22026572264031063","5.22026572264031063","5.22026572264031063","Activated","9","viper","9","5.22026572264031063",NA,NA,"5","ReMap--ChIP-seq(rank=124); Literature--ChIP-seq(rank=141); Enrichr--Queries(rank=534); GTEx--Coexpression(rank=552); ARCHS4--Coexpression(rank=636)","1150","0.34350000000000003","GTEx Coexpression,0.3435"
"THAP1","5.13887880224505178","5.13887880224505178","5.13887880224505178","Activated","10","viper","10","5.13887880224505178",NA,NA,"5","ENCODE--ChIP-seq(rank=115); ARCHS4--Coexpression(rank=177); Enrichr--Queries(rank=187); ReMap--ChIP-seq(rank=245); GTEx--Coexpression(rank=1293)","484","0.10870000000000000","ARCHS4 Coexpression,0.1087"
"KLF5","4.98639953417881809","4.98639953417881809","4.98639953417881809","Activated","11","viper","11","4.98639953417881809",NA,NA,"5","Literature--ChIP-seq(rank=89); ReMap--ChIP-seq(rank=89); GTEx--Coexpression(rank=246); Enrichr--Queries(rank=726); ARCHS4--Coexpression(rank=1112)","641","0.15310000000000001","GTEx Coexpression,0.1531"
"ASCL1","4.91562673040917719","4.91562673040917719","4.91562673040917719","Activated","12","viper","12","4.91562673040917719",NA,NA,"4","ReMap--ChIP-seq(rank=128); GTEx--Coexpression(rank=416); ARCHS4--Coexpression(rank=1192); Enrichr--Queries(rank=1231)","943","0.25890000000000002","GTEx Coexpression,0.2589"
"SIX5","4.66086912668478792","4.66086912668478792","4.66086912668478792","Activated","13","viper","13","4.66086912668478792",NA,NA,"5","ReMap--ChIP-seq(rank=40); ENCODE--ChIP-seq(rank=80); Enrichr--Queries(rank=386); ARCHS4--Coexpression(rank=1216); GTEx--Coexpression(rank=1542)","576","0.13469999999999999","ReMap ChIP-seq,0.1347"
"MAX","4.57969708500421646","4.57969708500421646","4.57969708500421646","Activated","14","viper","14","4.57969708500421646",NA,NA,"5","ENCODE--ChIP-seq(rank=36); ReMap--ChIP-seq(rank=97); ARCHS4--Coexpression(rank=213); Enrichr--Queries(rank=491); GTEx--Coexpression(rank=1085)","564","0.13080000000000000","ARCHS4 Coexpression,0.1308"
"TEAD1","4.56749512975330330","4.56749512975330330","4.56749512975330330","Activated","15","viper","15","4.56749512975330330",NA,NA,"4","ARCHS4--Coexpression(rank=93); ReMap--ChIP-seq(rank=263); Enrichr--Queries(rank=654); GTEx--Coexpression(rank=918)","264","0.05713000000000000","ARCHS4 Coexpression,0.05713"
"TEAD4","4.44961032806073575","4.44961032806073575","4.44961032806073575","Activated","16","viper","16","4.44961032806073575",NA,NA,"6","ENCODE--ChIP-seq(rank=6); Literature--ChIP-seq(rank=66); Enrichr--Queries(rank=180); ReMap--ChIP-seq(rank=279); GTEx--Coexpression(rank=980); ARCHS4--Coexpression(rank=1357)","236","0.05085000000000000","ENCODE ChIP-seq,0.05085"
"BHLHE40","-4.28728539658477281","-4.28728539658477281","4.28728539658477281","Repressed","17","viper","17","4.28728539658477281",NA,NA,"4","ENCODE--ChIP-seq(rank=25); ReMap--ChIP-seq(rank=54); GTEx--Coexpression(rank=668); ARCHS4--Coexpression(rank=748)","726","0.18179999999999999","ReMap ChIP-seq,0.1818"
"MAFB","4.28080182655029162","4.28080182655029162","4.28080182655029162","Activated","18","viper","18","4.28080182655029162",NA,NA,"4","GTEx--Coexpression(rank=213); ReMap--ChIP-seq(rank=232); ARCHS4--Coexpression(rank=378); Enrichr--Queries(rank=737)","571","0.13250000000000001","GTEx Coexpression,0.1325"
"NFE2","4.16699515829830958","4.16699515829830958","4.16699515829830958","Activated","19","viper","19","4.16699515829830958",NA,NA,"5","ENCODE--ChIP-seq(rank=86); ReMap--ChIP-seq(rank=152); Enrichr--Queries(rank=297); ARCHS4--Coexpression(rank=333); GTEx--Coexpression(rank=602)","798","0.20449999999999999","ARCHS4 Coexpression,0.2045"
"ESRRA","4.14077917635372383","4.14077917635372383","4.14077917635372383","Activated","20","viper","20","4.14077917635372383",NA,NA,"5","ENCODE--ChIP-seq(rank=83); ReMap--ChIP-seq(rank=120); GTEx--Coexpression(rank=124); Enrichr--Queries(rank=1185); ARCHS4--Coexpression(rank=1496)","357","0.07716000000000001","GTEx Coexpression,0.07716"
"E2F2","-4.09460251189168645","-4.09460251189168645","4.09460251189168645","Repressed","21","viper","21","4.09460251189168645",NA,NA,"3","GTEx--Coexpression(rank=564); ARCHS4--Coexpression(rank=765); Enrichr--Queries(rank=825)","1163","0.35099999999999998","GTEx Coexpression,0.351"
"CLOCK","4.03215884515090206","4.03215884515090206","4.03215884515090206","Activated","22","viper","22","4.03215884515090206",NA,NA,"5","Literature--ChIP-seq(rank=83); ReMap--ChIP-seq(rank=218); GTEx--Coexpression(rank=772); ARCHS4--Coexpression(rank=958); Enrichr--Queries(rank=1184)","1362","0.48039999999999999","GTEx Coexpression,0.4804"
"E2F1","-3.98027748476633736","-3.98027748476633736","3.98027748476633736","Repressed","23","viper","23","3.98027748476633736",NA,NA,"6","Literature--ChIP-seq(rank=40); ReMap--ChIP-seq(rank=53); ENCODE--ChIP-seq(rank=103); ARCHS4--Coexpression(rank=761); Enrichr--Queries(rank=854); GTEx--Coexpression(rank=1062)","716","0.17849999999999999","ReMap ChIP-seq,0.1785"
"EBF1","3.96048210272092049","3.96048210272092049","3.96048210272092049","Activated","24","viper","24","3.96048210272092049",NA,NA,"5","ENCODE--ChIP-seq(rank=84); ReMap--ChIP-seq(rank=235); GTEx--Coexpression(rank=308); ARCHS4--Coexpression(rank=314); Enrichr--Queries(rank=345)","758","0.19170000000000001","GTEx Coexpression,0.1917"
"SNAI2","-3.86668779410288321","-3.86668779410288321","3.86668779410288321","Repressed","25","viper","25","3.86668779410288321",NA,NA,"4","Enrichr--Queries(rank=5); ARCHS4--Coexpression(rank=12); GTEx--Coexpression(rank=83); ReMap--ChIP-seq(rank=126)","16","0.00356100000000000","Enrichr Queries,0.003561"
"MYOD1","3.82441086486029835","3.82441086486029835","3.82441086486029835","Activated","26","viper","26","3.82441086486029835",NA,NA,"5","ENCODE--ChIP-seq(rank=26); ReMap--ChIP-seq(rank=217); ARCHS4--Coexpression(rank=317); GTEx--Coexpression(rank=906); Enrichr--Queries(rank=933)","768","0.19470000000000001","ARCHS4 Coexpression,0.1947"
"MAFK","3.81475510809348872","3.81475510809348872","3.81475510809348872","Activated","27","viper","27","3.81475510809348872",NA,NA,"5","ENCODE--ChIP-seq(rank=7); ReMap--ChIP-seq(rank=85); Enrichr--Queries(rank=1099); GTEx--Coexpression(rank=1509); ARCHS4--Coexpression(rank=1518)","275","0.05932000000000000","ENCODE ChIP-seq,0.05932"
"TFDP1","-3.69038508031530954","-3.69038508031530954","3.69038508031530954","Repressed","28","viper","28","3.69038508031530954",NA,NA,"4","Enrichr--Queries(rank=2); ReMap--ChIP-seq(rank=164); ARCHS4--Coexpression(rank=663); GTEx--Coexpression(rank=1332)","6","0.00142500000000000","Enrichr Queries,0.001425"
"ZNF143","3.64488538101016823","3.64488538101016823","3.64488538101016823","Activated","29","viper","29","3.64488538101016823",NA,NA,"5","ReMap--ChIP-seq(rank=10); ENCODE--ChIP-seq(rank=43); Enrichr--Queries(rank=387); ARCHS4--Coexpression(rank=894); GTEx--Coexpression(rank=1098)","156","0.03367000000000000","ReMap ChIP-seq,0.03367"
"KLF6","3.56468617046219904","3.56468617046219904","3.56468617046219904","Activated","30","viper","30","3.56468617046219904",NA,NA,"4","ARCHS4--Coexpression(rank=75); ReMap--ChIP-seq(rank=123); Enrichr--Queries(rank=397); GTEx--Coexpression(rank=1255)","218","0.04607000000000000","ARCHS4 Coexpression,0.04607"
"PAX5","3.56318806484541195","3.56318806484541195","3.56318806484541195","Activated","31","viper","31","3.56318806484541195",NA,NA,"5","ENCODE--ChIP-seq(rank=101); ReMap--ChIP-seq(rank=237); Enrichr--Queries(rank=1065); ARCHS4--Coexpression(rank=1219); GTEx--Coexpression(rank=1279)","1569","0.74880000000000002","ARCHS4 Coexpression,0.7488"
"NR4A1","3.54951573827610112","3.54951573827610112","3.54951573827610112","Activated","32","viper","32","3.54951573827610112",NA,NA,"4","ReMap--ChIP-seq(rank=137); GTEx--Coexpression(rank=316); Enrichr--Queries(rank=433); ARCHS4--Coexpression(rank=1009)","776","0.19660000000000000","GTEx Coexpression,0.1966"
"TFAP4","3.46860241607767739","3.46860241607767739","3.46860241607767739","Activated","33","viper","33","3.46860241607767739",NA,NA,"4","ReMap--ChIP-seq(rank=25); ARCHS4--Coexpression(rank=247); Enrichr--Queries(rank=834); GTEx--Coexpression(rank=1221)","385","0.08418000000000000","ReMap ChIP-seq,0.08418"
"HNF4G","3.38761146921264267","3.38761146921264267","3.38761146921264267","Activated","34","viper","34","3.38761146921264267",NA,NA,"5","ReMap--ChIP-seq(rank=24); ENCODE--ChIP-seq(rank=46); GTEx--Coexpression(rank=457); ARCHS4--Coexpression(rank=732); Enrichr--Queries(rank=1301)","373","0.08081000000000001","ReMap ChIP-seq,0.08081"
"KDM5B","3.38566584864615550","3.38566584864615550","3.38566584864615550","Activated","35","viper","35","3.38566584864615550",NA,NA,"5","ENCODE--ChIP-seq(rank=78); ReMap--ChIP-seq(rank=145); Literature--ChIP-seq(rank=154); GTEx--Coexpression(rank=482); ARCHS4--Coexpression(rank=802)","1051","0.29990000000000000","GTEx Coexpression,0.2999"
"ZNF384","3.35294251409445643","3.35294251409445643","3.35294251409445643","Activated","36","viper","36","3.35294251409445643",NA,NA,"5","ENCODE--ChIP-seq(rank=66); ReMap--ChIP-seq(rank=184); GTEx--Coexpression(rank=915); Enrichr--Queries(rank=1138); ARCHS4--Coexpression(rank=1548)","1453","0.55930000000000002","ENCODE ChIP-seq,0.5593"
"MAF","3.35190703638061782","3.35190703638061782","3.35190703638061782","Activated","37","viper","37","3.35190703638061782",NA,NA,"4","GTEx--Coexpression(rank=55); ReMap--ChIP-seq(rank=55); ARCHS4--Coexpression(rank=202); Enrichr--Queries(rank=616)","160","0.03423000000000000","GTEx Coexpression,0.03423"
"IRF3","3.34508732063549896","3.34508732063549896","3.34508732063549896","Activated","38","viper","38","3.34508732063549896",NA,NA,"5","ENCODE--ChIP-seq(rank=73); ReMap--ChIP-seq(rank=246); ARCHS4--Coexpression(rank=1048); Enrichr--Queries(rank=1098); GTEx--Coexpression(rank=1575)","1504","0.61860000000000004","ENCODE ChIP-seq,0.6186"
"IKZF1","3.33968577301870795","3.33968577301870795","3.33968577301870795","Activated","39","viper","39","3.33968577301870795",NA,NA,"6","ENCODE--ChIP-seq(rank=55); ReMap--ChIP-seq(rank=141); Literature--ChIP-seq(rank=158); ARCHS4--Coexpression(rank=499); GTEx--Coexpression(rank=577); Enrichr--Queries(rank=1155)","1067","0.30649999999999999","ARCHS4 Coexpression,0.3065"
"TBX21","3.33668507238137524","3.33668507238137524","3.33668507238137524","Activated","40","viper","40","3.33668507238137524",NA,NA,"4","ReMap--ChIP-seq(rank=46); GTEx--Coexpression(rank=603); ARCHS4--Coexpression(rank=1051); Enrichr--Queries(rank=1191)","646","0.15490000000000001","ReMap ChIP-seq,0.1549"
"ARID3A","3.32487155413217605","3.32487155413217605","3.32487155413217605","Activated","41","viper","41","3.32487155413217605",NA,NA,"5","ENCODE--ChIP-seq(rank=110); ReMap--ChIP-seq(rank=185); Enrichr--Queries(rank=239); GTEx--Coexpression(rank=621); ARCHS4--Coexpression(rank=1189)","692","0.17019999999999999","Enrichr Queries,0.1702"
"FOXP1","-3.29629219661348971","-3.29629219661348971","3.29629219661348971","Repressed","42","viper","42","3.29629219661348971",NA,NA,"5","Literature--ChIP-seq(rank=135); ReMap--ChIP-seq(rank=271); ARCHS4--Coexpression(rank=546); Enrichr--Queries(rank=774); GTEx--Coexpression(rank=994)","1135","0.33539999999999992","ARCHS4 Coexpression,0.3354"
"NR2C2","-3.29219772137213873","-3.29219772137213873","3.29219772137213873","Repressed","43","viper","43","3.29219772137213873",NA,NA,"5","ENCODE--ChIP-seq(rank=62); ReMap--ChIP-seq(rank=272); Enrichr--Queries(rank=1116); GTEx--Coexpression(rank=1241); ARCHS4--Coexpression(rank=1346)","1413","0.52539999999999998","ENCODE ChIP-seq,0.5254"
"POU5F1","3.28233702611592815","3.28233702611592815","3.28233702611592815","Activated","44","viper","44","3.28233702611592815",NA,NA,"5","Literature--ChIP-seq(rank=71); ReMap--ChIP-seq(rank=199); ARCHS4--Coexpression(rank=360); Enrichr--Queries(rank=1054); GTEx--Coexpression(rank=1385)","851","0.22109999999999999","ARCHS4 Coexpression,0.2211"
"MEF2A","3.27169986018730219","3.27169986018730219","3.27169986018730219","Activated","45","viper","45","3.27169986018730219",NA,NA,"6","ENCODE--ChIP-seq(rank=87); Literature--ChIP-seq(rank=106); ReMap--ChIP-seq(rank=213); ARCHS4--Coexpression(rank=256); Enrichr--Queries(rank=772); GTEx--Coexpression(rank=1150)","651","0.15720000000000001","ARCHS4 Coexpression,0.1572"
"TCF12","3.20666044735110445","3.20666044735110445","3.20666044735110445","Activated","46","viper","46","3.20666044735110445",NA,NA,"5","ENCODE--ChIP-seq(rank=3); ReMap--ChIP-seq(rank=177); ARCHS4--Coexpression(rank=267); Enrichr--Queries(rank=280); GTEx--Coexpression(rank=675)","117","0.02542000000000000","ENCODE ChIP-seq,0.02542"
"ELF1","3.14601831231472762","3.14601831231472762","3.14601831231472762","Activated","47","viper","47","3.14601831231472762",NA,NA,"5","ENCODE--ChIP-seq(rank=40); Literature--ChIP-seq(rank=54); ReMap--ChIP-seq(rank=133); ARCHS4--Coexpression(rank=327); GTEx--Coexpression(rank=1233)","790","0.20090000000000000","ARCHS4 Coexpression,0.2009"
"GRHL2","3.13126790971718716","3.13126790971718716","3.13126790971718716","Activated","48","viper","48","3.13126790971718716",NA,NA,"5","ReMap--ChIP-seq(rank=43); GTEx--Coexpression(rank=51); Literature--ChIP-seq(rank=96); Enrichr--Queries(rank=220); ARCHS4--Coexpression(rank=336)","147","0.03174000000000000","GTEx Coexpression,0.03174"
"MYC","-3.07770611928409155","-3.07770611928409155","3.07770611928409155","Repressed","49","viper","49","3.07770611928409155",NA,NA,"6","Literature--ChIP-seq(rank=14); ReMap--ChIP-seq(rank=29); ENCODE--ChIP-seq(rank=34); Enrichr--Queries(rank=48); GTEx--Coexpression(rank=521); ARCHS4--Coexpression(rank=1283)","159","0.03419000000000000","Enrichr Queries,0.03419"
"ELF3","3.06576752304402866","3.06576752304402866","3.06576752304402866","Activated","50","viper","50","3.06576752304402866",NA,NA,"4","ReMap--ChIP-seq(rank=122); GTEx--Coexpression(rank=234); ARCHS4--Coexpression(rank=356); Enrichr--Queries(rank=452)","618","0.14560000000000001","GTEx Coexpression,0.1456"
"KLF1","3.05108169398714102","3.05108169398714102","3.05108169398714102","Activated","51","viper","51","3.05108169398714102",NA,NA,"5","Literature--ChIP-seq(rank=34); ReMap--ChIP-seq(rank=227); Enrichr--Queries(rank=292); ARCHS4--Coexpression(rank=359); GTEx--Coexpression(rank=1091)","808","0.20730000000000001","Literature ChIP-seq,0.2073"
"PBX2","3.03054089513818115","3.03054089513818115","3.03054089513818115","Activated","52","viper","52","3.03054089513818115",NA,NA,"4","ReMap--ChIP-seq(rank=191); ARCHS4--Coexpression(rank=722); GTEx--Coexpression(rank=801); Enrichr--Queries(rank=1112)","1314","0.44350000000000001","ARCHS4 Coexpression,0.4435"
"PROX1","2.98808329747523516","2.98808329747523516","2.98808329747523516","Activated","53","viper","53","2.98808329747523516",NA,NA,"4","ReMap--ChIP-seq(rank=258); Enrichr--Queries(rank=638); GTEx--Coexpression(rank=1039); ARCHS4--Coexpression(rank=1111)","1331","0.45440000000000003","Enrichr Queries,0.4544"
"MXI1","-2.95768424699158139","-2.95768424699158139","2.95768424699158139","Repressed","54","viper","54","2.95768424699158139",NA,NA,"5","ENCODE--ChIP-seq(rank=50); ReMap--ChIP-seq(rank=57); Enrichr--Queries(rank=644); ARCHS4--Coexpression(rank=1083); GTEx--Coexpression(rank=1525)","759","0.19189999999999999","ReMap ChIP-seq,0.1919"
"BATF","2.94555404747599381","2.94555404747599381","2.94555404747599381","Activated","55","viper","55","2.94555404747599381",NA,NA,"5","ARCHS4--Coexpression(rank=67); ENCODE--ChIP-seq(rank=112); ReMap--ChIP-seq(rank=168); Enrichr--Queries(rank=535); GTEx--Coexpression(rank=595)","194","0.04115000000000000","ARCHS4 Coexpression,0.04115"
"JUNB","2.91814479403954374","2.91814479403954374","2.91814479403954374","Activated","56","viper","56","2.91814479403954374",NA,NA,"4","ReMap--ChIP-seq(rank=169); ARCHS4--Coexpression(rank=245); Enrichr--Queries(rank=442); GTEx--Coexpression(rank=1317)","635","0.15049999999999999","ARCHS4 Coexpression,0.1505"
"E2F6","-2.90970578017620651","-2.90970578017620651","2.90970578017620651","Repressed","57","viper","57","2.90970578017620651",NA,NA,"5","ENCODE--ChIP-seq(rank=30); ReMap--ChIP-seq(rank=30); Enrichr--Queries(rank=196); ARCHS4--Coexpression(rank=577); GTEx--Coexpression(rank=768)","455","0.10100000000000001","ReMap ChIP-seq,0.101"
"SOX13","2.88636737344926386","2.88636737344926386","2.88636737344926386","Activated","58","viper","58","2.88636737344926386",NA,NA,"4","ReMap--ChIP-seq(rank=80); GTEx--Coexpression(rank=171); Enrichr--Queries(rank=732); ARCHS4--Coexpression(rank=1164)","475","0.10639999999999999","GTEx Coexpression,0.1064"
"MBD2","2.88439637767945900","2.88439637767945900","2.88439637767945900","Activated","59","viper","59","2.88439637767945900",NA,NA,"4","ReMap--ChIP-seq(rank=109); Enrichr--Queries(rank=487); ARCHS4--Coexpression(rank=1049); GTEx--Coexpression(rank=1502)","1156","0.34689999999999999","Enrichr Queries,0.3469"
"MBD1","-2.88027416718127238","-2.88027416718127238","2.88027416718127238","Repressed","60","viper","60","2.88027416718127238",NA,NA,"3","GTEx--Coexpression(rank=945); ARCHS4--Coexpression(rank=996); Enrichr--Queries(rank=1086)","1481","0.58809999999999985","GTEx Coexpression,0.5881"
"TFAP2C","2.86220933438536429","2.86220933438536429","2.86220933438536429","Activated","61","viper","61","2.86220933438536429",NA,NA,"6","Literature--ChIP-seq(rank=82); ENCODE--ChIP-seq(rank=100); GTEx--Coexpression(rank=104); ARCHS4--Coexpression(rank=125); ReMap--ChIP-seq(rank=220); Enrichr--Queries(rank=996)","302","0.06472000000000000","GTEx Coexpression,0.06472"
"TP73","2.83833447557972018","2.83833447557972018","2.83833447557972018","Activated","62","viper","62","2.83833447557972018",NA,NA,"3","GTEx--Coexpression(rank=40); Enrichr--Queries(rank=52); ARCHS4--Coexpression(rank=1345)","114","0.02489000000000000","GTEx Coexpression,0.02489"
"FOXA1","2.78532786736575888","2.78532786736575888","2.78532786736575888","Activated","63","viper","63","2.78532786736575888",NA,NA,"6","ENCODE--ChIP-seq(rank=11); Literature--ChIP-seq(rank=78); ReMap--ChIP-seq(rank=116); ARCHS4--Coexpression(rank=166); GTEx--Coexpression(rank=927); Enrichr--Queries(rank=988)","421","0.09322000000000000","ENCODE ChIP-seq,0.09322"
"CREM","2.75379651224483313","2.75379651224483313","2.75379651224483313","Activated","64","viper","64","2.75379651224483313",NA,NA,"5","ReMap--ChIP-seq(rank=118); Literature--ChIP-seq(rank=139); GTEx--Coexpression(rank=335); Enrichr--Queries(rank=970); ARCHS4--Coexpression(rank=1289)","812","0.20849999999999999","GTEx Coexpression,0.2085"
"SPI1","2.71613597666868856","2.71613597666868856","2.71613597666868856","Activated","65","viper","65","2.71613597666868856",NA,NA,"6","ENCODE--ChIP-seq(rank=48); Literature--ChIP-seq(rank=65); ReMap--ChIP-seq(rank=87); GTEx--Coexpression(rank=512); Enrichr--Queries(rank=541); ARCHS4--Coexpression(rank=743)","1031","0.29289999999999999","ReMap ChIP-seq,0.2929"
"MYCN","-2.70876951774801800","-2.70876951774801800","2.70876951774801800","Repressed","66","viper","66","2.70876951774801800",NA,NA,"5","GTEx--Coexpression(rank=45); Literature--ChIP-seq(rank=69); ReMap--ChIP-seq(rank=132); Enrichr--Queries(rank=623); ARCHS4--Coexpression(rank=828)","131","0.02800000000000000","GTEx Coexpression,0.028"
"FOXO3","2.69692712689660974","2.69692712689660974","2.69692712689660974","Activated","67","viper","67","2.69692712689660974",NA,NA,"4","Literature--ChIP-seq(rank=122); GTEx--Coexpression(rank=616); Enrichr--Queries(rank=760); ARCHS4--Coexpression(rank=1196)","1222","0.38329999999999997","GTEx Coexpression,0.3833"
"STAT1","2.65634732493601655","2.65634732493601655","2.65634732493601655","Activated","68","viper","68","2.65634732493601655",NA,NA,"6","ENCODE--ChIP-seq(rank=18); ReMap--ChIP-seq(rank=52); Literature--ChIP-seq(rank=137); Enrichr--Queries(rank=166); ARCHS4--Coexpression(rank=179); GTEx--Coexpression(rank=1258)","490","0.11000000000000000","ARCHS4 Coexpression,0.11"
"CUX1","2.63410150456825765","2.63410150456825765","2.63410150456825765","Activated","69","viper","69","2.63410150456825765",NA,NA,"6","ReMap--ChIP-seq(rank=5); ENCODE--ChIP-seq(rank=79); Literature--ChIP-seq(rank=133); Enrichr--Queries(rank=796); GTEx--Coexpression(rank=1301); ARCHS4--Coexpression(rank=1360)","78","0.01684000000000000","ReMap ChIP-seq,0.01684"
"PBX3","2.61583708662265080","2.61583708662265080","2.61583708662265080","Activated","70","viper","70","2.61583708662265080",NA,NA,"5","ReMap--ChIP-seq(rank=42); ENCODE--ChIP-seq(rank=70); ARCHS4--Coexpression(rank=325); GTEx--Coexpression(rank=438); Enrichr--Queries(rank=971)","602","0.14140000000000000","ReMap ChIP-seq,0.1414"
"NEUROD1","2.58746599144661227","2.58746599144661227","2.58746599144661227","Activated","71","viper","71","2.58746599144661227",NA,NA,"4","ReMap--ChIP-seq(rank=49); GTEx--Coexpression(rank=212); Enrichr--Queries(rank=973); ARCHS4--Coexpression(rank=1430)","569","0.13189999999999999","GTEx Coexpression,0.1319"
"BCL11A","2.56087728010341431","2.56087728010341431","2.56087728010341431","Activated","72","viper","72","2.56087728010341431",NA,NA,"5","ReMap--ChIP-seq(rank=45); GTEx--Coexpression(rank=61); ENCODE--ChIP-seq(rank=104); ARCHS4--Coexpression(rank=276); Enrichr--Queries(rank=1046)","178","0.03796000000000000","GTEx Coexpression,0.03796"
"NCOA2","2.53950650855424609","2.53950650855424609","2.53950650855424609","Activated","73","viper","73","2.53950650855424609",NA,NA,"4","ReMap--ChIP-seq(rank=264); Enrichr--Queries(rank=514); GTEx--Coexpression(rank=1276); ARCHS4--Coexpression(rank=1467)","1192","0.36609999999999998","Enrichr Queries,0.3661"
"PDX1","2.51539798144126969","2.51539798144126969","2.51539798144126969","Activated","74","viper","74","2.51539798144126969",NA,NA,"5","ReMap--ChIP-seq(rank=56); Literature--ChIP-seq(rank=149); GTEx--Coexpression(rank=1038); ARCHS4--Coexpression(rank=1136); Enrichr--Queries(rank=1204)","745","0.18859999999999999","ReMap ChIP-seq,0.1886"
"ZEB1","-2.47986756597434832","-2.47986756597434832","2.47986756597434832","Repressed","75","viper","75","2.47986756597434832",NA,NA,"5","Enrichr--Queries(rank=61); ENCODE--ChIP-seq(rank=75); ReMap--ChIP-seq(rank=225); ARCHS4--Coexpression(rank=1398); GTEx--Coexpression(rank=1607)","205","0.04345000000000000","Enrichr Queries,0.04345"
"ESR1","2.46963630894554331","2.46963630894554331","2.46963630894554331","Activated","76","viper","76","2.46963630894554331",NA,NA,"6","Literature--ChIP-seq(rank=1); ReMap--ChIP-seq(rank=1); ENCODE--ChIP-seq(rank=9); Enrichr--Queries(rank=189); ARCHS4--Coexpression(rank=547); GTEx--Coexpression(rank=703)","15","0.00336700000000000","ReMap ChIP-seq,0.003367"
"NFKB2","-2.45041803045236284","-2.45041803045236284","2.45041803045236284","Repressed","77","viper","77","2.45041803045236284",NA,NA,"4","Enrichr--Queries(rank=208); ReMap--ChIP-seq(rank=280); ARCHS4--Coexpression(rank=787); GTEx--Coexpression(rank=1030)","628","0.14810000000000001","Enrichr Queries,0.1481"
"ZKSCAN1","2.44007976881279731","2.44007976881279731","2.44007976881279731","Activated","78","viper","78","2.44007976881279731",NA,NA,"5","ENCODE--ChIP-seq(rank=17); ReMap--ChIP-seq(rank=90); Enrichr--Queries(rank=269); ARCHS4--Coexpression(rank=713); GTEx--Coexpression(rank=1080)","613","0.14410000000000001","ENCODE ChIP-seq,0.1441"
"PPARA","2.43408668798552297","2.43408668798552297","2.43408668798552297","Activated","79","viper","79","2.43408668798552297",NA,NA,"3","GTEx--Coexpression(rank=873); Enrichr--Queries(rank=1021); ARCHS4--Coexpression(rank=1024)","1432","0.54320000000000002","GTEx Coexpression,0.5432"
"HNF4A","2.41741886901760594","2.41741886901760594","2.41741886901760594","Activated","80","viper","80","2.41741886901760594",NA,NA,"6","ENCODE--ChIP-seq(rank=44); Literature--ChIP-seq(rank=116); ReMap--ChIP-seq(rank=143); ARCHS4--Coexpression(rank=749); Enrichr--Queries(rank=1033); GTEx--Coexpression(rank=1227)","1206","0.37290000000000001","ENCODE ChIP-seq,0.3729"
"ARNTL","2.40113782620633875","2.40113782620633875","2.40113782620633875","Activated","81","viper","81","2.40113782620633875",NA,NA,"4","ReMap--ChIP-seq(rank=125); ARCHS4--Coexpression(rank=223); Enrichr--Queries(rank=956); GTEx--Coexpression(rank=1427)","585","0.13700000000000001","ARCHS4 Coexpression,0.137"
"MAFG","2.38977362699969875","2.38977362699969875","2.38977362699969875","Activated","82","viper","82","2.38977362699969875",NA,NA,"4","ReMap--ChIP-seq(rank=167); GTEx--Coexpression(rank=934); Enrichr--Queries(rank=1038); ARCHS4--Coexpression(rank=1292)","1456","0.56230000000000002","ReMap ChIP-seq,0.5623"
"ZNF592","2.37497072897933714","2.37497072897933714","2.37497072897933714","Activated","83","viper","83","2.37497072897933714",NA,NA,"4","ReMap--ChIP-seq(rank=58); GTEx--Coexpression(rank=440); ARCHS4--Coexpression(rank=676); Enrichr--Queries(rank=1371)","770","0.19530000000000000","ReMap ChIP-seq,0.1953"
"NFATC1","2.36396486908564096","2.36396486908564096","2.36396486908564096","Activated","84","viper","84","2.36396486908564096",NA,NA,"5","ENCODE--ChIP-seq(rank=108); ReMap--ChIP-seq(rank=234); Enrichr--Queries(rank=662); ARCHS4--Coexpression(rank=820); GTEx--Coexpression(rank=975)","1351","0.47149999999999997","Enrichr Queries,0.4715"
"ATF7","2.35414475640601539","2.35414475640601539","2.35414475640601539","Activated","85","viper","85","2.35414475640601539",NA,NA,"4","ReMap--ChIP-seq(rank=76); GTEx--Coexpression(rank=453); ARCHS4--Coexpression(rank=606); Enrichr--Queries(rank=1151)","938","0.25590000000000002","ReMap ChIP-seq,0.2559"
"TAL1","2.30930242711211298","2.30930242711211298","2.30930242711211298","Activated","86","viper","86","2.30930242711211298",NA,NA,"6","ENCODE--ChIP-seq(rank=45); Literature--ChIP-seq(rank=77); ReMap--ChIP-seq(rank=102); GTEx--Coexpression(rank=286); ARCHS4--Coexpression(rank=297); Enrichr--Queries(rank=1093)","714","0.17799999999999999","GTEx Coexpression,0.178"
"IRF4","2.30296254816388579","2.30296254816388579","2.30296254816388579","Activated","87","viper","87","2.30296254816388579",NA,NA,"5","ReMap--ChIP-seq(rank=28); ENCODE--ChIP-seq(rank=96); GTEx--Coexpression(rank=1152); Enrichr--Queries(rank=1168); ARCHS4--Coexpression(rank=1239)","427","0.09428000000000000","ReMap ChIP-seq,0.09428"
"RBPJ","2.28537105683784114","2.28537105683784114","2.28537105683784114","Activated","88","viper","88","2.28537105683784114",NA,NA,"5","Enrichr--Queries(rank=79); GTEx--Coexpression(rank=88); Literature--ChIP-seq(rank=104); ReMap--ChIP-seq(rank=142); ARCHS4--Coexpression(rank=903)","253","0.05476000000000000","GTEx Coexpression,0.05476"
"BACH2","2.24410823800027659","2.24410823800027659","2.24410823800027659","Activated","89","viper","89","2.24410823800027659",NA,NA,"4","ReMap--ChIP-seq(rank=166); Enrichr--Queries(rank=167); GTEx--Coexpression(rank=569); ARCHS4--Coexpression(rank=1156)","525","0.11890000000000001","Enrichr Queries,0.1189"
"GFI1B","2.23470544040051777","2.23470544040051777","2.23470544040051777","Activated","90","viper","90","2.23470544040051777",NA,NA,"5","ReMap--ChIP-seq(rank=93); Literature--ChIP-seq(rank=111); Enrichr--Queries(rank=294); ARCHS4--Coexpression(rank=446); GTEx--Coexpression(rank=535)","817","0.20940000000000000","Enrichr Queries,0.2094"
"BCL6","-2.20193987150059600","-2.20193987150059600","2.20193987150059600","Repressed","91","viper","91","2.20193987150059600",NA,NA,"5","Literature--ChIP-seq(rank=43); ReMap--ChIP-seq(rank=230); GTEx--Coexpression(rank=549); ARCHS4--Coexpression(rank=776); Enrichr--Queries(rank=1052)","951","0.26219999999999999","Literature ChIP-seq,0.2622"
"HMBOX1","-2.19263546428861922","-2.19263546428861922","2.19263546428861922","Repressed","92","viper","92","2.19263546428861922",NA,NA,"4","GTEx--Coexpression(rank=181); ReMap--ChIP-seq(rank=253); Enrichr--Queries(rank=1061); ARCHS4--Coexpression(rank=1527)","503","0.11260000000000001","GTEx Coexpression,0.1126"
"ZNF639","2.18759488715994888","2.18759488715994888","2.18759488715994888","Activated","93","viper","93","2.18759488715994888",NA,NA,"4","Enrichr--Queries(rank=85); ARCHS4--Coexpression(rank=108); ReMap--ChIP-seq(rank=110); GTEx--Coexpression(rank=1585)","281","0.06054000000000000","Enrichr Queries,0.06054"
"ESR2","2.15537007945370673","2.15537007945370673","2.15537007945370673","Activated","94","viper","94","2.15537007945370673",NA,NA,"5","Literature--ChIP-seq(rank=2); ReMap--ChIP-seq(rank=107); GTEx--Coexpression(rank=323); Enrichr--Queries(rank=410); ARCHS4--Coexpression(rank=865)","56","0.01220000000000000","Literature ChIP-seq,0.0122"
"EOMES","2.14626481937733038","2.14626481937733038","2.14626481937733038","Activated","95","viper","95","2.14626481937733038",NA,NA,"5","Literature--ChIP-seq(rank=48); ReMap--ChIP-seq(rank=250); ARCHS4--Coexpression(rank=381); GTEx--Coexpression(rank=611); Enrichr--Queries(rank=698)","883","0.23400000000000001","ARCHS4 Coexpression,0.234"
"NFE2L1","2.10235597588590828","2.10235597588590828","2.10235597588590828","Activated","96","viper","96","2.10235597588590828",NA,NA,"4","ReMap--ChIP-seq(rank=154); Enrichr--Queries(rank=406); ARCHS4--Coexpression(rank=624); GTEx--Coexpression(rank=874)","1020","0.28920000000000001","Enrichr Queries,0.2892"
"SOX9","2.09616585985514536","2.09616585985514536","2.09616585985514536","Activated","97","viper","97","2.09616585985514536",NA,NA,"5","ReMap--ChIP-seq(rank=3); Literature--ChIP-seq(rank=46); ARCHS4--Coexpression(rank=48); Enrichr--Queries(rank=431); GTEx--Coexpression(rank=766)","47","0.01010000000000000","ReMap ChIP-seq,0.0101"
"FOXP2","-2.09265405092268475","-2.09265405092268475","2.09265405092268475","Repressed","98","viper","98","2.09265405092268475",NA,NA,"6","ENCODE--ChIP-seq(rank=32); ReMap--ChIP-seq(rank=48); Literature--ChIP-seq(rank=70); Enrichr--Queries(rank=669); ARCHS4--Coexpression(rank=700); GTEx--Coexpression(rank=991)","667","0.16159999999999999","ReMap ChIP-seq,0.1616"
"ETV1","2.08809749715776105","2.08809749715776105","2.08809749715776105","Activated","99","viper","99","2.08809749715776105",NA,NA,"4","ReMap--ChIP-seq(rank=98); GTEx--Coexpression(rank=199); Enrichr--Queries(rank=748); ARCHS4--Coexpression(rank=895)","541","0.12379999999999999","GTEx Coexpression,0.1238"
"THAP11","2.06536423185640139","2.06536423185640139","2.06536423185640139","Activated","100","viper","100","2.06536423185640139",NA,NA,"5","Literature--ChIP-seq(rank=143); ReMap--ChIP-seq(rank=254); GTEx--Coexpression(rank=386); ARCHS4--Coexpression(rank=938); Enrichr--Queries(rank=1177)","905","0.24020000000000000","GTEx Coexpression,0.2402"
"CTCFL","2.05595304668628032","2.05595304668628032","2.05595304668628032","Activated","101","viper","101","2.05595304668628032",NA,NA,"5","ReMap--ChIP-seq(rank=44); ENCODE--ChIP-seq(rank=111); GTEx--Coexpression(rank=444); ARCHS4--Coexpression(rank=512); Enrichr--Queries(rank=961)","629","0.14810000000000001","ReMap ChIP-seq,0.1481"
"RUNX1","2.04733210014215139","2.04733210014215139","2.04733210014215139","Activated","102","viper","102","2.04733210014215139",NA,NA,"5","Enrichr--Queries(rank=50); Literature--ChIP-seq(rank=57); GTEx--Coexpression(rank=120); ReMap--ChIP-seq(rank=196); ARCHS4--Coexpression(rank=690)","166","0.03561000000000000","Enrichr Queries,0.03561"
"TBP","1.99394279102684169","1.99394279102684169","1.99394279102684169","Activated","103","viper","103","1.99394279102684169",NA,NA,"5","ENCODE--ChIP-seq(rank=64); Literature--ChIP-seq(rank=100); ReMap--ChIP-seq(rank=195); ARCHS4--Coexpression(rank=871); GTEx--Coexpression(rank=1099)","1425","0.53500000000000003","ARCHS4 Coexpression,0.535"
"SMAD5","-1.96135381353801219","-1.96135381353801219","1.96135381353801219","Repressed","104","viper","104","1.96135381353801219",NA,NA,"4","ReMap--ChIP-seq(rank=255); ARCHS4--Coexpression(rank=469); GTEx--Coexpression(rank=855); Enrichr--Queries(rank=1000)","1016","0.28810000000000002","ARCHS4 Coexpression,0.2881"
"SP2","1.90707961862861941","1.90707961862861941","1.90707961862861941","Activated","105","viper","105","1.90707961862861941",NA,NA,"5","ENCODE--ChIP-seq(rank=82); ReMap--ChIP-seq(rank=224); ARCHS4--Coexpression(rank=357); GTEx--Coexpression(rank=953); Enrichr--Queries(rank=1053)","845","0.21929999999999999","ARCHS4 Coexpression,0.2193"
"FOXK2","1.90067152279760121","1.90067152279760121","1.90067152279760121","Activated","106","viper","106","1.90067152279760121",NA,NA,"4","ReMap--ChIP-seq(rank=269); Enrichr--Queries(rank=302); GTEx--Coexpression(rank=807); ARCHS4--Coexpression(rank=1431)","833","0.21510000000000001","Enrichr Queries,0.2151"
"ATF4","-1.86806776285291831","-1.86806776285291831","1.86806776285291831","Repressed","107","viper","107","1.86806776285291831",NA,NA,"4","ReMap--ChIP-seq(rank=282); Enrichr--Queries(rank=411); GTEx--Coexpression(rank=854); ARCHS4--Coexpression(rank=1319)","1030","0.29270000000000002","Enrichr Queries,0.2927"
"NR2F6","-1.86232316796705888","-1.86232316796705888","1.86232316796705888","Repressed","108","viper","108","1.86232316796705888",NA,NA,"4","ReMap--ChIP-seq(rank=17); Enrichr--Queries(rank=692); GTEx--Coexpression(rank=1070); ARCHS4--Coexpression(rank=1221)","265","0.05724000000000000","ReMap ChIP-seq,0.05724"
"TEAD2","1.84721202982603772","1.84721202982603772","1.84721202982603772","Activated","109","viper","109","1.84721202982603772",NA,NA,"4","Enrichr--Queries(rank=190); ReMap--ChIP-seq(rank=252); ARCHS4--Coexpression(rank=717); GTEx--Coexpression(rank=1045)","579","0.13530000000000000","Enrichr Queries,0.1353"
"ELF5","-1.79780488327035659","-1.79780488327035659","1.79780488327035659","Repressed","110","viper","110","1.79780488327035659",NA,NA,"5","Literature--ChIP-seq(rank=39); ReMap--ChIP-seq(rank=153); ARCHS4--Coexpression(rank=208); Enrichr--Queries(rank=994); GTEx--Coexpression(rank=1129)","556","0.12780000000000000","ARCHS4 Coexpression,0.1278"
"KLF13","-1.76439398691403526","-1.76439398691403526","1.76439398691403526","Repressed","111","viper","111","1.76439398691403526",NA,NA,"4","ReMap--ChIP-seq(rank=65); Enrichr--Queries(rank=502); ARCHS4--Coexpression(rank=964); GTEx--Coexpression(rank=1053)","843","0.21890000000000001","ReMap ChIP-seq,0.2189"
"TFAP2A","1.73247107636961606","1.73247107636961606","1.73247107636961606","Activated","112","viper","112","1.73247107636961606",NA,NA,"6","GTEx--Coexpression(rank=20); ENCODE--ChIP-seq(rank=31); Literature--ChIP-seq(rank=86); ReMap--ChIP-seq(rank=257); ARCHS4--Coexpression(rank=323); Enrichr--Queries(rank=399)","57","0.01245000000000000","GTEx Coexpression,0.01245"
"REST","1.71955987238749719","1.71955987238749719","1.71955987238749719","Activated","113","viper","113","1.71955987238749719",NA,NA,"6","ENCODE--ChIP-seq(rank=13); ReMap--ChIP-seq(rank=51); Literature--ChIP-seq(rank=59); ARCHS4--Coexpression(rank=190); Enrichr--Queries(rank=666); GTEx--Coexpression(rank=1084)","491","0.11020000000000001","ENCODE ChIP-seq,0.1102"
"SP3","1.68873612422985064","1.68873612422985064","1.68873612422985064","Activated","114","viper","114","1.68873612422985064",NA,NA,"3","Enrichr--Queries(rank=438); GTEx--Coexpression(rank=1405); ARCHS4--Coexpression(rank=1492)","1079","0.31200000000000000","Enrichr Queries,0.312"
"NANOG","1.66440840737143159","1.66440840737143159","1.66440840737143159","Activated","115","viper","115","1.66440840737143159",NA,NA,"6","Literature--ChIP-seq(rank=25); ENCODE--ChIP-seq(rank=118); GTEx--Coexpression(rank=145); ReMap--ChIP-seq(rank=219); Enrichr--Queries(rank=249); ARCHS4--Coexpression(rank=602)","409","0.09023000000000000","GTEx Coexpression,0.09023"
"PKNOX1","1.64522815105818299","1.64522815105818299","1.64522815105818299","Activated","116","viper","116","1.64522815105818299",NA,NA,"4","ReMap--ChIP-seq(rank=67); Enrichr--Queries(rank=482); ARCHS4--Coexpression(rank=831); GTEx--Coexpression(rank=1121)","861","0.22559999999999999","ReMap ChIP-seq,0.2256"
"CEBPG","1.63199915269285323","1.63199915269285323","1.63199915269285323","Activated","117","viper","117","1.63199915269285323",NA,NA,"4","ReMap--ChIP-seq(rank=106); ARCHS4--Coexpression(rank=830); Enrichr--Queries(rank=941); GTEx--Coexpression(rank=1052)","1175","0.35690000000000000","ReMap ChIP-seq,0.3569"
"ZBTB33","-1.60915741506973720","-1.60915741506973720","1.60915741506973720","Repressed","118","viper","118","1.60915741506973720",NA,NA,"5","ENCODE--ChIP-seq(rank=97); ReMap--ChIP-seq(rank=172); GTEx--Coexpression(rank=189); Enrichr--Queries(rank=419); ARCHS4--Coexpression(rank=1524)","519","0.11760000000000000","GTEx Coexpression,0.1176"
"SP1","1.59533796982393206","1.59533796982393206","1.59533796982393206","Activated","119","viper","119","1.59533796982393206",NA,NA,"5","ENCODE--ChIP-seq(rank=23); ReMap--ChIP-seq(rank=148); Enrichr--Queries(rank=490); GTEx--Coexpression(rank=1026); ARCHS4--Coexpression(rank=1373)","769","0.19489999999999999","ENCODE ChIP-seq,0.1949"
"EHF","1.58173519534047835","1.58173519534047835","1.58173519534047835","Activated","120","viper","120","1.58173519534047835",NA,NA,"4","Enrichr--Queries(rank=253); ReMap--ChIP-seq(rank=293); GTEx--Coexpression(rank=667); ARCHS4--Coexpression(rank=1261)","723","0.18020000000000000","Enrichr Queries,0.1802"
"ZNF217","1.57944852542673253","1.57944852542673253","1.57944852542673253","Activated","121","viper","121","1.57944852542673253",NA,NA,"6","Literature--ChIP-seq(rank=10); ENCODE--ChIP-seq(rank=12); Enrichr--Queries(rank=137); ReMap--ChIP-seq(rank=242); ARCHS4--Coexpression(rank=750); GTEx--Coexpression(rank=1029)","283","0.06098000000000000","Literature ChIP-seq,0.06098"
"ZBTB11","-1.54996553511843271","-1.54996553511843271","1.54996553511843271","Repressed","122","viper","122","1.54996553511843271",NA,NA,"4","ReMap--ChIP-seq(rank=70); Enrichr--Queries(rank=843); ARCHS4--Coexpression(rank=1053); GTEx--Coexpression(rank=1230)","888","0.23569999999999999","ReMap ChIP-seq,0.2357"
"SOX6","1.54439340238148137","1.54439340238148137","1.54439340238148137","Activated","123","viper","123","1.54439340238148137",NA,NA,"4","ReMap--ChIP-seq(rank=204); GTEx--Coexpression(rank=776); ARCHS4--Coexpression(rank=1028); Enrichr--Queries(rank=1083)","1367","0.48290000000000000","GTEx Coexpression,0.4829"
"ETS2","-1.54150816599140938","-1.54150816599140938","1.54150816599140938","Repressed","124","viper","124","1.54150816599140938",NA,NA,"4","GTEx--Coexpression(rank=68); Literature--ChIP-seq(rank=121); Enrichr--Queries(rank=684); ARCHS4--Coexpression(rank=1442)","199","0.04231000000000000","GTEx Coexpression,0.04231"
"TP63","1.53823121094614113","1.53823121094614113","1.53823121094614113","Activated","125","viper","125","1.53823121094614113",NA,NA,"5","GTEx--Coexpression(rank=56); Literature--ChIP-seq(rank=95); ReMap--ChIP-seq(rank=180); ARCHS4--Coexpression(rank=797); Enrichr--Queries(rank=1032)","162","0.03485000000000000","GTEx Coexpression,0.03485"
"HNF1A","1.53290225168835370","1.53290225168835370","1.53290225168835370","Activated","126","viper","126","1.53290225168835370",NA,NA,"3","ARCHS4--Coexpression(rank=796); GTEx--Coexpression(rank=1002); Enrichr--Queries(rank=1036)","1375","0.48890000000000000","ARCHS4 Coexpression,0.4889"
"SOX2","1.52803815216308037","1.52803815216308037","1.52803815216308037","Activated","127","viper","127","1.52803815216308037",NA,NA,"5","Literature--ChIP-seq(rank=4); ARCHS4--Coexpression(rank=11); ReMap--ChIP-seq(rank=91); GTEx--Coexpression(rank=297); Enrichr--Queries(rank=972)","31","0.00675700000000000","ARCHS4 Coexpression,0.006757"
"FOXM1","-1.51572810503522359","-1.51572810503522359","1.51572810503522359","Repressed","128","viper","128","1.51572810503522359",NA,NA,"6","Literature--ChIP-seq(rank=16); ENCODE--ChIP-seq(rank=33); ReMap--ChIP-seq(rank=287); ARCHS4--Coexpression(rank=660); Enrichr--Queries(rank=1161); GTEx--Coexpression(rank=1335)","440","0.09755999999999999","Literature ChIP-seq,0.09756"
"CEBPB","1.51306002232362502","1.51306002232362502","1.51306002232362502","Activated","129","viper","129","1.51306002232362502",NA,NA,"6","ENCODE--ChIP-seq(rank=10); Literature--ChIP-seq(rank=30); ReMap--ChIP-seq(rank=176); Enrichr--Queries(rank=353); GTEx--Coexpression(rank=637); ARCHS4--Coexpression(rank=1279)","387","0.08475000000000001","ENCODE ChIP-seq,0.08475"
"MEIS2","1.50228996479631638","1.50228996479631638","1.50228996479631638","Activated","130","viper","130","1.50228996479631638",NA,NA,"4","ReMap--ChIP-seq(rank=60); ARCHS4--Coexpression(rank=124); GTEx--Coexpression(rank=355); Enrichr--Queries(rank=676)","354","0.07617000000000000","ARCHS4 Coexpression,0.07617"
"ATF3","-1.50054851615573526","-1.50054851615573526","1.50054851615573526","Repressed","131","viper","131","1.50054851615573526",NA,NA,"6","Literature--ChIP-seq(rank=74); ENCODE--ChIP-seq(rank=85); ReMap--ChIP-seq(rank=194); Enrichr--Queries(rank=486); GTEx--Coexpression(rank=824); ARCHS4--Coexpression(rank=1462)","1155","0.34620000000000001","Enrichr Queries,0.3462"
"CTCF","1.48478590207094974","1.48478590207094974","1.48478590207094974","Activated","132","viper","132","1.48478590207094974",NA,NA,"6","ENCODE--ChIP-seq(rank=16); ARCHS4--Coexpression(rank=73); Literature--ChIP-seq(rank=130); ReMap--ChIP-seq(rank=147); Enrichr--Queries(rank=216); GTEx--Coexpression(rank=1326)","212","0.04484000000000000","ARCHS4 Coexpression,0.04484"
"SIX2","1.48218563850016616","1.48218563850016616","1.48218563850016616","Activated","133","viper","133","1.48218563850016616",NA,NA,"4","ReMap--ChIP-seq(rank=267); ARCHS4--Coexpression(rank=538); GTEx--Coexpression(rank=843); Enrichr--Queries(rank=1292)","1122","0.33050000000000002","ARCHS4 Coexpression,0.3305"
"MEF2C","1.47547809098080673","1.47547809098080673","1.47547809098080673","Activated","134","viper","134","1.47547809098080673",NA,NA,"5","Enrichr--Queries(rank=34); ARCHS4--Coexpression(rank=40); ReMap--ChIP-seq(rank=114); ENCODE--ChIP-seq(rank=117); GTEx--Coexpression(rank=1364)","112","0.02422000000000000","Enrichr Queries,0.02422"
"MAFF","1.47331282096672811","1.47331282096672811","1.47331282096672811","Activated","135","viper","135","1.47331282096672811",NA,NA,"5","ENCODE--ChIP-seq(rank=90); ReMap--ChIP-seq(rank=239); Enrichr--Queries(rank=751); GTEx--Coexpression(rank=759); ARCHS4--Coexpression(rank=856)","1353","0.47230000000000000","GTEx Coexpression,0.4723"
"NFYA","-1.45948543412318976","-1.45948543412318976","1.45948543412318976","Repressed","136","viper","136","1.45948543412318976",NA,NA,"5","ReMap--ChIP-seq(rank=16); ENCODE--ChIP-seq(rank=58); GTEx--Coexpression(rank=231); Enrichr--Queries(rank=455); ARCHS4--Coexpression(rank=1209)","248","0.05387000000000000","ReMap ChIP-seq,0.05387"
"HOXB13","1.45186585347723462","1.45186585347723462","1.45186585347723462","Activated","137","viper","137","1.45186585347723462",NA,NA,"4","ReMap--ChIP-seq(rank=276); ARCHS4--Coexpression(rank=301); GTEx--Coexpression(rank=310); Enrichr--Queries(rank=315)","733","0.18490000000000001","ARCHS4 Coexpression,0.1849"
"PPARG","1.44848693926701499","1.44848693926701499","1.44848693926701499","Activated","138","viper","138","1.44848693926701499",NA,NA,"5","Literature--ChIP-seq(rank=32); ReMap--ChIP-seq(rank=77); GTEx--Coexpression(rank=78); Enrichr--Queries(rank=462); ARCHS4--Coexpression(rank=911)","226","0.04854000000000000","GTEx Coexpression,0.04854"
"GATA6","1.44671529240636154","1.44671529240636154","1.44671529240636154","Activated","139","viper","139","1.44671529240636154",NA,NA,"5","ReMap--ChIP-seq(rank=18); Literature--ChIP-seq(rank=113); GTEx--Coexpression(rank=292); Enrichr--Queries(rank=694); ARCHS4--Coexpression(rank=1395)","282","0.06061000000000000","ReMap ChIP-seq,0.06061"
"RUNX2","1.43704389136781985","1.43704389136781985","1.43704389136781985","Activated","140","viper","140","1.43704389136781985",NA,NA,"5","GTEx--Coexpression(rank=18); Literature--ChIP-seq(rank=20); ReMap--ChIP-seq(rank=131); Enrichr--Queries(rank=385); ARCHS4--Coexpression(rank=412)","52","0.01120000000000000","GTEx Coexpression,0.0112"
"VDR","1.42187097797477113","1.42187097797477113","1.42187097797477113","Activated","141","viper","141","1.42187097797477113",NA,NA,"5","Literature--ChIP-seq(rank=7); ReMap--ChIP-seq(rank=197); Enrichr--Queries(rank=468); ARCHS4--Coexpression(rank=752); GTEx--Coexpression(rank=1078)","201","0.04268000000000000","Literature ChIP-seq,0.04268"
"ONECUT1","1.41875639427522726","1.41875639427522726","1.41875639427522726","Activated","142","viper","142","1.41875639427522726",NA,NA,"4","ReMap--ChIP-seq(rank=99); ARCHS4--Coexpression(rank=747); Enrichr--Queries(rank=939); GTEx--Coexpression(rank=1281)","1130","0.33329999999999999","ReMap ChIP-seq,0.3333"
"TCF7L2","1.40384701880324392","1.40384701880324392","1.40384701880324392","Activated","143","viper","143","1.40384701880324392",NA,NA,"6","ENCODE--ChIP-seq(rank=21); Literature--ChIP-seq(rank=23); ReMap--ChIP-seq(rank=139); ARCHS4--Coexpression(rank=207); GTEx--Coexpression(rank=340); Enrichr--Queries(rank=652)","553","0.12709999999999999","ARCHS4 Coexpression,0.1271"
"SMAD3","1.39831680655840906","1.39831680655840906","1.39831680655840906","Activated","144","viper","144","1.39831680655840906",NA,NA,"5","Literature--ChIP-seq(rank=21); ReMap--ChIP-seq(rank=50); ARCHS4--Coexpression(rank=496); Enrichr--Queries(rank=667); GTEx--Coexpression(rank=946)","558","0.12800000000000000","Literature ChIP-seq,0.128"
"E2F5","-1.38923079364297331","-1.38923079364297331","1.38923079364297331","Repressed","145","viper","145","1.38923079364297331",NA,NA,"4","ReMap--ChIP-seq(rank=32); Enrichr--Queries(rank=329); ARCHS4--Coexpression(rank=590); GTEx--Coexpression(rank=1148)","480","0.10770000000000000","ReMap ChIP-seq,0.1077"
"POU4F2","1.37498571209710052","1.37498571209710052","1.37498571209710052","Activated","146","viper","146","1.37498571209710052",NA,NA,"4","ReMap--ChIP-seq(rank=119); ARCHS4--Coexpression(rank=311); GTEx--Coexpression(rank=1109); Enrichr--Queries(rank=1226)","755","0.19100000000000000","ARCHS4 Coexpression,0.191"
"ATF1","1.37483076849470409","1.37483076849470409","1.37483076849470409","Activated","147","viper","147","1.37483076849470409",NA,NA,"5","ReMap--ChIP-seq(rank=39); ENCODE--ChIP-seq(rank=109); Enrichr--Queries(rank=111); ARCHS4--Coexpression(rank=614); GTEx--Coexpression(rank=1097)","365","0.07906000000000001","Enrichr Queries,0.07906"
"FOXJ2","-1.37472962723350989","-1.37472962723350989","1.37472962723350989","Repressed","148","viper","148","1.37472962723350989",NA,NA,"4","ReMap--ChIP-seq(rank=13); ARCHS4--Coexpression(rank=45); GTEx--Coexpression(rank=628); Enrichr--Queries(rank=849)","129","0.02764000000000000","ARCHS4 Coexpression,0.02764"
"POU2F1","1.37026112463272476","1.37026112463272476","1.37026112463272476","Activated","149","viper","149","1.37026112463272476",NA,NA,"4","ReMap--ChIP-seq(rank=222); ARCHS4--Coexpression(rank=397); Enrichr--Queries(rank=844); GTEx--Coexpression(rank=995)","916","0.24390000000000001","ARCHS4 Coexpression,0.2439"
"STAT2","1.34980216471848102","1.34980216471848102","1.34980216471848102","Activated","150","viper","150","1.34980216471848102",NA,NA,"5","ENCODE--ChIP-seq(rank=2); ReMap--ChIP-seq(rank=68); Enrichr--Queries(rank=128); ARCHS4--Coexpression(rank=185); GTEx--Coexpression(rank=315)","79","0.01695000000000000","ENCODE ChIP-seq,0.01695"
"GABPA","1.33953950527673427","1.33953950527673427","1.33953950527673427","Activated","151","viper","151","1.33953950527673427",NA,NA,"6","ENCODE--ChIP-seq(rank=94); Literature--ChIP-seq(rank=102); ReMap--ChIP-seq(rank=149); Enrichr--Queries(rank=223); GTEx--Coexpression(rank=293); ARCHS4--Coexpression(rank=1460)","659","0.15880000000000000","Enrichr Queries,0.1588"
"TCF7","1.24743502095508685","1.24743502095508685","1.24743502095508685","Activated","152","viper","152","1.24743502095508685",NA,NA,"5","Literature--ChIP-seq(rank=72); ARCHS4--Coexpression(rank=102); Enrichr--Queries(rank=283); ReMap--ChIP-seq(rank=284); GTEx--Coexpression(rank=548)","291","0.06265000000000000","ARCHS4 Coexpression,0.06265"
"NCOA1","1.23527253179665353","1.23527253179665353","1.23527253179665353","Activated","153","viper","153","1.23527253179665353",NA,NA,"4","ReMap--ChIP-seq(rank=277); ARCHS4--Coexpression(rank=319); Enrichr--Queries(rank=847); GTEx--Coexpression(rank=853)","774","0.19589999999999999","ARCHS4 Coexpression,0.1959"
"YY1","-1.19392456338627140","-1.19392456338627140","1.19392456338627140","Repressed","154","viper","154","1.19392456338627140",NA,NA,"6","ENCODE--ChIP-seq(rank=67); Literature--ChIP-seq(rank=76); Enrichr--Queries(rank=104); ReMap--ChIP-seq(rank=200); GTEx--Coexpression(rank=885); ARCHS4--Coexpression(rank=1439)","347","0.07407000000000000","Enrichr Queries,0.07407"
"FOXL2","-1.18587481664919281","-1.18587481664919281","1.18587481664919281","Repressed","155","viper","155","1.18587481664919281",NA,NA,"3","GTEx--Coexpression(rank=367); ARCHS4--Coexpression(rank=652); Enrichr--Queries(rank=888)","868","0.22839999999999999","GTEx Coexpression,0.2284"
"IRF2","1.17053899836071906","1.17053899836071906","1.17053899836071906","Activated","156","viper","156","1.17053899836071906",NA,NA,"4","ReMap--ChIP-seq(rank=138); ARCHS4--Coexpression(rank=178); GTEx--Coexpression(rank=284); Enrichr--Queries(rank=497)","487","0.10929999999999999","ARCHS4 Coexpression,0.1093"
"ARID2","-1.16048937990050449","-1.16048937990050449","1.16048937990050449","Repressed","157","viper","157","1.16048937990050449",NA,NA,"4","ReMap--ChIP-seq(rank=23); Enrichr--Queries(rank=823); ARCHS4--Coexpression(rank=864); GTEx--Coexpression(rank=1518)","359","0.07743999999999999","ReMap ChIP-seq,0.07744"
"E2F3","-1.15144499717795967","-1.15144499717795967","1.15144499717795967","Repressed","158","viper","158","1.15144499717795967",NA,NA,"3","Enrichr--Queries(rank=56); ARCHS4--Coexpression(rank=320); GTEx--Coexpression(rank=1011)","187","0.03989000000000000","Enrichr Queries,0.03989"
"STAT5B","1.14603803281575689","1.14603803281575689","1.14603803281575689","Activated","159","viper","159","1.14603803281575689",NA,NA,"4","ReMap--ChIP-seq(rank=11); ARCHS4--Coexpression(rank=605); GTEx--Coexpression(rank=608); Enrichr--Queries(rank=1157)","174","0.03704000000000000","ReMap ChIP-seq,0.03704"
"EGR1","1.11590785553276728","1.11590785553276728","1.11590785553276728","Activated","160","viper","160","1.11590785553276728",NA,NA,"6","ENCODE--ChIP-seq(rank=29); Literature--ChIP-seq(rank=79); ReMap--ChIP-seq(rank=209); Enrichr--Queries(rank=688); ARCHS4--Coexpression(rank=1528); GTEx--Coexpression(rank=1584)","921","0.24579999999999999","ENCODE ChIP-seq,0.2458"
"CREB3","1.11189006275280855","1.11189006275280855","1.11189006275280855","Activated","161","viper","161","1.11189006275280855",NA,NA,"4","ReMap--ChIP-seq(rank=33); ARCHS4--Coexpression(rank=709); Enrichr--Queries(rank=969); GTEx--Coexpression(rank=1307)","495","0.11110000000000000","ReMap ChIP-seq,0.1111"
"SMAD1","1.10998263316000778","1.10998263316000778","1.10998263316000778","Activated","162","viper","162","1.10998263316000778",NA,NA,"5","Literature--ChIP-seq(rank=98); ReMap--ChIP-seq(rank=136); Enrichr--Queries(rank=182); ARCHS4--Coexpression(rank=971); GTEx--Coexpression(rank=1100)","562","0.12959999999999999","Enrichr Queries,0.1296"
"SRF","1.10499702934840527","1.10499702934840527","1.10499702934840527","Activated","163","viper","163","1.10499702934840527",NA,NA,"6","ENCODE--ChIP-seq(rank=72); Literature--ChIP-seq(rank=147); ReMap--ChIP-seq(rank=266); Enrichr--Queries(rank=1064); ARCHS4--Coexpression(rank=1397); GTEx--Coexpression(rank=1559)","1496","0.61019999999999996","ENCODE ChIP-seq,0.6102"
"ELK4","1.10075703580692696","1.10075703580692696","1.10075703580692696","Activated","164","viper","164","1.10075703580692696",NA,NA,"5","ENCODE--ChIP-seq(rank=92); ReMap--ChIP-seq(rank=163); Enrichr--Queries(rank=791); GTEx--Coexpression(rank=1329); ARCHS4--Coexpression(rank=1498)","1438","0.54879999999999995","ReMap ChIP-seq,0.5488"
"STAT4","1.09977912296499114","1.09977912296499114","1.09977912296499114","Activated","165","viper","165","1.09977912296499114",NA,NA,"4","Literature--ChIP-seq(rank=117); ARCHS4--Coexpression(rank=180); GTEx--Coexpression(rank=618); Enrichr--Queries(rank=1085)","493","0.11060000000000000","ARCHS4 Coexpression,0.1106"
"NR3C1","1.08983503007732341","1.08983503007732341","1.08983503007732341","Activated","166","viper","166","1.08983503007732341",NA,NA,"6","Enrichr--Queries(rank=47); ENCODE--ChIP-seq(rank=57); Literature--ChIP-seq(rank=63); ReMap--ChIP-seq(rank=189); GTEx--Coexpression(rank=819); ARCHS4--Coexpression(rank=1140)","154","0.03348000000000000","Enrichr Queries,0.03348"
"HINFP","1.08703619790221628","1.08703619790221628","1.08703619790221628","Activated","167","viper","167","1.08703619790221628",NA,NA,"3","ReMap--ChIP-seq(rank=281); GTEx--Coexpression(rank=430); ARCHS4--Coexpression(rank=616)","967","0.26760000000000000","GTEx Coexpression,0.2676"
"NFKB1","1.07440276891121367","1.07440276891121367","1.07440276891121367","Activated","168","viper","168","1.07440276891121367",NA,NA,"4","ReMap--ChIP-seq(rank=144); Enrichr--Queries(rank=261); ARCHS4--Coexpression(rank=812); GTEx--Coexpression(rank=1289)","737","0.18590000000000001","Enrichr Queries,0.1859"
"MEF2B","1.07429555943755317","1.07429555943755317","1.07429555943755317","Activated","169","viper","169","1.07429555943755317",NA,NA,"4","ReMap--ChIP-seq(rank=238); Enrichr--Queries(rank=418); GTEx--Coexpression(rank=656); ARCHS4--Coexpression(rank=1117)","1046","0.29770000000000002","Enrichr Queries,0.2977"
"ARNT","1.06698816949276098","1.06698816949276098","1.06698816949276098","Activated","170","viper","170","1.06698816949276098",NA,NA,"5","Literature--ChIP-seq(rank=8); ARCHS4--Coexpression(rank=24); ReMap--ChIP-seq(rank=221); GTEx--Coexpression(rank=567); Enrichr--Queries(rank=1023)","68","0.01474000000000000","ARCHS4 Coexpression,0.01474"
"SPIB","1.05077686065412457","1.05077686065412457","1.05077686065412457","Activated","171","viper","171","1.05077686065412457",NA,NA,"4","ReMap--ChIP-seq(rank=66); Enrichr--Queries(rank=545); GTEx--Coexpression(rank=1333); ARCHS4--Coexpression(rank=1479)","854","0.22220000000000001","ReMap ChIP-seq,0.2222"
"FOXO1","1.04579564694191518","1.04579564694191518","1.04579564694191518","Activated","172","viper","172","1.04579564694191518",NA,NA,"5","ARCHS4--Coexpression(rank=42); Literature--ChIP-seq(rank=51); ReMap--ChIP-seq(rank=75); GTEx--Coexpression(rank=542); Enrichr--Queries(rank=672)","120","0.02580000000000000","ARCHS4 Coexpression,0.0258"
"BHLHE22","-1.03109951980715331","-1.03109951980715331","1.03109951980715331","Repressed","173","viper","173","1.03109951980715331",NA,NA,"3","ReMap--ChIP-seq(rank=31); ARCHS4--Coexpression(rank=47); GTEx--Coexpression(rank=528)","135","0.02887000000000000","ARCHS4 Coexpression,0.02887"
"PRDM1","1.02148819723634499","1.02148819723634499","1.02148819723634499","Activated","174","viper","174","1.02148819723634499",NA,NA,"5","ENCODE--ChIP-seq(rank=24); Enrichr--Queries(rank=53); ReMap--ChIP-seq(rank=69); ARCHS4--Coexpression(rank=409); GTEx--Coexpression(rank=1041)","177","0.03775000000000000","Enrichr Queries,0.03775"
"STAT5A","1.00121162769564775","1.00121162769564775","1.00121162769564775","Activated","175","viper","175","1.00121162769564775",NA,NA,"6","ReMap--ChIP-seq(rank=27); ENCODE--ChIP-seq(rank=41); Literature--ChIP-seq(rank=155); ARCHS4--Coexpression(rank=367); GTEx--Coexpression(rank=619); Enrichr--Queries(rank=768)","414","0.09091000000000000","ReMap ChIP-seq,0.09091"
"FOS","1.00019987357246687","1.00019987357246687","1.00019987357246687","Activated","176","viper","176","1.00019987357246687",NA,NA,"5","GTEx--Coexpression(rank=43); ENCODE--ChIP-seq(rank=56); Enrichr--Queries(rank=237); ReMap--ChIP-seq(rank=270); ARCHS4--Coexpression(rank=1449)","124","0.02676000000000000","GTEx Coexpression,0.02676"
"OTX2","0.99719171486693359","0.99719171486693359","0.99719171486693359","Activated","177","viper","177","0.99719171486693359",NA,NA,"4","ReMap--ChIP-seq(rank=248); GTEx--Coexpression(rank=283); ARCHS4--Coexpression(rank=1075); Enrichr--Queries(rank=1393)","710","0.17610000000000001","GTEx Coexpression,0.1761"
"HBP1","-0.98915561021362852","-0.98915561021362852","0.98915561021362852","Repressed","178","viper","178","0.98915561021362852",NA,NA,"4","ARCHS4--Coexpression(rank=147); ReMap--ChIP-seq(rank=226); Enrichr--Queries(rank=1025); GTEx--Coexpression(rank=1343)","410","0.09029000000000000","ARCHS4 Coexpression,0.09029"
"ETS1","0.97094978785216035","0.97094978785216035","0.97094978785216035","Activated","179","viper","179","0.97094978785216035",NA,NA,"6","ENCODE--ChIP-seq(rank=49); Literature--ChIP-seq(rank=153); ReMap--ChIP-seq(rank=186); ARCHS4--Coexpression(rank=295); Enrichr--Queries(rank=434); GTEx--Coexpression(rank=798)","725","0.18120000000000000","ARCHS4 Coexpression,0.1812"
"ZNF740","0.96074638559357628","0.96074638559357628","0.96074638559357628","Activated","180","viper","180","0.96074638559357628",NA,NA,"4","ReMap--ChIP-seq(rank=160); GTEx--Coexpression(rank=369); ARCHS4--Coexpression(rank=1066); Enrichr--Queries(rank=1107)","872","0.22960000000000000","GTEx Coexpression,0.2296"
"NCOA3","0.95135300496441444","0.95135300496441444","0.95135300496441444","Activated","181","viper","181","0.95135300496441444",NA,NA,"4","Enrichr--Queries(rank=40); ARCHS4--Coexpression(rank=277); ReMap--ChIP-seq(rank=285); GTEx--Coexpression(rank=1149)","133","0.02849000000000000","Enrichr Queries,0.02849"
"TCF4","0.94969640463120386","0.94969640463120386","0.94969640463120386","Activated","182","viper","182","0.94969640463120386",NA,NA,"5","ReMap--ChIP-seq(rank=14); Literature--ChIP-seq(rank=50); Enrichr--Queries(rank=65); ARCHS4--Coexpression(rank=243); GTEx--Coexpression(rank=459)","219","0.04630000000000000","Enrichr Queries,0.0463"
"NFYB","-0.93373970830741404","-0.93373970830741404","0.93373970830741404","Repressed","183","viper","183","0.93373970830741404",NA,NA,"5","ENCODE--ChIP-seq(rank=65); Enrichr--Queries(rank=82); ReMap--ChIP-seq(rank=95); ARCHS4--Coexpression(rank=268); GTEx--Coexpression(rank=1588)","270","0.05840000000000000","Enrichr Queries,0.0584"
"EPAS1","0.91221929812230396","0.91221929812230396","0.91221929812230396","Activated","184","viper","184","0.91221929812230396",NA,NA,"4","ARCHS4--Coexpression(rank=44); Enrichr--Queries(rank=170); ReMap--ChIP-seq(rank=175); GTEx--Coexpression(rank=1021)","126","0.02703000000000000","ARCHS4 Coexpression,0.02703"
"IRF1","0.91197131301656076","0.91197131301656076","0.91197131301656076","Activated","185","viper","185","0.91197131301656076",NA,NA,"6","ReMap--ChIP-seq(rank=21); ENCODE--ChIP-seq(rank=59); Literature--ChIP-seq(rank=99); Enrichr--Queries(rank=123); GTEx--Coexpression(rank=253); ARCHS4--Coexpression(rank=352)","331","0.07071000000000000","ReMap ChIP-seq,0.07071"
"AHR","0.90449480148575445","0.90449480148575445","0.90449480148575445","Activated","186","viper","186","0.90449480148575445",NA,NA,"5","Literature--ChIP-seq(rank=17); Enrichr--Queries(rank=68); GTEx--Coexpression(rank=71); ReMap--ChIP-seq(rank=286); ARCHS4--Coexpression(rank=1207)","209","0.04418000000000000","GTEx Coexpression,0.04418"
"HOXA9","0.84004106947958834","0.84004106947958834","0.84004106947958834","Activated","187","viper","187","0.84004106947958834",NA,NA,"4","GTEx--Coexpression(rank=28); ARCHS4--Coexpression(rank=85); ReMap--ChIP-seq(rank=268); Enrichr--Queries(rank=581)","82","0.01742000000000000","GTEx Coexpression,0.01742"
"TGIF2","-0.81989401990914645","-0.81989401990914645","0.81989401990914645","Repressed","188","viper","188","0.81989401990914645",NA,NA,"4","ARCHS4--Coexpression(rank=70); ReMap--ChIP-seq(rank=134); Enrichr--Queries(rank=920); GTEx--Coexpression(rank=1111)","204","0.04300000000000000","ARCHS4 Coexpression,0.043"
"FLI1","-0.80941558484097931","-0.80941558484097931","0.80941558484097931","Repressed","189","viper","189","0.80941558484097931",NA,NA,"6","ReMap--ChIP-seq(rank=12); Literature--ChIP-seq(rank=49); ENCODE--ChIP-seq(rank=116); GTEx--Coexpression(rank=177); Enrichr--Queries(rank=358); ARCHS4--Coexpression(rank=644)","189","0.04040000000000000","ReMap ChIP-seq,0.0404"
"CEBPA","0.80396673568247889","0.80396673568247889","0.80396673568247889","Activated","190","viper","190","0.80396673568247889",NA,NA,"5","Literature--ChIP-seq(rank=62); ReMap--ChIP-seq(rank=82); GTEx--Coexpression(rank=119); Enrichr--Queries(rank=767); ARCHS4--Coexpression(rank=1514)","346","0.07405000000000000","GTEx Coexpression,0.07405"
"E2F7","-0.80129655750129525","-0.80129655750129525","0.80129655750129525","Repressed","191","viper","191","0.80129655750129525",NA,NA,"5","ReMap--ChIP-seq(rank=35); Literature--ChIP-seq(rank=64); ARCHS4--Coexpression(rank=250); Enrichr--Queries(rank=1034); GTEx--Coexpression(rank=1163)","520","0.11780000000000000","ReMap ChIP-seq,0.1178"
"RFX1","0.79626520492107089","0.79626520492107089","0.79626520492107089","Activated","192","viper","192","0.79626520492107089",NA,NA,"4","ReMap--ChIP-seq(rank=178); GTEx--Coexpression(rank=415); ARCHS4--Coexpression(rank=1150); Enrichr--Queries(rank=1367)","941","0.25819999999999999","GTEx Coexpression,0.2582"
"IRF9","0.78544324533381471","0.78544324533381471","0.78544324533381471","Activated","193","viper","193","0.78544324533381471",NA,NA,"4","ReMap--ChIP-seq(rank=64); Enrichr--Queries(rank=311); ARCHS4--Coexpression(rank=324); GTEx--Coexpression(rank=439)","786","0.19900000000000001","ARCHS4 Coexpression,0.199"
"NR1H2","0.78115389613834485","0.78115389613834485","0.78115389613834485","Activated","194","viper","194","0.78115389613834485",NA,NA,"4","ReMap--ChIP-seq(rank=111); ARCHS4--Coexpression(rank=503); GTEx--Coexpression(rank=921); Enrichr--Queries(rank=1339)","1071","0.30900000000000000","ARCHS4 Coexpression,0.309"
"KLF3","-0.76472110542090077","-0.76472110542090077","0.76472110542090077","Repressed","195","viper","195","0.76472110542090077",NA,NA,"4","GTEx--Coexpression(rank=117); ReMap--ChIP-seq(rank=211); ARCHS4--Coexpression(rank=263); Enrichr--Queries(rank=822)","340","0.07281000000000000","GTEx Coexpression,0.07281"
"CDX2","0.74058972044293125","0.74058972044293125","0.74058972044293125","Activated","196","viper","196","0.74058972044293125",NA,NA,"5","Literature--ChIP-seq(rank=19); ReMap--ChIP-seq(rank=233); ARCHS4--Coexpression(rank=759); Enrichr--Queries(rank=917); GTEx--Coexpression(rank=970)","514","0.11590000000000000","Literature ChIP-seq,0.1159"
"HSF1","0.73667920771502204","0.73667920771502204","0.73667920771502204","Activated","197","viper","197","0.73667920771502204",NA,NA,"5","ENCODE--ChIP-seq(rank=47); ReMap--ChIP-seq(rank=79); Literature--ChIP-seq(rank=80); GTEx--Coexpression(rank=1214); ARCHS4--Coexpression(rank=1546)","964","0.26600000000000001","ReMap ChIP-seq,0.266"
"FOSL1","-0.73387652794407499","-0.73387652794407499","0.73387652794407499","Repressed","198","viper","198","0.73387652794407499",NA,NA,"5","ENCODE--ChIP-seq(rank=20); GTEx--Coexpression(rank=180); ARCHS4--Coexpression(rank=254); ReMap--ChIP-seq(rank=273); Enrichr--Queries(rank=736)","500","0.11200000000000000","GTEx Coexpression,0.112"
"RELA","0.72252589903025011","0.72252589903025011","0.72252589903025011","Activated","199","viper","199","0.72252589903025011",NA,NA,"6","Literature--ChIP-seq(rank=24); ENCODE--ChIP-seq(rank=28); ReMap--ChIP-seq(rank=190); GTEx--Coexpression(rank=629); Enrichr--Queries(rank=803); ARCHS4--Coexpression(rank=1453)","622","0.14630000000000001","Literature ChIP-seq,0.1463"
"FOXO4","0.72008661059828616","0.72008661059828616","0.72008661059828616","Activated","200","viper","200","0.72008661059828616",NA,NA,"3","ARCHS4--Coexpression(rank=112); Enrichr--Queries(rank=663); GTEx--Coexpression(rank=1532)","321","0.06880000000000000","ARCHS4 Coexpression,0.0688"
"JUND","0.71767704250852615","0.71767704250852615","0.71767704250852615","Activated","201","viper","201","0.71767704250852615",NA,NA,"6","ENCODE--ChIP-seq(rank=1); ReMap--ChIP-seq(rank=9); Literature--ChIP-seq(rank=42); Enrichr--Queries(rank=383); ARCHS4--Coexpression(rank=1004); GTEx--Coexpression(rank=1494)","38","0.00847500000000000","ENCODE ChIP-seq,0.008475"
"STAT6","-0.71549015187911658","-0.71549015187911658","0.71549015187911658","Repressed","202","viper","202","0.71549015187911658",NA,NA,"4","Literature--ChIP-seq(rank=119); ARCHS4--Coexpression(rank=642); Enrichr--Queries(rank=1094); GTEx--Coexpression(rank=1205)","1241","0.39429999999999998","ARCHS4 Coexpression,0.3943"
"STAT3","0.71544502000111176","0.71544502000111176","0.71544502000111176","Activated","203","viper","203","0.71544502000111176",NA,NA,"6","Literature--ChIP-seq(rank=15); ENCODE--ChIP-seq(rank=39); ReMap--ChIP-seq(rank=151); ARCHS4--Coexpression(rank=174); Enrichr--Queries(rank=369); GTEx--Coexpression(rank=615)","415","0.09146000000000000","Literature ChIP-seq,0.09146"
"CREB1","0.70908152625742760","0.70908152625742760","0.70908152625742760","Activated","204","viper","204","0.70908152625742760",NA,NA,"6","ENCODE--ChIP-seq(rank=102); ReMap--ChIP-seq(rank=104); Literature--ChIP-seq(rank=109); Enrichr--Queries(rank=227); ARCHS4--Coexpression(rank=891); GTEx--Coexpression(rank=1535)","668","0.16170000000000001","Enrichr Queries,0.1617"
"FOSL2","0.67243284627524968","0.67243284627524968","0.67243284627524968","Activated","205","viper","205","0.67243284627524968",NA,NA,"5","ENCODE--ChIP-seq(rank=15); ReMap--ChIP-seq(rank=135); Enrichr--Queries(rank=776); GTEx--Coexpression(rank=1164); ARCHS4--Coexpression(rank=1333)","552","0.12709999999999999","ENCODE ChIP-seq,0.1271"
"SP4","0.64750964181429571","0.64750964181429571","0.64750964181429571","Activated","206","viper","206","0.64750964181429571",NA,NA,"5","ReMap--ChIP-seq(rank=26); ENCODE--ChIP-seq(rank=105); Enrichr--Queries(rank=771); ARCHS4--Coexpression(rank=1097); GTEx--Coexpression(rank=1308)","399","0.08754000000000001","ReMap ChIP-seq,0.08754"
"AR","-0.64650179076105296","-0.64650179076105296","0.64650179076105296","Repressed","207","viper","207","0.64650179076105296",NA,NA,"5","Literature--ChIP-seq(rank=11); ReMap--ChIP-seq(rank=121); ARCHS4--Coexpression(rank=203); Enrichr--Queries(rank=582); GTEx--Coexpression(rank=726)","312","0.06707000000000000","Literature ChIP-seq,0.06707"
"RXRA","0.64192509691467858","0.64192509691467858","0.64192509691467858","Activated","208","viper","208","0.64192509691467858",NA,NA,"6","ENCODE--ChIP-seq(rank=93); Literature--ChIP-seq(rank=125); ReMap--ChIP-seq(rank=127); Enrichr--Queries(rank=284); GTEx--Coexpression(rank=393); ARCHS4--Coexpression(rank=661)","792","0.20230000000000001","Enrichr Queries,0.2023"
"JUN","0.63973062632985445","0.63973062632985445","0.63973062632985445","Activated","209","viper","209","0.63973062632985445",NA,NA,"6","ENCODE--ChIP-seq(rank=4); Literature--ChIP-seq(rank=28); ReMap--ChIP-seq(rank=193); GTEx--Coexpression(rank=346); ARCHS4--Coexpression(rank=487); Enrichr--Queries(rank=661)","158","0.03390000000000000","ENCODE ChIP-seq,0.0339"
"LHX2","-0.62789275462974126","-0.62789275462974126","0.62789275462974126","Repressed","210","viper","210","0.62789275462974126",NA,NA,"4","ReMap--ChIP-seq(rank=251); ARCHS4--Coexpression(rank=269); GTEx--Coexpression(rank=324); Enrichr--Queries(rank=335)","676","0.16520000000000001","ARCHS4 Coexpression,0.1652"
"ZFX","-0.59190243661785658","-0.59190243661785658","0.59190243661785658","Repressed","211","viper","211","0.59190243661785658",NA,NA,"5","ReMap--ChIP-seq(rank=117); Literature--ChIP-seq(rank=146); ARCHS4--Coexpression(rank=851); GTEx--Coexpression(rank=1051); Enrichr--Queries(rank=1162)","1240","0.39389999999999997","ReMap ChIP-seq,0.3939"
"NFIC","-0.59170560932252680","-0.59170560932252680","0.59170560932252680","Repressed","212","viper","212","0.59170560932252680",NA,NA,"5","ENCODE--ChIP-seq(rank=69); ARCHS4--Coexpression(rank=194); ReMap--ChIP-seq(rank=212); Enrichr--Queries(rank=364); GTEx--Coexpression(rank=841)","526","0.11920000000000000","ARCHS4 Coexpression,0.1192"
"ETV4","-0.57068366053371455","-0.57068366053371455","0.57068366053371455","Repressed","213","viper","213","0.57068366053371455",NA,NA,"4","ReMap--ChIP-seq(rank=86); GTEx--Coexpression(rank=476); Enrichr--Queries(rank=724); ARCHS4--Coexpression(rank=1107)","1023","0.28960000000000002","ReMap ChIP-seq,0.2896"
"WT1","0.56805429080234260","0.56805429080234260","0.56805429080234260","Activated","214","viper","214","0.56805429080234260",NA,NA,"4","Literature--ChIP-seq(rank=31); GTEx--Coexpression(rank=96); Enrichr--Queries(rank=398); ARCHS4--Coexpression(rank=591)","277","0.05974000000000000","GTEx Coexpression,0.05974"
"USF2","0.55611058555726323","0.55611058555726323","0.55611058555726323","Activated","215","viper","215","0.55611058555726323",NA,NA,"5","ENCODE--ChIP-seq(rank=42); ReMap--ChIP-seq(rank=47); GTEx--Coexpression(rank=313); Enrichr--Queries(rank=741); ARCHS4--Coexpression(rank=1005)","656","0.15820000000000001","ReMap ChIP-seq,0.1582"
"RELB","0.54112555287217867","0.54112555287217867","0.54112555287217867","Activated","216","viper","216","0.54112555287217867",NA,NA,"4","ARCHS4--Coexpression(rank=151); Enrichr--Queries(rank=231); GTEx--Coexpression(rank=291); ReMap--ChIP-seq(rank=291)","420","0.09275000000000001","ARCHS4 Coexpression,0.09275"
"KMT2A","0.54082956701581431","0.54082956701581431","0.54082956701581431","Activated","217","viper","217","0.54082956701581431",NA,NA,"3","ReMap--ChIP-seq(rank=78); GTEx--Coexpression(rank=840); ARCHS4--Coexpression(rank=1262)","952","0.26260000000000000","ReMap ChIP-seq,0.2626"
"TCF3","0.52093648876458087","0.52093648876458087","0.52093648876458087","Activated","218","viper","218","0.52093648876458087",NA,NA,"6","Literature--ChIP-seq(rank=35); ENCODE--ChIP-seq(rank=74); Enrichr--Queries(rank=195); ReMap--ChIP-seq(rank=207); GTEx--Coexpression(rank=263); ARCHS4--Coexpression(rank=1214)","593","0.13890000000000000","Enrichr Queries,0.1389"
"BACH1","-0.51325948206317562","-0.51325948206317562","0.51325948206317562","Repressed","219","viper","219","0.51325948206317562",NA,NA,"6","Literature--ChIP-seq(rank=60); ENCODE--ChIP-seq(rank=89); ReMap--ChIP-seq(rank=96); Enrichr--Queries(rank=395); ARCHS4--Coexpression(rank=592); GTEx--Coexpression(rank=755)","1001","0.28129999999999999","Enrichr Queries,0.2813"
"ATF6","0.51276941945856258","0.51276941945856258","0.51276941945856258","Activated","220","viper","220","0.51276941945856258",NA,NA,"3","GTEx--Coexpression(rank=519); ARCHS4--Coexpression(rank=675); Enrichr--Queries(rank=1178)","1108","0.32300000000000001","GTEx Coexpression,0.323"
"ZNF274","-0.49900351290267470","-0.49900351290267470","0.49900351290267470","Repressed","221","viper","221","0.49900351290267470",NA,NA,"6","ReMap--ChIP-seq(rank=36); ENCODE--ChIP-seq(rank=95); Literature--ChIP-seq(rank=134); Enrichr--Queries(rank=1124); GTEx--Coexpression(rank=1377); ARCHS4--Coexpression(rank=1389)","533","0.12120000000000000","ReMap ChIP-seq,0.1212"
"ATF2","-0.49262129112191311","-0.49262129112191311","0.49262129112191311","Repressed","222","viper","222","0.49262129112191311",NA,NA,"5","ENCODE--ChIP-seq(rank=113); ReMap--ChIP-seq(rank=229); Enrichr--Queries(rank=839); GTEx--Coexpression(rank=1004); ARCHS4--Coexpression(rank=1007)","1487","0.59760000000000002","Enrichr Queries,0.5976"
"GLI2","0.47809228612207849","0.47809228612207849","0.47809228612207849","Activated","223","viper","223","0.47809228612207849",NA,NA,"3","ARCHS4--Coexpression(rank=62); Enrichr--Queries(rank=131); GTEx--Coexpression(rank=344)","179","0.03808000000000000","ARCHS4 Coexpression,0.03808"
"RARA","0.47732399706727352","0.47732399706727352","0.47732399706727352","Activated","224","viper","224","0.47732399706727352",NA,NA,"5","ReMap--ChIP-seq(rank=7); Literature--ChIP-seq(rank=73); GTEx--Coexpression(rank=243); Enrichr--Queries(rank=690); ARCHS4--Coexpression(rank=719)","109","0.02357000000000000","ReMap ChIP-seq,0.02357"
"SREBF1","0.46966536020111394","0.46966536020111394","0.46966536020111394","Activated","225","viper","225","0.46966536020111394",NA,NA,"6","GTEx--Coexpression(rank=37); ENCODE--ChIP-seq(rank=53); ReMap--ChIP-seq(rank=130); Literature--ChIP-seq(rank=140); Enrichr--Queries(rank=782); ARCHS4--Coexpression(rank=1281)","106","0.02302000000000000","GTEx Coexpression,0.02302"
"RFX5","-0.46875245628182793","-0.46875245628182793","0.46875245628182793","Repressed","226","viper","226","0.46875245628182793",NA,NA,"5","ENCODE--ChIP-seq(rank=8); ReMap--ChIP-seq(rank=100); Enrichr--Queries(rank=296); GTEx--Coexpression(rank=1318); ARCHS4--Coexpression(rank=1407)","317","0.06780000000000000","ENCODE ChIP-seq,0.0678"
"ELK1","0.46216214684093954","0.46216214684093954","0.46216214684093954","Activated","227","viper","227","0.46216214684093954",NA,NA,"5","ENCODE--ChIP-seq(rank=81); Literature--ChIP-seq(rank=136); ReMap--ChIP-seq(rank=288); GTEx--Coexpression(rank=530); ARCHS4--Coexpression(rank=1550)","1121","0.32979999999999998","GTEx Coexpression,0.3298"
"TWIST1","-0.45883380840291343","-0.45883380840291343","0.45883380840291343","Repressed","228","viper","228","0.45883380840291343",NA,NA,"4","GTEx--Coexpression(rank=33); ARCHS4--Coexpression(rank=35); Enrichr--Queries(rank=67); ReMap--ChIP-seq(rank=159)","98","0.02054000000000000","GTEx Coexpression,0.02054"
"SOX10","-0.44838915390763118","-0.44838915390763118","0.44838915390763118","Repressed","229","viper","229","0.44838915390763118",NA,NA,"4","GTEx--Coexpression(rank=80); ReMap--ChIP-seq(rank=278); ARCHS4--Coexpression(rank=478); Enrichr--Queries(rank=1381)","231","0.04978000000000000","GTEx Coexpression,0.04978"
"SREBF2","-0.41683983436961247","-0.41683983436961247","0.41683983436961247","Repressed","230","viper","230","0.41683983436961247",NA,NA,"6","ReMap--ChIP-seq(rank=37); ENCODE--ChIP-seq(rank=99); Literature--ChIP-seq(rank=124); GTEx--Coexpression(rank=210); Enrichr--Queries(rank=808); ARCHS4--Coexpression(rank=1559)","543","0.12460000000000000","ReMap ChIP-seq,0.1246"
"GATA1","0.40295303471269206","0.40295303471269206","0.40295303471269206","Activated","231","viper","231","0.40295303471269206",NA,NA,"6","Literature--ChIP-seq(rank=3); ENCODE--ChIP-seq(rank=37); ReMap--ChIP-seq(rank=188); GTEx--Coexpression(rank=580); ARCHS4--Coexpression(rank=701); Enrichr--Queries(rank=1188)","86","0.01829000000000000","Literature ChIP-seq,0.01829"
"HNF1B","0.38258697616064757","0.38258697616064757","0.38258697616064757","Activated","232","viper","232","0.38258697616064757",NA,NA,"3","ARCHS4--Coexpression(rank=64); ReMap--ChIP-seq(rank=262); Enrichr--Queries(rank=592)","185","0.03931000000000000","ARCHS4 Coexpression,0.03931"
"CREB3L1","0.37387448113460342","0.37387448113460342","0.37387448113460342","Activated","233","viper","233","0.37387448113460342",NA,NA,"4","ARCHS4--Coexpression(rank=4); Enrichr--Queries(rank=6); ReMap--ChIP-seq(rank=208); GTEx--Coexpression(rank=1370)","10","0.00245700000000000","ARCHS4 Coexpression,0.002457"
"GATA3","0.36902965668221754","0.36902965668221754","0.36902965668221754","Activated","234","viper","234","0.36902965668221754",NA,NA,"6","ENCODE--ChIP-seq(rank=5); GTEx--Coexpression(rank=7); Literature--ChIP-seq(rank=18); ReMap--ChIP-seq(rank=83); Enrichr--Queries(rank=165); ARCHS4--Coexpression(rank=720)","20","0.00435600000000000","GTEx Coexpression,0.004356"
"HIF1A","-0.34788108921980432","-0.34788108921980432","0.34788108921980432","Repressed","235","viper","235","0.34788108921980432",NA,NA,"5","Enrichr--Queries(rank=16); GTEx--Coexpression(rank=16); Literature--ChIP-seq(rank=94); ReMap--ChIP-seq(rank=179); ARCHS4--Coexpression(rank=249)","45","0.00995600000000000","GTEx Coexpression,0.009956"
"RUNX3","0.34286736579456800","0.34286736579456800","0.34286736579456800","Activated","236","viper","236","0.34286736579456800",NA,NA,"5","ReMap--ChIP-seq(rank=113); ENCODE--ChIP-seq(rank=114); Enrichr--Queries(rank=303); GTEx--Coexpression(rank=623); ARCHS4--Coexpression(rank=790)","835","0.21579999999999999","Enrichr Queries,0.2158"
"PAX6","0.32879189711602386","0.32879189711602386","0.32879189711602386","Activated","237","viper","237","0.32879189711602386",NA,NA,"5","Literature--ChIP-seq(rank=27); ReMap--ChIP-seq(rank=63); GTEx--Coexpression(rank=285); Enrichr--Queries(rank=602); ARCHS4--Coexpression(rank=1334)","675","0.16460000000000000","Literature ChIP-seq,0.1646"
"MYBL2","0.32097191779687168","0.32097191779687168","0.32097191779687168","Activated","238","viper","238","0.32097191779687168",NA,NA,"6","Literature--ChIP-seq(rank=45); ReMap--ChIP-seq(rank=94); ENCODE--ChIP-seq(rank=98); ARCHS4--Coexpression(rank=391); Enrichr--Queries(rank=1123); GTEx--Coexpression(rank=1209)","904","0.24020000000000000","ARCHS4 Coexpression,0.2402"
"LEF1","0.30036259983390357","0.30036259983390357","0.30036259983390357","Activated","239","viper","239","0.30036259983390357",NA,NA,"4","ReMap--ChIP-seq(rank=203); ARCHS4--Coexpression(rank=283); GTEx--Coexpression(rank=833); Enrichr--Queries(rank=928)","702","0.17380000000000001","ARCHS4 Coexpression,0.1738"
"NR1H3","0.29323406810263192","0.29323406810263192","0.29323406810263192","Activated","240","viper","240","0.29323406810263192",NA,NA,"5","Enrichr--Queries(rank=25); Literature--ChIP-seq(rank=53); GTEx--Coexpression(rank=157); ReMap--ChIP-seq(rank=265); ARCHS4--Coexpression(rank=348)","83","0.01781000000000000","Enrichr Queries,0.01781"
"MITF","-0.28879895615099904","-0.28879895615099904","0.28879895615099904","Repressed","241","viper","241","0.28879895615099904",NA,NA,"5","ReMap--ChIP-seq(rank=6); Literature--ChIP-seq(rank=55); ARCHS4--Coexpression(rank=501); Enrichr--Queries(rank=594); GTEx--Coexpression(rank=1048)","96","0.02020000000000000","ReMap ChIP-seq,0.0202"
"PAX8","-0.27500121693374313","-0.27500121693374313","0.27500121693374313","Repressed","242","viper","242","0.27500121693374313",NA,NA,"4","ReMap--ChIP-seq(rank=181); GTEx--Coexpression(rank=254); Enrichr--Queries(rank=518); ARCHS4--Coexpression(rank=1473)","654","0.15809999999999999","GTEx Coexpression,0.1581"
"DUX4","0.26148429557719732","0.26148429557719732","0.26148429557719732","Activated","243","viper","243","0.26148429557719732",NA,NA,"2","ReMap--ChIP-seq(rank=244); ARCHS4--Coexpression(rank=1327)","1595","0.81510000000000005","ARCHS4 Coexpression,0.8151"
"ERG","-0.25579734077667582","-0.25579734077667582","0.25579734077667582","Repressed","244","viper","244","0.25579734077667582",NA,NA,"5","Literature--ChIP-seq(rank=26); ARCHS4--Coexpression(rank=32); ReMap--ChIP-seq(rank=187); Enrichr--Queries(rank=314); GTEx--Coexpression(rank=326)","93","0.01966000000000000","ARCHS4 Coexpression,0.01966"
"SOX11","-0.25345096480203050","-0.25345096480203050","0.25345096480203050","Repressed","245","viper","245","0.25345096480203050",NA,NA,"5","Literature--ChIP-seq(rank=84); ReMap--ChIP-seq(rank=174); ARCHS4--Coexpression(rank=231); GTEx--Coexpression(rank=697); Enrichr--Queries(rank=999)","605","0.14190000000000000","ARCHS4 Coexpression,0.1419"
"FOXA2","0.24176966143415959","0.24176966143415959","0.24176966143415959","Activated","246","viper","246","0.24176966143415959",NA,NA,"6","Literature--ChIP-seq(rank=37); ENCODE--ChIP-seq(rank=76); ReMap--ChIP-seq(rank=92); Enrichr--Queries(rank=909); ARCHS4--Coexpression(rank=1170); GTEx--Coexpression(rank=1495)","862","0.22559999999999999","Literature ChIP-seq,0.2256"
"SNAPC4","0.23497847641804545","0.23497847641804545","0.23497847641804545","Activated","247","viper","247","0.23497847641804545",NA,NA,"4","ReMap--ChIP-seq(rank=115); Enrichr--Queries(rank=993); GTEx--Coexpression(rank=1003); ARCHS4--Coexpression(rank=1450)","1227","0.38719999999999999","ReMap ChIP-seq,0.3872"
"ZEB2","-0.22575514629408927","-0.22575514629408927","0.22575514629408927","Repressed","248","viper","248","0.22575514629408927",NA,NA,"4","Enrichr--Queries(rank=154); ReMap--ChIP-seq(rank=260); ARCHS4--Coexpression(rank=714); GTEx--Coexpression(rank=790)","489","0.10970000000000001","Enrichr Queries,0.1097"
"GATA2","0.22072455240200439","0.22072455240200439","0.22072455240200439","Activated","249","viper","249","0.22072455240200439",NA,NA,"6","ENCODE--ChIP-seq(rank=14); Literature--ChIP-seq(rank=33); ReMap--ChIP-seq(rank=173); Enrichr--Queries(rank=215); GTEx--Coexpression(rank=747); ARCHS4--Coexpression(rank=1079)","523","0.11860000000000000","ENCODE ChIP-seq,0.1186"
"NR5A2","0.21850104324192007","0.21850104324192007","0.21850104324192007","Activated","250","viper","250","0.21850104324192007",NA,NA,"4","ReMap--ChIP-seq(rank=206); GTEx--Coexpression(rank=558); ARCHS4--Coexpression(rank=628); Enrichr--Queries(rank=964)","1157","0.34720000000000001","GTEx Coexpression,0.3472"
"ZNF24","-0.20591559206291551","-0.20591559206291551","0.20591559206291551","Repressed","251","viper","251","0.20591559206291551",NA,NA,"4","ReMap--ChIP-seq(rank=112); Enrichr--Queries(rank=266); GTEx--Coexpression(rank=333); ARCHS4--Coexpression(rank=1056)","748","0.18950000000000000","Enrichr Queries,0.1895"
"MYB","0.18900180448057768","0.18900180448057768","0.18900180448057768","Activated","252","viper","252","0.18900180448057768",NA,NA,"6","Literature--ChIP-seq(rank=9); ENCODE--ChIP-seq(rank=71); ARCHS4--Coexpression(rank=127); ReMap--ChIP-seq(rank=146); Enrichr--Queries(rank=712); GTEx--Coexpression(rank=1060)","255","0.05488000000000000","Literature ChIP-seq,0.05488"
"HHEX","-0.18122653046779311","-0.18122653046779311","0.18122653046779311","Repressed","253","viper","253","0.18122653046779311",NA,NA,"4","ReMap--ChIP-seq(rank=4); GTEx--Coexpression(rank=197); ARCHS4--Coexpression(rank=537); Enrichr--Queries(rank=749)","61","0.01347000000000000","ReMap ChIP-seq,0.01347"
"NFE2L2","0.17068656156461609","0.17068656156461609","0.17068656156461609","Activated","254","viper","254","0.17068656156461609",NA,NA,"5","Literature--ChIP-seq(rank=101); ReMap--ChIP-seq(rank=240); Enrichr--Queries(rank=381); GTEx--Coexpression(rank=499); ARCHS4--Coexpression(rank=693)","978","0.27139999999999997","Enrichr Queries,0.2714"
"NFATC2","0.16696015274110876","0.16696015274110876","0.16696015274110876","Activated","255","viper","255","0.16696015274110876",NA,NA,"3","GTEx--Coexpression(rank=200); ARCHS4--Coexpression(rank=608); Enrichr--Queries(rank=673)","542","0.12450000000000000","GTEx Coexpression,0.1245"
"MEIS1","0.16374458784647375","0.16374458784647375","0.16374458784647375","Activated","256","viper","256","0.16374458784647375",NA,NA,"5","Literature--ChIP-seq(rank=52); ReMap--ChIP-seq(rank=182); Enrichr--Queries(rank=580); ARCHS4--Coexpression(rank=586); GTEx--Coexpression(rank=1024)","1095","0.31709999999999999","Literature ChIP-seq,0.3171"
"KLF4","0.16167127904948481","0.16167127904948481","0.16167127904948481","Activated","257","viper","257","0.16167127904948481",NA,NA,"5","GTEx--Coexpression(rank=4); Literature--ChIP-seq(rank=38); ReMap--ChIP-seq(rank=101); Enrichr--Queries(rank=449); ARCHS4--Coexpression(rank=673)","11","0.00248900000000000","GTEx Coexpression,0.002489"
"SMAD4","-0.15710142410498407","-0.15710142410498407","0.15710142410498407","Repressed","258","viper","258","0.15710142410498407",NA,NA,"5","Literature--ChIP-seq(rank=41); ReMap--ChIP-seq(rank=155); Enrichr--Queries(rank=524); ARCHS4--Coexpression(rank=1308); GTEx--Coexpression(rank=1323)","929","0.25000000000000000","Literature ChIP-seq,0.25"
"XBP1","0.09829701459276163","0.09829701459276163","0.09829701459276163","Activated","259","viper","259","0.09829701459276163",NA,NA,"4","ReMap--ChIP-seq(rank=214); Enrichr--Queries(rank=247); ARCHS4--Coexpression(rank=346); GTEx--Coexpression(rank=1189)","709","0.17590000000000000","Enrichr Queries,0.1759"
"USF1","0.09486053597922856","0.09486053597922856","0.09486053597922856","Activated","260","viper","260","0.09486053597922856",NA,NA,"5","ENCODE--ChIP-seq(rank=60); ReMap--ChIP-seq(rank=129); GTEx--Coexpression(rank=574); ARCHS4--Coexpression(rank=1129); Enrichr--Queries(rank=1370)","1176","0.35720000000000002","GTEx Coexpression,0.3572"
"PGR","0.08449776921741044","0.08449776921741044","0.08449776921741044","Activated","261","viper","261","0.08449776921741044",NA,NA,"4","ReMap--ChIP-seq(rank=228); Enrichr--Queries(rank=366); GTEx--Coexpression(rank=788); ARCHS4--Coexpression(rank=976)","947","0.26069999999999999","Enrichr Queries,0.2607"
"NRF1","-0.06073564878193011","-0.06073564878193011","0.06073564878193011","Repressed","262","viper","262","0.06073564878193011",NA,NA,"5","ENCODE--ChIP-seq(rank=91); Enrichr--Queries(rank=162); ReMap--ChIP-seq(rank=236); ARCHS4--Coexpression(rank=549); GTEx--Coexpression(rank=1132)","512","0.11540000000000000","Enrichr Queries,0.1154"
"GATA4","0.06047560820416227","0.06047560820416227","0.06047560820416227","Activated","263","viper","263","0.06047560820416227",NA,NA,"5","Literature--ChIP-seq(rank=47); ReMap--ChIP-seq(rank=223); GTEx--Coexpression(rank=425); Enrichr--Queries(rank=617); ARCHS4--Coexpression(rank=1624)","957","0.26450000000000001","GTEx Coexpression,0.2645"
"ZBED1","0.05645696495182977","0.05645696495182977","0.05645696495182977","Activated","264","viper","264","0.05645696495182977",NA,NA,"4","ReMap--ChIP-seq(rank=71); Enrichr--Queries(rank=116); GTEx--Coexpression(rank=789); ARCHS4--Coexpression(rank=1554)","379","0.08262000000000000","Enrichr Queries,0.08262"
"TP53","-0.04144832639451912","-0.04144832639451912","0.04144832639451912","Repressed","265","viper","265","0.04144832639451912",NA,NA,"5","Literature--ChIP-seq(rank=91); ReMap--ChIP-seq(rank=171); Enrichr--Queries(rank=338); ARCHS4--Coexpression(rank=358); GTEx--Coexpression(rank=1433)","848","0.21990000000000001","ARCHS4 Coexpression,0.2199"
"RFX2","0.04108408963742712","0.04108408963742712","0.04108408963742712","Activated","266","viper","266","0.04108408963742712",NA,NA,"4","ReMap--ChIP-seq(rank=161); ARCHS4--Coexpression(rank=684); GTEx--Coexpression(rank=713); Enrichr--Queries(rank=756)","1280","0.42009999999999997","ARCHS4 Coexpression,0.4201"
"POU2F2","0.02869278223478004","0.02869278223478004","0.02869278223478004","Activated","267","viper","267","0.02869278223478004",NA,NA,"5","ReMap--ChIP-seq(rank=8); ENCODE--ChIP-seq(rank=88); GTEx--Coexpression(rank=486); Enrichr--Queries(rank=540); ARCHS4--Coexpression(rank=1177)","125","0.02694000000000000","ReMap ChIP-seq,0.02694"
"CEBPD","0.02001287789271239","0.02001287789271239","0.02001287789271239","Activated","268","viper","268","0.02001287789271239",NA,NA,"5","ENCODE--ChIP-seq(rank=35); Literature--ChIP-seq(rank=87); ReMap--ChIP-seq(rank=103); ARCHS4--Coexpression(rank=171); GTEx--Coexpression(rank=568)","469","0.10500000000000000","ARCHS4 Coexpression,0.105"
"REL","0.01720012412671474","0.01720012412671474","0.01720012412671474","Activated","269","viper","269","0.01720012412671474",NA,NA,"3","GTEx--Coexpression(rank=500); ARCHS4--Coexpression(rank=604); Enrichr--Queries(rank=855)","1077","0.31109999999999999","GTEx Coexpression,0.3111"
