"TF","HD_HCT116"
"AHR","-3.57215083475015094"
"AR","-0.81418245388149801"
"ARID2","-1.25973601651272427"
"ARID3A","-2.48363419946414554"
"ARNT","-1.90267000616025261"
"ARNTL","-1.78616516657409363"
"ASCL1","-0.95021686383772619"
"ATF1","0.60804637419356344"
"ATF2","-1.23146731954481026"
"ATF3","0.92032622870117642"
"ATF4","-4.82871856574346925"
"ATF6","0.30108496766702397"
"ATF7","-0.32992083425229779"
"BACH1","0.44258879359591230"
"BACH2","-0.90530484947927070"
"BATF","-0.81555140241494806"
"BCL11A","-1.59649401328047369"
"BCL6","2.00556116978890842"
"BHLHE22","2.06171340676350789"
"BHLHE40","1.67794182007868975"
"CDX2","-1.51708016942010815"
"CEBPA","-1.61996035987296860"
"CEBPB","-1.52604275510794163"
"CEBPD","-0.42566111741936552"
"CEBPG","-4.06462248812277238"
"CLOCK","-3.15967133349342477"
"CREB1","0.55782075840056966"
"CREB3","1.25089887821395096"
"CREB3L1","1.04087491420127942"
"CREM","-0.84507605892679949"
"CTCF","0.64537783733182441"
"CTCFL","0.74571841055794685"
"CUX1","-0.01429022437443934"
"DUX4","-0.53905193073906355"
"E2F1","4.20414625327214164"
"E2F2","6.62541464808892044"
"E2F3","4.48804741185848144"
"E2F4","9.38107360396986323"
"E2F5","1.51480745041288922"
"E2F6","-1.36794620375359499"
"E2F7","0.92732616708388260"
"EBF1","-3.72049975971447200"
"EGR1","-1.95944774222811624"
"EHF","-2.88660523665610036"
"ELF1","-0.99936936101582685"
"ELF3","-3.09445303264590299"
"ELF5","-0.47407743554014131"
"ELK1","-2.02318248209545448"
"ELK4","-1.05564942953911567"
"EOMES","-2.77361590576695205"
"EPAS1","-0.94031793598274938"
"ERG","0.72816261418805373"
"ESR1","-2.41827093015240946"
"ESR2","-1.25800863086373527"
"ESRRA","-2.81320529413302056"
"ETS1","1.54177716505266704"
"ETS2","-0.97501521802954261"
"ETV1","-0.43585022283203834"
"ETV4","-1.79799918184254848"
"FLI1","-2.08452304329901983"
"FOS","-3.17562728996918686"
"FOSL1","0.08896972081338013"
"FOSL2","0.86651953019194528"
"FOXA1","-2.07198496026125634"
"FOXA2","-1.77510013194679406"
"FOXJ2","-1.74597765415804562"
"FOXK2","0.78211226052116400"
"FOXL2","-1.31566233144556621"
"FOXM1","1.73330278951239825"
"FOXO1","-3.61855562005575315"
"FOXO3","-3.19369624435763910"
"FOXO4","-1.09571203300453490"
"FOXP1","2.74516611666005561"
"FOXP2","1.27842373764872463"
"GABPA","0.74009196744869798"
"GATA1","0.42988893933215938"
"GATA2","-1.85770061585894197"
"GATA3","-2.87282739869391568"
"GATA4","-0.78528107554060300"
"GATA6","-3.88431453481923006"
"GFI1B","-1.96662955106211390"
"GLI2","1.30890423776768339"
"GRHL2","-5.53301126223144735"
"HBP1","0.66227910859555528"
"HHEX","0.42044369095598716"
"HIF1A","-2.04429452287137270"
"HINFP","0.91249031116293966"
"HMBOX1","3.22229792118889957"
"HNF1B","-4.00253573487724257"
"HNF4A","-4.39021280020963367"
"HNF4G","-3.94562786113218777"
"HOXA9","-0.80069268446247122"
"HOXB13","-2.74932674053541160"
"HSF1","1.29270675616904174"
"IKZF1","-1.37152952019865926"
"IRF1","1.16467833122561260"
"IRF2","2.90897959812939000"
"IRF3","1.51179862605973825"
"IRF4","-1.97729435525136510"
"IRF9","-0.12984242404695406"
"JUN","-1.23875649993170378"
"JUNB","-1.83918899628751631"
"JUND","0.74384071401824869"
"KDM5B","-2.78513536629563285"
"KLF1","0.02013997235745517"
"KLF13","-2.05607625906063163"
"KLF3","-3.52223002288777165"
"KLF4","-2.88316212157459395"
"KLF5","-5.01665030196830575"
"KLF6","-2.75712897032516890"
"KLF9","-0.24609735932624521"
"KMT2A","-0.34679883095342651"
"LEF1","0.09136086576737752"
"LHX2","0.29641209926647205"
"LYL1","-2.09824609952654573"
"MAF","-2.30278635928063036"
"MAFB","-4.81835502638103996"
"MAFF","-1.78888469624431767"
"MAFG","-3.85311582124515661"
"MAFK","-3.45291285812434268"
"MAX","-1.10288309551238006"
"MAZ","3.42192342037065567"
"MBD1","-3.31524432374288125"
"MBD2","-0.58238302269892495"
"MEF2A","-3.25300214146298172"
"MEF2B","-2.10757237182674251"
"MEF2C","-2.63175506197851572"
"MEIS1","-2.01621074849584625"
"MEIS2","-2.40406852610247190"
"MITF","-0.68004259104550158"
"MNT","-0.70920291201863805"
"MXI1","-0.81742911816656294"
"MYB","0.06613760689654198"
"MYBL2","-1.07317963303729957"
"MYC","4.57496679866152700"
"MYCN","4.95699570156773284"
"MYOD1","-2.42459610071092602"
"NANOG","-4.09047865672521027"
"NCOA1","-0.39914795299635364"
"NCOA2","-2.58112747916115604"
"NCOA3","-0.83135699733579405"
"NEUROD1","-0.79212982522256736"
"NFATC1","-1.38291385857261195"
"NFE2","-2.74434113538986590"
"NFE2L1","-1.28860437167117081"
"NFE2L2","-0.43219324693993016"
"NFIC","-0.27299233627954367"
"NFKB1","-2.33522349352946401"
"NFKB2","1.44565562164067707"
"NFYA","0.28200543448032306"
"NFYB","1.26985556730959792"
"NR1H2","-1.97616562717671806"
"NR1H3","-2.66433037041765974"
"NR2C2","2.57754397837571414"
"NR2F1","-1.45113795647906696"
"NR2F6","3.03079363105267330"
"NR3C1","-0.87267225855659858"
"NR4A1","-2.20432191116598020"
"NR5A2","-1.56255449799878088"
"NRF1","2.41958533338992021"
"ONECUT1","-1.83095050910135493"
"OTX2","-2.08551362032888443"
"PAX5","-0.71849876107538102"
"PAX6","-0.10443089958009157"
"PAX8","0.86660200893000572"
"PBX2","-2.56784849704143037"
"PBX3","-2.02856896518178997"
"PDX1","-2.69631581884912208"
"PGR","-0.52967051664231835"
"PKNOX1","-1.67366332667977713"
"POU2F1","-1.52764592627680029"
"POU2F2","-1.73533167520667386"
"POU4F2","1.05710982432964995"
"POU5F1","-2.66691833598142169"
"PPARA","0.50437464053023084"
"PPARG","-1.21281270647096062"
"PRDM1","-2.23551977651546041"
"PRDM14","-3.84023250196912125"
"PROX1","-0.60881914794890968"
"RARA","-3.90978714484880063"
"RBPJ","-1.90533322301534613"
"REL","-0.54199564834841774"
"RELA","-1.93976891020118769"
"RELB","0.50980376683379303"
"REST","-1.88732475542821443"
"RFX1","0.26674099140351892"
"RFX2","-0.07493310424344068"
"RFX5","-4.39547107134345172"
"RUNX1","-2.80185068887717925"
"RUNX2","-2.64923220891947997"
"RUNX3","-0.23346520734086390"
"RXRA","0.54964388937019393"
"SIX2","-2.20982260073196501"
"SIX5","2.59479241460065957"
"SMAD1","-2.79713672522109569"
"SMAD3","-1.96450510489193997"
"SMAD4","-1.63175424904179533"
"SMAD5","1.03365361015589063"
"SNAI2","1.69177864052241667"
"SNAPC4","4.04460231129121794"
"SOX10","-3.15453554301719485"
"SOX11","0.56601276702750114"
"SOX13","-2.71357038925456306"
"SOX2","-0.28988719486254216"
"SOX6","-3.04220544323043773"
"SOX9","-1.82790976762305690"
"SP1","-1.07523125153900545"
"SP2","-0.12480523698180349"
"SP3","-2.87002625667545574"
"SP4","1.03642239553792659"
"SPI1","-1.72034334101892861"
"SPIB","-2.96541366317876953"
"SREBF1","-2.76767620995094488"
"SREBF2","-1.62914356276630978"
"SRF","1.50895200552354525"
"STAT1","-0.70977307287898217"
"STAT2","2.22079572003961578"
"STAT3","0.09208533728704030"
"STAT4","-0.12124630325783677"
"STAT5A","0.84525065509738995"
"STAT5B","0.84963550439064783"
"STAT6","-0.31152426880710959"
"TAL1","-0.65380648785406692"
"TBP","-0.64667085143471026"
"TBX21","-5.57047532602122519"
"TCF12","-2.43686868258101397"
"TCF3","0.34622547570592882"
"TCF4","-4.00984329769836290"
"TCF7","-0.62052715971383843"
"TCF7L2","-0.37647280857541965"
"TEAD1","-3.11110073095765527"
"TEAD2","-0.01342326967990900"
"TEAD4","-3.55503562653566574"
"TFAP2A","-1.61334826889351013"
"TFAP2C","-1.52213093189066706"
"TFAP4","-2.60867991342075767"
"TFDP1","4.57765812752907486"
"TGIF2","-1.02901060415255197"
"THAP1","0.70499224412994421"
"THAP11","-3.38117011539961032"
"TP53","-2.89908542964462956"
"TP63","-2.28720196109632345"
"TP73","-1.99429635038157027"
"TWIST1","-0.33978931698950204"
"USF1","1.64279179811742049"
"USF2","1.08776806203123089"
"VDR","-1.66753088927314663"
"WT1","-0.84027279753646378"
"XBP1","-0.40759875605525098"
"YY1","0.25546973115902444"
"ZBED1","1.57463118190236062"
"ZBTB11","0.05040302325432967"
"ZBTB33","0.89059570315591219"
"ZBTB7A","-2.03615279280487549"
"ZEB1","1.71188720231550939"
"ZEB2","2.51998764652990248"
"ZFX","3.05107356682052844"
"ZKSCAN1","-1.07621372429920648"
"ZNF143","0.38249944084776283"
"ZNF217","-2.44006404392875442"
"ZNF24","1.11723698702941787"
"ZNF263","0.28143326440756894"
"ZNF274","0.24203914664496859"
"ZNF384","-1.50799010324259264"
"ZNF592","1.03655823637716238"
"ZNF639","-0.40142761560643325"
"ZNF740","1.63151743731042198"
