"TF","MD_SW480","Activity_Score_Mean","Score","Method_Direction","Rank","Method","Method_Rank","Method_Score","Method_P_Value","Method_Adjusted_P_Value","CheA3_Library_Count","CheA3_Libraries","CheA3_Integrated_TopRank","CheA3_Integrated_Score","CheA3_Integrated_Library"
"TEAD1","6.8407369184811050999","6.8407369184811050999","6.8407369184811050999","Activated","1","viper","1","6.8407369184811050999",NA,NA,"4","ReMap--ChIP-seq(rank=7); ARCHS4--Coexpression(rank=132); Enrichr--Queries(rank=219); GTEx--Coexpression(rank=547)","102","0.02357000000000000","ReMap ChIP-seq,0.02357"
"TCF12","5.7469183557227552228","5.7469183557227552228","5.7469183557227552228","Activated","2","viper","2","5.7469183557227552228",NA,NA,"5","ENCODE--ChIP-seq(rank=3); ReMap--ChIP-seq(rank=102); ARCHS4--Coexpression(rank=306); GTEx--Coexpression(rank=740); Enrichr--Queries(rank=888)","110","0.02542000000000000","ENCODE ChIP-seq,0.02542"
"FOXP1","-5.6306420100564267273","-5.6306420100564267273","5.6306420100564267273","Repressed","3","viper","3","5.6306420100564267273",NA,NA,"5","GTEx--Coexpression(rank=60); Literature--ChIP-seq(rank=123); ReMap--ChIP-seq(rank=210); ARCHS4--Coexpression(rank=503); Enrichr--Queries(rank=681)","165","0.03734000000000000","GTEx Coexpression,0.03734"
"TEAD4","5.4279036630293040488","5.4279036630293040488","5.4279036630293040488","Activated","4","viper","4","5.4279036630293040488",NA,NA,"6","ENCODE--ChIP-seq(rank=11); Literature--ChIP-seq(rank=37); ReMap--ChIP-seq(rank=106); Enrichr--Queries(rank=740); GTEx--Coexpression(rank=905); ARCHS4--Coexpression(rank=1356)","357","0.09322000000000000","ENCODE ChIP-seq,0.09322"
"MAFG","5.1474386681371200325","5.1474386681371200325","5.1474386681371200325","Activated","5","viper","5","5.1474386681371200325",NA,NA,"4","ReMap--ChIP-seq(rank=148); Enrichr--Queries(rank=857); GTEx--Coexpression(rank=898); ARCHS4--Coexpression(rank=1373)","1194","0.49830000000000002","ReMap ChIP-seq,0.4983"
"TCF4","4.8710552835912750425","4.8710552835912750425","4.8710552835912750425","Activated","6","viper","6","4.8710552835912750425",NA,NA,"5","ReMap--ChIP-seq(rank=20); Literature--ChIP-seq(rank=29); Enrichr--Queries(rank=99); ARCHS4--Coexpression(rank=171); GTEx--Coexpression(rank=792)","275","0.06734000000000000","ReMap ChIP-seq,0.06734"
"POU4F2","4.7949466071295558933","4.7949466071295558933","4.7949466071295558933","Activated","7","viper","7","4.7949466071295558933",NA,NA,"4","ReMap--ChIP-seq(rank=141); ARCHS4--Coexpression(rank=154); Enrichr--Queries(rank=729); GTEx--Coexpression(rank=1441)","362","0.09458999999999999","ARCHS4 Coexpression,0.09459"
"RUNX2","4.6106690202838214176","4.6106690202838214176","4.6106690202838214176","Activated","8","viper","8","4.6106690202838214176",NA,NA,"5","ReMap--ChIP-seq(rank=5); Literature--ChIP-seq(rank=12); GTEx--Coexpression(rank=26); Enrichr--Queries(rank=65); ARCHS4--Coexpression(rank=208)","72","0.01618000000000000","GTEx Coexpression,0.01618"
"MAFF","4.5118430091374186475","4.5118430091374186475","4.5118430091374186475","Activated","9","viper","9","4.5118430091374186475",NA,NA,"5","ENCODE--ChIP-seq(rank=67); ReMap--ChIP-seq(rank=144); Enrichr--Queries(rank=410); GTEx--Coexpression(rank=686); ARCHS4--Coexpression(rank=902)","834","0.29199999999999998","Enrichr Queries,0.292"
"PBX3","4.3829266802110939949","4.3829266802110939949","4.3829266802110939949","Activated","10","viper","10","4.3829266802110939949",NA,NA,"5","ENCODE--ChIP-seq(rank=78); ARCHS4--Coexpression(rank=137); Enrichr--Queries(rank=215); ReMap--ChIP-seq(rank=267); GTEx--Coexpression(rank=601)","324","0.08415000000000000","ARCHS4 Coexpression,0.08415"
"SREBF1","4.3721938328226590542","4.3721938328226590542","4.3721938328226590542","Activated","11","viper","11","4.3721938328226590542",NA,NA,"6","ENCODE--ChIP-seq(rank=73); Literature--ChIP-seq(rank=142); ReMap--ChIP-seq(rank=254); GTEx--Coexpression(rank=594); Enrichr--Queries(rank=809); ARCHS4--Coexpression(rank=1424)","976","0.36959999999999998","GTEx Coexpression,0.3696"
"IRF2","4.3246170762834079682","4.3246170762834079682","4.3246170762834079682","Activated","12","viper","12","4.3246170762834079682",NA,NA,"4","ARCHS4--Coexpression(rank=73); ReMap--ChIP-seq(rank=225); GTEx--Coexpression(rank=417); Enrichr--Queries(rank=564)","194","0.04484000000000000","ARCHS4 Coexpression,0.04484"
"PDX1","4.3224738358748000522","4.3224738358748000522","4.3224738358748000522","Activated","13","viper","13","4.3224738358748000522",NA,NA,"5","ReMap--ChIP-seq(rank=83); Literature--ChIP-seq(rank=148); ARCHS4--Coexpression(rank=218); Enrichr--Queries(rank=378); GTEx--Coexpression(rank=506)","477","0.13389999999999999","ARCHS4 Coexpression,0.1339"
"ZNF217","4.2706391793832922943","4.2706391793832922943","4.2706391793832922943","Activated","14","viper","14","4.2706391793832922943",NA,NA,"6","Literature--ChIP-seq(rank=6); ENCODE--ChIP-seq(rank=33); ReMap--ChIP-seq(rank=94); GTEx--Coexpression(rank=910); Enrichr--Queries(rank=1044); ARCHS4--Coexpression(rank=1081)","160","0.03659000000000000","Literature ChIP-seq,0.03659"
"MEF2A","4.2678770034095734331","4.2678770034095734331","4.2678770034095734331","Activated","15","viper","15","4.2678770034095734331",NA,NA,"6","ENCODE--ChIP-seq(rank=51); Literature--ChIP-seq(rank=62); ReMap--ChIP-seq(rank=187); ARCHS4--Coexpression(rank=406); GTEx--Coexpression(rank=655); Enrichr--Queries(rank=776)","743","0.24940000000000001","ARCHS4 Coexpression,0.2494"
"SPI1","4.2036817727228639185","4.2036817727228639185","4.2036817727228639185","Activated","16","viper","16","4.2036817727228639185",NA,NA,"6","ReMap--ChIP-seq(rank=34); ENCODE--ChIP-seq(rank=38); Literature--ChIP-seq(rank=98); GTEx--Coexpression(rank=233); ARCHS4--Coexpression(rank=288); Enrichr--Queries(rank=615)","414","0.11450000000000000","ReMap ChIP-seq,0.1145"
"ELF3","4.1692983171629967032","4.1692983171629967032","4.1692983171629967032","Activated","17","viper","17","4.1692983171629967032",NA,NA,"4","ReMap--ChIP-seq(rank=40); ARCHS4--Coexpression(rank=200); GTEx--Coexpression(rank=344); Enrichr--Queries(rank=411)","445","0.12290000000000000","ARCHS4 Coexpression,0.1229"
"IRF4","4.0266858416184057035","4.0266858416184057035","4.0266858416184057035","Activated","18","viper","18","4.0266858416184057035",NA,NA,"5","ENCODE--ChIP-seq(rank=90); ReMap--ChIP-seq(rank=138); ARCHS4--Coexpression(rank=438); Enrichr--Queries(rank=722); GTEx--Coexpression(rank=1076)","783","0.26900000000000002","ARCHS4 Coexpression,0.269"
"MEIS2","4.0078322753229480568","4.0078322753229480568","4.0078322753229480568","Activated","19","viper","19","4.0078322753229480568",NA,NA,"4","Enrichr--Queries(rank=32); ARCHS4--Coexpression(rank=66); GTEx--Coexpression(rank=75); ReMap--ChIP-seq(rank=174)","98","0.02279000000000000","Enrichr Queries,0.02279"
"CEBPA","3.9272994252764110712","3.9272994252764110712","3.9272994252764110712","Activated","20","viper","20","3.9272994252764110712",NA,NA,"5","Literature--ChIP-seq(rank=94); ReMap--ChIP-seq(rank=120); ARCHS4--Coexpression(rank=382); Enrichr--Queries(rank=637); GTEx--Coexpression(rank=858)","711","0.23460000000000000","ARCHS4 Coexpression,0.2346"
"MAFB","3.8416685272366137838","3.8416685272366137838","3.8416685272366137838","Activated","21","viper","21","3.8416685272366137838",NA,NA,"4","ReMap--ChIP-seq(rank=202); ARCHS4--Coexpression(rank=227); Enrichr--Queries(rank=330); GTEx--Coexpression(rank=456)","489","0.13940000000000000","ARCHS4 Coexpression,0.1394"
"MAFK","3.8161089319396506170","3.8161089319396506170","3.8161089319396506170","Activated","22","viper","22","3.8161089319396506170",NA,NA,"5","ENCODE--ChIP-seq(rank=28); ReMap--ChIP-seq(rank=29); GTEx--Coexpression(rank=332); Enrichr--Queries(rank=810); ARCHS4--Coexpression(rank=1447)","372","0.09764000000000000","ReMap ChIP-seq,0.09764"
"ARNT","3.7932877970282850022","3.7932877970282850022","3.7932877970282850022","Activated","23","viper","23","3.7932877970282850022",NA,NA,"5","Literature--ChIP-seq(rank=21); ReMap--ChIP-seq(rank=127); GTEx--Coexpression(rank=768); Enrichr--Queries(rank=1127); ARCHS4--Coexpression(rank=1128)","464","0.12800000000000000","Literature ChIP-seq,0.128"
"STAT2","3.7898473330334523368","3.7898473330334523368","3.7898473330334523368","Activated","24","viper","24","3.7898473330334523368",NA,NA,"5","ENCODE--ChIP-seq(rank=4); ReMap--ChIP-seq(rank=22); ARCHS4--Coexpression(rank=56); Enrichr--Queries(rank=346); GTEx--Coexpression(rank=1102)","149","0.03390000000000000","ENCODE ChIP-seq,0.0339"
"TBX21","3.5337616443505144304","3.5337616443505144304","3.5337616443505144304","Activated","25","viper","25","3.5337616443505144304",NA,NA,"4","ReMap--ChIP-seq(rank=76); GTEx--Coexpression(rank=242); ARCHS4--Coexpression(rank=268); Enrichr--Queries(rank=525)","519","0.15060000000000001","GTEx Coexpression,0.1506"
"FOXP2","-3.4903091262119900762","-3.4903091262119900762","3.4903091262119900762","Repressed","26","viper","26","3.4903091262119900762",NA,NA,"6","ENCODE--ChIP-seq(rank=25); Enrichr--Queries(rank=52); GTEx--Coexpression(rank=88); Literature--ChIP-seq(rank=99); ReMap--ChIP-seq(rank=142); ARCHS4--Coexpression(rank=425)","163","0.03704000000000000","Enrichr Queries,0.03704"
"MYC","-3.4731808203407656954","-3.4731808203407656954","3.4731808203407656954","Repressed","27","viper","27","3.4731808203407656954",NA,NA,"6","Literature--ChIP-seq(rank=34); ENCODE--ChIP-seq(rank=45); ReMap--ChIP-seq(rank=235); GTEx--Coexpression(rank=712); Enrichr--Queries(rank=795); ARCHS4--Coexpression(rank=1020)","652","0.20730000000000001","Literature ChIP-seq,0.2073"
"ATF3","-3.4461367395378137424","-3.4461367395378137424","3.4461367395378137424","Repressed","28","viper","28","3.4461367395378137424",NA,NA,"6","Literature--ChIP-seq(rank=108); ENCODE--ChIP-seq(rank=110); ReMap--ChIP-seq(rank=130); ARCHS4--Coexpression(rank=186); Enrichr--Queries(rank=418); GTEx--Coexpression(rank=947)","413","0.11430000000000001","ARCHS4 Coexpression,0.1143"
"MYBL2","3.4344173552863033194","3.4344173552863033194","3.4344173552863033194","Activated","29","viper","29","3.4344173552863033194",NA,NA,"6","ENCODE--ChIP-seq(rank=116); Literature--ChIP-seq(rank=140); ReMap--ChIP-seq(rank=232); GTEx--Coexpression(rank=1345); Enrichr--Queries(rank=1401); ARCHS4--Coexpression(rank=1520)","1539","0.78110000000000002","ReMap ChIP-seq,0.7811"
"ATF4","-3.4012532415517333639","-3.4012532415517333639","3.4012532415517333639","Repressed","30","viper","30","3.4012532415517333639",NA,NA,"4","ReMap--ChIP-seq(rank=8); GTEx--Coexpression(rank=105); Enrichr--Queries(rank=1175); ARCHS4--Coexpression(rank=1559)","118","0.02694000000000000","ReMap ChIP-seq,0.02694"
"PROX1","3.3949565328272561793","3.3949565328272561793","3.3949565328272561793","Activated","31","viper","31","3.3949565328272561793",NA,NA,"4","ReMap--ChIP-seq(rank=10); Enrichr--Queries(rank=64); ARCHS4--Coexpression(rank=628); GTEx--Coexpression(rank=913)","147","0.03367000000000000","ReMap ChIP-seq,0.03367"
"KDM5B","3.3678932291802832211","3.3678932291802832211","3.3678932291802832211","Activated","32","viper","32","3.3678932291802832211",NA,NA,"5","ENCODE--ChIP-seq(rank=48); ReMap--ChIP-seq(rank=122); Literature--ChIP-seq(rank=152); ARCHS4--Coexpression(rank=253); GTEx--Coexpression(rank=1261)","533","0.15540000000000001","ARCHS4 Coexpression,0.1554"
"NCOA3","3.3589838695287044246","3.3589838695287044246","3.3589838695287044246","Activated","33","viper","33","3.3589838695287044246",NA,NA,"4","ReMap--ChIP-seq(rank=161); ARCHS4--Coexpression(rank=619); Enrichr--Queries(rank=1020); GTEx--Coexpression(rank=1024)","1000","0.38019999999999998","ARCHS4 Coexpression,0.3802"
"LHX2","3.3275500790298249143","3.3275500790298249143","3.3275500790298249143","Activated","34","viper","34","3.3275500790298249143",NA,NA,"4","GTEx--Coexpression(rank=73); ARCHS4--Coexpression(rank=150); ReMap--ChIP-seq(rank=185); Enrichr--Queries(rank=236)","196","0.04543000000000000","GTEx Coexpression,0.04543"
"KLF6","3.2942031866648955329","3.2942031866648955329","3.2942031866648955329","Activated","35","viper","35","3.2942031866648955329",NA,NA,"4","ReMap--ChIP-seq(rank=14); ARCHS4--Coexpression(rank=251); Enrichr--Queries(rank=650); GTEx--Coexpression(rank=1140)","200","0.04714000000000000","ReMap ChIP-seq,0.04714"
"ZNF384","3.2519226956555873365","3.2519226956555873365","3.2519226956555873365","Activated","36","viper","36","3.2519226956555873365",NA,NA,"5","ENCODE--ChIP-seq(rank=39); ReMap--ChIP-seq(rank=162); GTEx--Coexpression(rank=1022); Enrichr--Queries(rank=1336); ARCHS4--Coexpression(rank=1551)","911","0.33050000000000002","ENCODE ChIP-seq,0.3305"
"TCF7","3.2172717272963557988","3.2172717272963557988","3.2172717272963557988","Activated","37","viper","37","3.2172717272963557988",NA,NA,"5","Literature--ChIP-seq(rank=100); ARCHS4--Coexpression(rank=148); ReMap--ChIP-seq(rank=230); GTEx--Coexpression(rank=237); Enrichr--Queries(rank=611)","346","0.09091000000000000","ARCHS4 Coexpression,0.09091"
"MEIS1","3.2082042288876535530","3.2082042288876535530","3.2082042288876535530","Activated","38","viper","38","3.2082042288876535530",NA,NA,"5","Enrichr--Queries(rank=16); Literature--ChIP-seq(rank=30); ReMap--ChIP-seq(rank=58); GTEx--Coexpression(rank=114); ARCHS4--Coexpression(rank=509)","51","0.01140000000000000","Enrichr Queries,0.0114"
"JUNB","3.1936998511043803717","3.1936998511043803717","3.1936998511043803717","Activated","39","viper","39","3.1936998511043803717",NA,NA,"4","ReMap--ChIP-seq(rank=191); ARCHS4--Coexpression(rank=266); Enrichr--Queries(rank=774); GTEx--Coexpression(rank=928)","548","0.16339999999999999","ARCHS4 Coexpression,0.1634"
"STAT1","3.1472712889015643789","3.1472712889015643789","3.1472712889015643789","Activated","40","viper","40","3.1472712889015643789",NA,NA,"6","ENCODE--ChIP-seq(rank=7); ReMap--ChIP-seq(rank=16); ARCHS4--Coexpression(rank=95); Literature--ChIP-seq(rank=136); Enrichr--Queries(rank=270); GTEx--Coexpression(rank=1038)","224","0.05387000000000000","ReMap ChIP-seq,0.05387"
"SP4","3.1084970474796036477","3.1084970474796036477","3.1084970474796036477","Activated","41","viper","41","3.1084970474796036477",NA,NA,"5","ENCODE--ChIP-seq(rank=118); ReMap--ChIP-seq(rank=258); Enrichr--Queries(rank=882); GTEx--Coexpression(rank=1209); ARCHS4--Coexpression(rank=1348)","1387","0.62819999999999998","Enrichr Queries,0.6282"
"IRF1","3.0539858586249479799","3.0539858586249479799","3.0539858586249479799","Activated","42","viper","42","3.0539858586249479799",NA,NA,"6","Literature--ChIP-seq(rank=60); ReMap--ChIP-seq(rank=74); ENCODE--ChIP-seq(rank=93); ARCHS4--Coexpression(rank=104); Enrichr--Queries(rank=185); GTEx--Coexpression(rank=194)","261","0.06388000000000001","ARCHS4 Coexpression,0.06388"
"GRHL2","3.0318488587058856076","3.0318488587058856076","3.0318488587058856076","Activated","43","viper","43","3.0318488587058856076",NA,NA,"5","Literature--ChIP-seq(rank=119); ReMap--ChIP-seq(rank=121); ARCHS4--Coexpression(rank=195); Enrichr--Queries(rank=596); GTEx--Coexpression(rank=660)","431","0.11980000000000000","ARCHS4 Coexpression,0.1198"
"CEBPG","3.0305178040995737199","3.0305178040995737199","3.0305178040995737199","Activated","44","viper","44","3.0305178040995737199",NA,NA,"4","ReMap--ChIP-seq(rank=183); ARCHS4--Coexpression(rank=648); Enrichr--Queries(rank=850); GTEx--Coexpression(rank=1204)","1028","0.39800000000000002","ARCHS4 Coexpression,0.398"
"HNF4G","3.0103498272680595527","3.0103498272680595527","3.0103498272680595527","Activated","45","viper","45","3.0103498272680595527",NA,NA,"5","ENCODE--ChIP-seq(rank=41); ReMap--ChIP-seq(rank=104); ARCHS4--Coexpression(rank=179); Enrichr--Queries(rank=247); GTEx--Coexpression(rank=383)","402","0.11000000000000000","ARCHS4 Coexpression,0.11"
"GATA6","2.9733551668689348624","2.9733551668689348624","2.9733551668689348624","Activated","46","viper","46","2.9733551668689348624",NA,NA,"5","ReMap--ChIP-seq(rank=32); Enrichr--Queries(rank=98); Literature--ChIP-seq(rank=102); ARCHS4--Coexpression(rank=225); GTEx--Coexpression(rank=420)","282","0.06980000000000000","Enrichr Queries,0.0698"
"SP3","2.9531813974990024363","2.9531813974990024363","2.9531813974990024363","Activated","47","viper","47","2.9531813974990024363",NA,NA,"3","GTEx--Coexpression(rank=1013); Enrichr--Queries(rank=1266); ARCHS4--Coexpression(rank=1537)","1392","0.63039999999999996","GTEx Coexpression,0.6304"
"IRF9","2.9464600289208360273","2.9464600289208360273","2.9464600289208360273","Activated","48","viper","48","2.9464600289208360273",NA,NA,"4","GTEx--Coexpression(rank=31); ARCHS4--Coexpression(rank=84); ReMap--ChIP-seq(rank=147); Enrichr--Queries(rank=170)","83","0.01929000000000000","GTEx Coexpression,0.01929"
"POU5F1","2.9047775595231311030","2.9047775595231311030","2.9047775595231311030","Activated","49","viper","49","2.9047775595231311030",NA,NA,"5","Literature--ChIP-seq(rank=20); ReMap--ChIP-seq(rank=61); GTEx--Coexpression(rank=222); ARCHS4--Coexpression(rank=694); Enrichr--Queries(rank=712)","440","0.12200000000000000","Literature ChIP-seq,0.122"
"TBP","2.8962904444912580537","2.8962904444912580537","2.8962904444912580537","Activated","50","viper","50","2.8962904444912580537",NA,NA,"5","ENCODE--ChIP-seq(rank=77); Literature--ChIP-seq(rank=146); ReMap--ChIP-seq(rank=248); ARCHS4--Coexpression(rank=1379); GTEx--Coexpression(rank=1440)","1421","0.65249999999999997","ENCODE ChIP-seq,0.6525"
"NR2C2","-2.8813418983616032598","-2.8813418983616032598","2.8813418983616032598","Repressed","51","viper","51","2.8813418983616032598",NA,NA,"5","ENCODE--ChIP-seq(rank=82); ReMap--ChIP-seq(rank=271); Enrichr--Queries(rank=1254); GTEx--Coexpression(rank=1433); ARCHS4--Coexpression(rank=1597)","1464","0.69489999999999996","ENCODE ChIP-seq,0.6949"
"MYOD1","2.8529628079884346015","2.8529628079884346015","2.8529628079884346015","Activated","52","viper","52","2.8529628079884346015",NA,NA,"5","ENCODE--ChIP-seq(rank=12); ReMap--ChIP-seq(rank=19); ARCHS4--Coexpression(rank=277); Enrichr--Queries(rank=733); GTEx--Coexpression(rank=844)","262","0.06397000000000000","ReMap ChIP-seq,0.06397"
"KMT2A","-2.8477320876275298289","-2.8477320876275298289","2.8477320876275298289","Repressed","53","viper","53","2.8477320876275298289",NA,NA,"3","ReMap--ChIP-seq(rank=239); GTEx--Coexpression(rank=950); ARCHS4--Coexpression(rank=1144)","1342","0.59119999999999984","GTEx Coexpression,0.5912"
"SOX13","2.8021258596610558733","2.8021258596610558733","2.8021258596610558733","Activated","54","viper","54","2.8021258596610558733",NA,NA,"4","ReMap--ChIP-seq(rank=26); GTEx--Coexpression(rank=268); Enrichr--Queries(rank=507); ARCHS4--Coexpression(rank=756)","335","0.08754000000000001","ReMap ChIP-seq,0.08754"
"HOXA9","2.7817053565399776360","2.7817053565399776360","2.7817053565399776360","Activated","55","viper","55","2.7817053565399776360",NA,NA,"4","ReMap--ChIP-seq(rank=195); GTEx--Coexpression(rank=201); Enrichr--Queries(rank=264); ARCHS4--Coexpression(rank=331)","454","0.12509999999999999","GTEx Coexpression,0.1251"
"DUX4","2.7770565458197258302","2.7770565458197258302","2.7770565458197258302","Activated","56","viper","56","2.7770565458197258302",NA,NA,"2","ReMap--ChIP-seq(rank=249); ARCHS4--Coexpression(rank=1290)","1547","0.79239999999999999","ARCHS4 Coexpression,0.7924"
"PRDM1","2.7285889256789661594","2.7285889256789661594","2.7285889256789661594","Activated","57","viper","57","2.7285889256789661594",NA,NA,"5","ENCODE--ChIP-seq(rank=42); ReMap--ChIP-seq(rank=54); Enrichr--Queries(rank=358); ARCHS4--Coexpression(rank=543); GTEx--Coexpression(rank=769)","594","0.18179999999999999","ReMap ChIP-seq,0.1818"
"HMBOX1","-2.6980873127223183872","-2.6980873127223183872","2.6980873127223183872","Repressed","58","viper","58","2.6980873127223183872",NA,NA,"4","ReMap--ChIP-seq(rank=208); GTEx--Coexpression(rank=753); Enrichr--Queries(rank=977); ARCHS4--Coexpression(rank=1449)","1146","0.46860000000000002","GTEx Coexpression,0.4686"
"PRDM14","2.6845597986471871899","2.6845597986471871899","2.6845597986471871899","Activated","59","viper","59","2.6845597986471871899",NA,NA,"5","ReMap--ChIP-seq(rank=6); Literature--ChIP-seq(rank=16); ARCHS4--Coexpression(rank=464); Enrichr--Queries(rank=533); GTEx--Coexpression(rank=964)","86","0.02020000000000000","ReMap ChIP-seq,0.0202"
"RBPJ","2.6845290336971951994","2.6845290336971951994","2.6845290336971951994","Activated","60","viper","60","2.6845290336971951994",NA,NA,"5","Literature--ChIP-seq(rank=130); ReMap--ChIP-seq(rank=203); Enrichr--Queries(rank=883); GTEx--Coexpression(rank=940); ARCHS4--Coexpression(rank=1272)","1329","0.58489999999999998","GTEx Coexpression,0.5849"
"LEF1","2.6798132029323831205","2.6798132029323831205","2.6798132029323831205","Activated","61","viper","61","2.6798132029323831205",NA,NA,"4","ReMap--ChIP-seq(rank=71); Enrichr--Queries(rank=206); ARCHS4--Coexpression(rank=237); GTEx--Coexpression(rank=322)","509","0.14560000000000001","ARCHS4 Coexpression,0.1456"
"USF2","2.6754290955939010743","2.6754290955939010743","2.6754290955939010743","Activated","62","viper","62","2.6754290955939010743",NA,NA,"5","ENCODE--ChIP-seq(rank=86); ReMap--ChIP-seq(rank=108); GTEx--Coexpression(rank=528); ARCHS4--Coexpression(rank=1113); Enrichr--Queries(rank=1204)","906","0.32860000000000000","GTEx Coexpression,0.3286"
"NFE2L1","2.6061827829406269963","2.6061827829406269963","2.6061827829406269963","Activated","63","viper","63","2.6061827829406269963",NA,NA,"4","ReMap--ChIP-seq(rank=227); GTEx--Coexpression(rank=956); Enrichr--Queries(rank=1056); ARCHS4--Coexpression(rank=1177)","1348","0.59489999999999998","GTEx Coexpression,0.5949"
"FOXO3","2.5753424562363069761","2.5753424562363069761","2.5753424562363069761","Activated","64","viper","64","2.5753424562363069761",NA,NA,"4","Literature--ChIP-seq(rank=42); GTEx--Coexpression(rank=922); Enrichr--Queries(rank=928); ARCHS4--Coexpression(rank=951)","757","0.25609999999999999","Literature ChIP-seq,0.2561"
"SP2","2.5068836579923354790","2.5068836579923354790","2.5068836579923354790","Activated","65","viper","65","2.5068836579923354790",NA,NA,"5","ENCODE--ChIP-seq(rank=105); ReMap--ChIP-seq(rank=281); GTEx--Coexpression(rank=608); ARCHS4--Coexpression(rank=824); Enrichr--Queries(rank=1152)","996","0.37830000000000003","GTEx Coexpression,0.3783"
"SIX2","2.4996491347581684117","2.4996491347581684117","2.4996491347581684117","Activated","66","viper","66","2.4996491347581684117",NA,NA,"4","ReMap--ChIP-seq(rank=9); ARCHS4--Coexpression(rank=113); Enrichr--Queries(rank=245); GTEx--Coexpression(rank=1063)","132","0.03030000000000000","ReMap ChIP-seq,0.0303"
"NFKB2","-2.4119932422078584899","-2.4119932422078584899","2.4119932422078584899","Repressed","67","viper","67","2.4119932422078584899",NA,NA,"4","ReMap--ChIP-seq(rank=50); Enrichr--Queries(rank=552); GTEx--Coexpression(rank=564); ARCHS4--Coexpression(rank=763)","559","0.16839999999999999","ReMap ChIP-seq,0.1684"
"USF1","2.4084271311731564325","2.4084271311731564325","2.4084271311731564325","Activated","68","viper","68","2.4084271311731564325",NA,NA,"5","ENCODE--ChIP-seq(rank=54); ReMap--ChIP-seq(rank=179); GTEx--Coexpression(rank=296); ARCHS4--Coexpression(rank=688); Enrichr--Queries(rank=1110)","597","0.18420000000000000","GTEx Coexpression,0.1842"
"FOXA1","2.3859318366842625636","2.3859318366842625636","2.3859318366842625636","Activated","69","viper","69","2.3859318366842625636",NA,NA,"6","ReMap--ChIP-seq(rank=37); ENCODE--ChIP-seq(rank=43); Literature--ChIP-seq(rank=63); ARCHS4--Coexpression(rank=367); Enrichr--Queries(rank=398); GTEx--Coexpression(rank=703)","451","0.12460000000000000","ReMap ChIP-seq,0.1246"
"E2F7","2.3348264217753706973","2.3348264217753706973","2.3348264217753706973","Activated","70","viper","70","2.3348264217753706973",NA,NA,"5","ReMap--ChIP-seq(rank=96); Literature--ChIP-seq(rank=163); ARCHS4--Coexpression(rank=1280); GTEx--Coexpression(rank=1343); Enrichr--Queries(rank=1360)","896","0.32319999999999999","ReMap ChIP-seq,0.3232"
"GABPA","2.3327665229063021535","2.3327665229063021535","2.3327665229063021535","Activated","71","viper","71","2.3327665229063021535",NA,NA,"6","Literature--ChIP-seq(rank=11); ENCODE--ChIP-seq(rank=61); ReMap--ChIP-seq(rank=242); GTEx--Coexpression(rank=993); Enrichr--Queries(rank=1380); ARCHS4--Coexpression(rank=1582)","273","0.06707000000000000","Literature ChIP-seq,0.06707"
"ONECUT1","2.3324487131713977917","2.3324487131713977917","2.3324487131713977917","Activated","72","viper","72","2.3324487131713977917",NA,NA,"4","ReMap--ChIP-seq(rank=42); ARCHS4--Coexpression(rank=290); GTEx--Coexpression(rank=629); Enrichr--Queries(rank=698)","496","0.14140000000000000","ReMap ChIP-seq,0.1414"
"AHR","2.3245607663985423663","2.3245607663985423663","2.3245607663985423663","Activated","73","viper","73","2.3245607663985423663",NA,NA,"5","Literature--ChIP-seq(rank=23); ReMap--ChIP-seq(rank=46); GTEx--Coexpression(rank=200); Enrichr--Queries(rank=304); ARCHS4--Coexpression(rank=636)","450","0.12450000000000000","GTEx Coexpression,0.1245"
"NR1H3","2.3087037111252985966","2.3087037111252985966","2.3087037111252985966","Activated","74","viper","74","2.3087037111252985966",NA,NA,"5","Literature--ChIP-seq(rank=81); Enrichr--Queries(rank=202); ReMap--ChIP-seq(rank=222); ARCHS4--Coexpression(rank=357); GTEx--Coexpression(rank=487)","506","0.14390000000000000","Enrichr Queries,0.1439"
"NFATC1","2.3031177833600264826","2.3031177833600264826","2.3031177833600264826","Activated","75","viper","75","2.3031177833600264826",NA,NA,"5","ENCODE--ChIP-seq(rank=117); ReMap--ChIP-seq(rank=287); Enrichr--Queries(rank=434); ARCHS4--Coexpression(rank=542); GTEx--Coexpression(rank=710)","865","0.30909999999999999","Enrichr Queries,0.3091"
"EOMES","2.2815302944438715649","2.2815302944438715649","2.2815302944438715649","Activated","76","viper","76","2.2815302944438715649",NA,NA,"5","ReMap--ChIP-seq(rank=13); Literature--ChIP-seq(rank=67); ARCHS4--Coexpression(rank=204); Enrichr--Queries(rank=404); GTEx--Coexpression(rank=512)","190","0.04377000000000000","ReMap ChIP-seq,0.04377"
"TEAD2","-2.2522051009875645455","-2.2522051009875645455","2.2522051009875645455","Repressed","77","viper","77","2.2522051009875645455",NA,NA,"4","ReMap--ChIP-seq(rank=177); GTEx--Coexpression(rank=193); Enrichr--Queries(rank=401); ARCHS4--Coexpression(rank=585)","432","0.12010000000000000","GTEx Coexpression,0.1201"
"RUNX1","2.2467816043009136706","2.2467816043009136706","2.2467816043009136706","Activated","78","viper","78","2.2467816043009136706",NA,NA,"5","Literature--ChIP-seq(rank=78); ReMap--ChIP-seq(rank=84); Enrichr--Queries(rank=321); GTEx--Coexpression(rank=510); ARCHS4--Coexpression(rank=946)","695","0.22860000000000000","Enrichr Queries,0.2286"
"ZBTB7A","-2.2352176011036193337","-2.2352176011036193337","2.2352176011036193337","Repressed","79","viper","79","2.2352176011036193337",NA,NA,"5","ENCODE--ChIP-seq(rank=13); ReMap--ChIP-seq(rank=28); GTEx--Coexpression(rank=816); ARCHS4--Coexpression(rank=904); Enrichr--Queries(rank=1061)","361","0.09428000000000000","ReMap ChIP-seq,0.09428"
"SMAD1","2.2107539312922845909","2.2107539312922845909","2.2107539312922845909","Activated","80","viper","80","2.2107539312922845909",NA,NA,"5","Literature--ChIP-seq(rank=91); ReMap--ChIP-seq(rank=200); ARCHS4--Coexpression(rank=500); Enrichr--Queries(rank=546); GTEx--Coexpression(rank=1364)","863","0.30709999999999998","ARCHS4 Coexpression,0.3071"
"ASCL1","2.2039644561042477378","2.2039644561042477378","2.2039644561042477378","Activated","81","viper","81","2.2039644561042477378",NA,NA,"4","ReMap--ChIP-seq(rank=119); Enrichr--Queries(rank=291); GTEx--Coexpression(rank=491); ARCHS4--Coexpression(rank=882)","651","0.20730000000000001","Enrichr Queries,0.2073"
"ELF1","2.1867100339949407939","2.1867100339949407939","2.1867100339949407939","Activated","82","viper","82","2.1867100339949407939",NA,NA,"5","ENCODE--ChIP-seq(rank=104); Literature--ChIP-seq(rank=141); ARCHS4--Coexpression(rank=219); ReMap--ChIP-seq(rank=255); GTEx--Coexpression(rank=721)","479","0.13450000000000001","ARCHS4 Coexpression,0.1345"
"SOX11","2.1568027175566961695","2.1568027175566961695","2.1568027175566961695","Activated","83","viper","83","2.1568027175566961695",NA,NA,"5","Literature--ChIP-seq(rank=41); ReMap--ChIP-seq(rank=117); Enrichr--Queries(rank=132); ARCHS4--Coexpression(rank=187); GTEx--Coexpression(rank=362)","360","0.09402000000000001","Enrichr Queries,0.09402"
"PBX2","2.1503623336871067195","2.1503623336871067195","2.1503623336871067195","Activated","84","viper","84","2.1503623336871067195",NA,NA,"4","ReMap--ChIP-seq(rank=153); GTEx--Coexpression(rank=435); Enrichr--Queries(rank=1105); ARCHS4--Coexpression(rank=1248)","785","0.27070000000000000","GTEx Coexpression,0.2707"
"IKZF1","2.1210720717203708219","2.1210720717203708219","2.1210720717203708219","Activated","85","viper","85","2.1210720717203708219",NA,NA,"6","ENCODE--ChIP-seq(rank=18); ReMap--ChIP-seq(rank=30); Literature--ChIP-seq(rank=89); ARCHS4--Coexpression(rank=167); GTEx--Coexpression(rank=192); Enrichr--Queries(rank=518)","383","0.10100000000000001","ReMap ChIP-seq,0.101"
"SOX10","-2.1165932052531948315","-2.1165932052531948315","2.1165932052531948315","Repressed","86","viper","86","2.1165932052531948315",NA,NA,"4","GTEx--Coexpression(rank=8); ReMap--ChIP-seq(rank=47); ARCHS4--Coexpression(rank=299); Enrichr--Queries(rank=395)","22","0.00497800000000000","GTEx Coexpression,0.004978"
"SREBF2","2.0793409898073829112","2.0793409898073829112","2.0793409898073829112","Activated","87","viper","87","2.0793409898073829112",NA,NA,"6","ENCODE--ChIP-seq(rank=80); Literature--ChIP-seq(rank=103); GTEx--Coexpression(rank=111); ReMap--ChIP-seq(rank=229); Enrichr--Queries(rank=932); ARCHS4--Coexpression(rank=1315)","279","0.06907000000000001","GTEx Coexpression,0.06907"
"HNF1A","-2.0726427149409301087","-2.0726427149409301087","2.0726427149409301087","Repressed","88","viper","88","2.0726427149409301087",NA,NA,"3","ARCHS4--Coexpression(rank=396); GTEx--Coexpression(rank=618); Enrichr--Queries(rank=767)","729","0.24320000000000000","ARCHS4 Coexpression,0.2432"
"HNF4A","2.0681332618262633360","2.0681332618262633360","2.0681332618262633360","Activated","89","viper","89","2.0681332618262633360",NA,NA,"6","ENCODE--ChIP-seq(rank=57); ReMap--ChIP-seq(rank=70); Literature--ChIP-seq(rank=84); ARCHS4--Coexpression(rank=317); Enrichr--Queries(rank=651); GTEx--Coexpression(rank=664)","625","0.19470000000000001","ARCHS4 Coexpression,0.1947"
"XBP1","2.0631085048448656316","2.0631085048448656316","2.0631085048448656316","Activated","90","viper","90","2.0631085048448656316",NA,NA,"4","ReMap--ChIP-seq(rank=192); ARCHS4--Coexpression(rank=430); GTEx--Coexpression(rank=661); Enrichr--Queries(rank=1033)","774","0.26410000000000000","ARCHS4 Coexpression,0.2641"
"BACH2","2.0141605790929584252","2.0141605790929584252","2.0141605790929584252","Activated","91","viper","91","2.0141605790929584252",NA,NA,"4","Enrichr--Queries(rank=63); ReMap--ChIP-seq(rank=124); ARCHS4--Coexpression(rank=352); GTEx--Coexpression(rank=976)","195","0.04487000000000000","Enrichr Queries,0.04487"
"MEF2C","1.9816901114505052206","1.9816901114505052206","1.9816901114505052206","Activated","92","viper","92","1.9816901114505052206",NA,NA,"5","ARCHS4--Coexpression(rank=40); ENCODE--ChIP-seq(rank=56); Enrichr--Queries(rank=74); ReMap--ChIP-seq(rank=220); GTEx--Coexpression(rank=690)","106","0.02457000000000000","ARCHS4 Coexpression,0.02457"
"EBF1","1.9549649896415919326","1.9549649896415919326","1.9549649896415919326","Activated","93","viper","93","1.9549649896415919326",NA,NA,"5","Enrichr--Queries(rank=61); ENCODE--ChIP-seq(rank=94); ARCHS4--Coexpression(rank=175); ReMap--ChIP-seq(rank=204); GTEx--Coexpression(rank=423)","188","0.04345000000000000","Enrichr Queries,0.04345"
"NFE2","1.9409047912130577007","1.9409047912130577007","1.9409047912130577007","Activated","94","viper","94","1.9409047912130577007",NA,NA,"5","ENCODE--ChIP-seq(rank=63); ReMap--ChIP-seq(rank=173); Enrichr--Queries(rank=287); GTEx--Coexpression(rank=348); ARCHS4--Coexpression(rank=390)","647","0.20440000000000000","Enrichr Queries,0.2044"
"NCOA1","1.9211058169159744846","1.9211058169159744846","1.9211058169159744846","Activated","95","viper","95","1.9211058169159744846",NA,NA,"4","ReMap--ChIP-seq(rank=167); ARCHS4--Coexpression(rank=522); GTEx--Coexpression(rank=542); Enrichr--Queries(rank=785)","889","0.32060000000000000","ARCHS4 Coexpression,0.3206"
"NFYA","-1.8918913582956928821","-1.8918913582956928821","1.8918913582956928821","Repressed","96","viper","96","1.8918913582956928821",NA,NA,"5","ENCODE--ChIP-seq(rank=91); ReMap--ChIP-seq(rank=186); Enrichr--Queries(rank=1155); GTEx--Coexpression(rank=1273); ARCHS4--Coexpression(rank=1602)","1385","0.62629999999999997","ReMap ChIP-seq,0.6263"
"BATF","1.8822292722098556972","1.8822292722098556972","1.8822292722098556972","Activated","97","viper","97","1.8822292722098556972",NA,NA,"5","ENCODE--ChIP-seq(rank=59); ReMap--ChIP-seq(rank=188); ARCHS4--Coexpression(rank=245); Enrichr--Queries(rank=342); GTEx--Coexpression(rank=468)","518","0.15049999999999999","ARCHS4 Coexpression,0.1505"
"NCOA2","1.8707756741707595172","1.8707756741707595172","1.8707756741707595172","Activated","98","viper","98","1.8707756741707595172",NA,NA,"4","ReMap--ChIP-seq(rank=101); GTEx--Coexpression(rank=979); ARCHS4--Coexpression(rank=1107); Enrichr--Queries(rank=1141)","927","0.34010000000000001","ReMap ChIP-seq,0.3401"
"CUX1","1.8685055764593812011","1.8685055764593812011","1.8685055764593812011","Activated","99","viper","99","1.8685055764593812011",NA,NA,"6","ENCODE--ChIP-seq(rank=84); Literature--ChIP-seq(rank=92); ReMap--ChIP-seq(rank=150); GTEx--Coexpression(rank=578); Enrichr--Queries(rank=959); ARCHS4--Coexpression(rank=1134)","959","0.35970000000000002","GTEx Coexpression,0.3597"
"ZEB2","-1.8514249981028507719","-1.8514249981028507719","1.8514249981028507719","Repressed","100","viper","100","1.8514249981028507719",NA,NA,"4","Enrichr--Queries(rank=95); ReMap--ChIP-seq(rank=97); GTEx--Coexpression(rank=262); ARCHS4--Coexpression(rank=584)","276","0.06766000000000000","Enrichr Queries,0.06766"
"SP1","1.8443814551902475429","1.8443814551902475429","1.8443814551902475429","Activated","101","viper","101","1.8443814551902475429",NA,NA,"5","ENCODE--ChIP-seq(rank=87); ReMap--ChIP-seq(rank=198); GTEx--Coexpression(rank=807); Enrichr--Queries(rank=1206); ARCHS4--Coexpression(rank=1417)","1201","0.50219999999999998","GTEx Coexpression,0.5022"
"HIF1A","1.8056545412189397570","1.8056545412189397570","1.8056545412189397570","Activated","102","viper","102","1.8056545412189397570",NA,NA,"5","Literature--ChIP-seq(rank=43); GTEx--Coexpression(rank=77); ReMap--ChIP-seq(rank=92); ARCHS4--Coexpression(rank=134); Enrichr--Queries(rank=927)","205","0.04792000000000000","GTEx Coexpression,0.04792"
"NANOG","1.7802440399015226902","1.7802440399015226902","1.7802440399015226902","Activated","103","viper","103","1.7802440399015226902",NA,NA,"6","ReMap--ChIP-seq(rank=4); Literature--ChIP-seq(rank=14); ENCODE--ChIP-seq(rank=68); ARCHS4--Coexpression(rank=511); Enrichr--Queries(rank=562); GTEx--Coexpression(rank=939)","60","0.01347000000000000","ReMap ChIP-seq,0.01347"
"KLF13","-1.7687763144262924619","-1.7687763144262924619","1.7687763144262924619","Repressed","104","viper","104","1.7687763144262924619",NA,NA,"4","ReMap--ChIP-seq(rank=157); ARCHS4--Coexpression(rank=499); GTEx--Coexpression(rank=573); Enrichr--Queries(rank=812)","861","0.30649999999999999","ARCHS4 Coexpression,0.3065"
"TCF7L2","1.7670559571368487095","1.7670559571368487095","1.7670559571368487095","Activated","105","viper","105","1.7670559571368487095",NA,NA,"6","ENCODE--ChIP-seq(rank=27); Literature--ChIP-seq(rank=66); ReMap--ChIP-seq(rank=78); Enrichr--Queries(rank=587); GTEx--Coexpression(rank=637); ARCHS4--Coexpression(rank=779)","696","0.22880000000000000","ENCODE ChIP-seq,0.2288"
"E2F4","-1.7168370880875234441","-1.7168370880875234441","1.7168370880875234441","Repressed","106","viper","106","1.7168370880875234441",NA,NA,"6","ENCODE--ChIP-seq(rank=65); Literature--ChIP-seq(rank=154); ReMap--ChIP-seq(rank=257); GTEx--Coexpression(rank=685); Enrichr--Queries(rank=1310); ARCHS4--Coexpression(rank=1556)","1075","0.42630000000000001","GTEx Coexpression,0.4263"
"ESR1","1.7054431584713358738","1.7054431584713358738","1.7054431584713358738","Activated","107","viper","107","1.7054431584713358738",NA,NA,"6","Literature--ChIP-seq(rank=3); ENCODE--ChIP-seq(rank=5); ReMap--ChIP-seq(rank=31); GTEx--Coexpression(rank=251); Enrichr--Queries(rank=362); ARCHS4--Coexpression(rank=380)","79","0.01829000000000000","Literature ChIP-seq,0.01829"
"NR2F6","-1.6994426005034464211","-1.6994426005034464211","1.6994426005034464211","Repressed","108","viper","108","1.6994426005034464211",NA,NA,"4","ReMap--ChIP-seq(rank=55); GTEx--Coexpression(rank=811); Enrichr--Queries(rank=1057); ARCHS4--Coexpression(rank=1194)","602","0.18520000000000000","ReMap ChIP-seq,0.1852"
"TP53","1.6908449864923995598","1.6908449864923995598","1.6908449864923995598","Activated","109","viper","109","1.6908449864923995598",NA,NA,"5","Literature--ChIP-seq(rank=5); ReMap--ChIP-seq(rank=251); Enrichr--Queries(rank=999); GTEx--Coexpression(rank=1323); ARCHS4--Coexpression(rank=1363)","133","0.03049000000000000","Literature ChIP-seq,0.03049"
"BCL11A","1.6466629535206973589","1.6466629535206973589","1.6466629535206973589","Activated","110","viper","110","1.6466629535206973589",NA,NA,"5","ENCODE--ChIP-seq(rank=50); Enrichr--Queries(rank=178); ReMap--ChIP-seq(rank=224); ARCHS4--Coexpression(rank=508); GTEx--Coexpression(rank=567)","459","0.12680000000000000","Enrichr Queries,0.1268"
"STAT4","-1.6439227078414300198","-1.6439227078414300198","1.6439227078414300198","Repressed","111","viper","111","1.6439227078414300198",NA,NA,"4","Literature--ChIP-seq(rank=117); Enrichr--Queries(rank=510); ARCHS4--Coexpression(rank=594); GTEx--Coexpression(rank=671)","966","0.36320000000000002","Enrichr Queries,0.3632"
"ESRRA","1.6312757295711866057","1.6312757295711866057","1.6312757295711866057","Activated","112","viper","112","1.6312757295711866057",NA,NA,"5","ENCODE--ChIP-seq(rank=52); ReMap--ChIP-seq(rank=160); Enrichr--Queries(rank=1163); GTEx--Coexpression(rank=1291); ARCHS4--Coexpression(rank=1340)","1100","0.44069999999999998","ENCODE ChIP-seq,0.4407"
"ATF7","1.6101337259158463588","1.6101337259158463588","1.6101337259158463588","Activated","113","viper","113","1.6101337259158463588",NA,NA,"4","ReMap--ChIP-seq(rank=65); ARCHS4--Coexpression(rank=735); GTEx--Coexpression(rank=842); Enrichr--Queries(rank=991)","677","0.21890000000000001","ReMap ChIP-seq,0.2189"
"BCL6","-1.5965113889109554535","-1.5965113889109554535","1.5965113889109554535","Repressed","114","viper","114","1.5965113889109554535",NA,NA,"5","ReMap--ChIP-seq(rank=109); Literature--ChIP-seq(rank=112); Enrichr--Queries(rank=367); ARCHS4--Coexpression(rank=439); GTEx--Coexpression(rank=457)","767","0.26140000000000002","Enrichr Queries,0.2614"
"REST","1.5928287393411224571","1.5928287393411224571","1.5928287393411224571","Activated","115","viper","115","1.5928287393411224571",NA,NA,"6","ENCODE--ChIP-seq(rank=2); Literature--ChIP-seq(rank=9); GTEx--Coexpression(rank=27); ReMap--ChIP-seq(rank=49); ARCHS4--Coexpression(rank=770); Enrichr--Queries(rank=1076)","75","0.01680000000000000","GTEx Coexpression,0.0168"
"NFYB","1.5704064409315339201","1.5704064409315339201","1.5704064409315339201","Activated","116","viper","116","1.5704064409315339201",NA,NA,"5","ENCODE--ChIP-seq(rank=74); ReMap--ChIP-seq(rank=201); GTEx--Coexpression(rank=933); Enrichr--Queries(rank=1290); ARCHS4--Coexpression(rank=1486)","1319","0.58060000000000000","GTEx Coexpression,0.5806"
"SPIB","1.5634068080935370482","1.5634068080935370482","1.5634068080935370482","Activated","117","viper","117","1.5634068080935370482",NA,NA,"4","ReMap--ChIP-seq(rank=140); ARCHS4--Coexpression(rank=560); Enrichr--Queries(rank=723); GTEx--Coexpression(rank=818)","934","0.34399999999999992","ARCHS4 Coexpression,0.344"
"JUN","1.5633826992362918062","1.5633826992362918062","1.5633826992362918062","Activated","118","viper","118","1.5633826992362918062",NA,NA,"6","ENCODE--ChIP-seq(rank=9); ReMap--ChIP-seq(rank=43); Literature--ChIP-seq(rank=72); GTEx--Coexpression(rank=592); Enrichr--Queries(rank=649); ARCHS4--Coexpression(rank=917)","299","0.07627000000000000","ENCODE ChIP-seq,0.07627"
"GATA3","1.5231716348818862272","1.5231716348818862272","1.5231716348818862272","Activated","119","viper","119","1.5231716348818862272",NA,NA,"6","ENCODE--ChIP-seq(rank=8); ReMap--ChIP-seq(rank=18); Literature--ChIP-seq(rank=73); Enrichr--Queries(rank=241); GTEx--Coexpression(rank=408); ARCHS4--Coexpression(rank=434)","250","0.06061000000000000","ReMap ChIP-seq,0.06061"
"ELK1","-1.5209807893209037477","-1.5209807893209037477","1.5209807893209037477","Repressed","120","viper","120","1.5209807893209037477",NA,NA,"5","GTEx--Coexpression(rank=59); ENCODE--ChIP-seq(rank=100); Literature--ChIP-seq(rank=138); ReMap--ChIP-seq(rank=284); ARCHS4--Coexpression(rank=1552)","161","0.03671000000000000","GTEx Coexpression,0.03671"
"HBP1","-1.5137414847390440187","-1.5137414847390440187","1.5137414847390440187","Repressed","121","viper","121","1.5137414847390440187",NA,NA,"4","ReMap--ChIP-seq(rank=196); Enrichr--Queries(rank=829); GTEx--Coexpression(rank=989); ARCHS4--Coexpression(rank=1133)","1341","0.59050000000000002","Enrichr Queries,0.5905"
"CTCF","1.4996657572298806027","1.4996657572298806027","1.4996657572298806027","Activated","122","viper","122","1.4996657572298806027",NA,NA,"6","ENCODE--ChIP-seq(rank=10); ReMap--ChIP-seq(rank=35); Literature--ChIP-seq(rank=49); Enrichr--Queries(rank=1393); GTEx--Coexpression(rank=1561); ARCHS4--Coexpression(rank=1606)","327","0.08475000000000001","ENCODE ChIP-seq,0.08475"
"CLOCK","1.4879265183924201832","1.4879265183924201832","1.4879265183924201832","Activated","123","viper","123","1.4879265183924201832",NA,NA,"5","ReMap--ChIP-seq(rank=23); Literature--ChIP-seq(rank=105); ARCHS4--Coexpression(rank=1219); GTEx--Coexpression(rank=1227); Enrichr--Queries(rank=1280)","304","0.07743999999999999","ReMap ChIP-seq,0.07744"
"ZEB1","-1.4802711899625828895","-1.4802711899625828895","1.4802711899625828895","Repressed","124","viper","124","1.4802711899625828895",NA,NA,"5","ENCODE--ChIP-seq(rank=19); GTEx--Coexpression(rank=125); Enrichr--Queries(rank=156); ARCHS4--Coexpression(rank=160); ReMap--ChIP-seq(rank=231)","305","0.07778000000000000","GTEx Coexpression,0.07778"
"TFAP2C","1.4758279378430241291","1.4758279378430241291","1.4758279378430241291","Activated","125","viper","125","1.4758279378430241291",NA,NA,"6","Literature--ChIP-seq(rank=56); ENCODE--ChIP-seq(rank=83); ReMap--ChIP-seq(rank=135); Enrichr--Queries(rank=191); GTEx--Coexpression(rank=339); ARCHS4--Coexpression(rank=743)","481","0.13600000000000001","Enrichr Queries,0.136"
"SMAD3","-1.4726070804178545970","-1.4726070804178545970","1.4726070804178545970","Repressed","126","viper","126","1.4726070804178545970",NA,NA,"5","Literature--ChIP-seq(rank=33); ReMap--ChIP-seq(rank=41); GTEx--Coexpression(rank=277); Enrichr--Queries(rank=590); ARCHS4--Coexpression(rank=984)","487","0.13800000000000001","ReMap ChIP-seq,0.138"
"NFE2L2","1.4634914682510664630","1.4634914682510664630","1.4634914682510664630","Activated","127","viper","127","1.4634914682510664630",NA,NA,"5","Literature--ChIP-seq(rank=10); ARCHS4--Coexpression(rank=194); ReMap--ChIP-seq(rank=205); GTEx--Coexpression(rank=610); Enrichr--Queries(rank=706)","251","0.06098000000000000","Literature ChIP-seq,0.06098"
"IRF3","1.4339879804821922260","1.4339879804821922260","1.4339879804821922260","Activated","128","viper","128","1.4339879804821922260",NA,NA,"5","ENCODE--ChIP-seq(rank=103); ReMap--ChIP-seq(rank=285); ARCHS4--Coexpression(rank=732); GTEx--Coexpression(rank=1170); Enrichr--Queries(rank=1253)","1123","0.44960000000000000","ARCHS4 Coexpression,0.4496"
"NR4A1","1.4247619920919887271","1.4247619920919887271","1.4247619920919887271","Activated","129","viper","129","1.4247619920919887271",NA,NA,"4","ReMap--ChIP-seq(rank=211); ARCHS4--Coexpression(rank=460); GTEx--Coexpression(rank=529); Enrichr--Queries(rank=680)","815","0.28260000000000002","ARCHS4 Coexpression,0.2826"
"SOX2","1.4111062927428685843","1.4111062927428685843","1.4111062927428685843","Activated","130","viper","130","1.4111062927428685843",NA,NA,"5","Literature--ChIP-seq(rank=2); ReMap--ChIP-seq(rank=48); GTEx--Coexpression(rank=167); Enrichr--Queries(rank=269); ARCHS4--Coexpression(rank=326)","55","0.01220000000000000","Literature ChIP-seq,0.0122"
"CTCFL","-1.4106497388440937257","-1.4106497388440937257","1.4106497388440937257","Repressed","131","viper","131","1.4106497388440937257",NA,NA,"5","ReMap--ChIP-seq(rank=56); ENCODE--ChIP-seq(rank=81); ARCHS4--Coexpression(rank=454); Enrichr--Queries(rank=582); GTEx--Coexpression(rank=1017)","610","0.18859999999999999","ReMap ChIP-seq,0.1886"
"STAT5B","1.3984957283366268310","1.3984957283366268310","1.3984957283366268310","Activated","132","viper","132","1.3984957283366268310",NA,NA,"4","ReMap--ChIP-seq(rank=182); GTEx--Coexpression(rank=409); ARCHS4--Coexpression(rank=414); Enrichr--Queries(rank=967)","752","0.25430000000000003","ARCHS4 Coexpression,0.2543"
"NR1H2","1.3931978024177364972","1.3931978024177364972","1.3931978024177364972","Activated","133","viper","133","1.3931978024177364972",NA,NA,"4","ReMap--ChIP-seq(rank=36); ARCHS4--Coexpression(rank=721); GTEx--Coexpression(rank=797); Enrichr--Queries(rank=1112)","436","0.12120000000000000","ReMap ChIP-seq,0.1212"
"ZNF592","1.3851525676420541888","1.3851525676420541888","1.3851525676420541888","Activated","134","viper","134","1.3851525676420541888",NA,NA,"4","ReMap--ChIP-seq(rank=132); GTEx--Coexpression(rank=1016); Enrichr--Queries(rank=1338); ARCHS4--Coexpression(rank=1409)","1111","0.44440000000000002","ReMap ChIP-seq,0.4444"
"MAZ","1.3783453999570622894","1.3783453999570622894","1.3783453999570622894","Activated","135","viper","135","1.3783453999570622894",NA,NA,"5","ENCODE--ChIP-seq(rank=44); ReMap--ChIP-seq(rank=172); GTEx--Coexpression(rank=1130); Enrichr--Queries(rank=1357); ARCHS4--Coexpression(rank=1511)","985","0.37290000000000001","ENCODE ChIP-seq,0.3729"
"HNF1B","1.3716328026679616148","1.3716328026679616148","1.3716328026679616148","Activated","136","viper","136","1.3716328026679616148",NA,NA,"3","ReMap--ChIP-seq(rank=27); ARCHS4--Coexpression(rank=244); Enrichr--Queries(rank=388)","347","0.09091000000000000","ReMap ChIP-seq,0.09091"
"GFI1B","1.3660704059599173554","1.3660704059599173554","1.3660704059599173554","Activated","137","viper","137","1.3660704059599173554",NA,NA,"5","ReMap--ChIP-seq(rank=137); Literature--ChIP-seq(rank=153); ARCHS4--Coexpression(rank=330); GTEx--Coexpression(rank=501); Enrichr--Queries(rank=746)","644","0.20269999999999999","ARCHS4 Coexpression,0.2027"
"PKNOX1","1.3285066125686049165","1.3285066125686049165","1.3285066125686049165","Activated","138","viper","138","1.3285066125686049165",NA,NA,"4","ReMap--ChIP-seq(rank=86); ARCHS4--Coexpression(rank=703); GTEx--Coexpression(rank=866); Enrichr--Queries(rank=1007)","827","0.28960000000000002","ReMap ChIP-seq,0.2896"
"KLF1","1.3255073475486638390","1.3255073475486638390","1.3255073475486638390","Activated","139","viper","139","1.3255073475486638390",NA,NA,"5","Literature--ChIP-seq(rank=52); ReMap--ChIP-seq(rank=180); Enrichr--Queries(rank=684); ARCHS4--Coexpression(rank=887); GTEx--Coexpression(rank=924)","880","0.31709999999999999","Literature ChIP-seq,0.3171"
"ARNTL","1.3236049073470794735","1.3236049073470794735","1.3236049073470794735","Activated","140","viper","140","1.3236049073470794735",NA,NA,"4","ARCHS4--Coexpression(rank=88); ReMap--ChIP-seq(rank=152); Enrichr--Queries(rank=619); GTEx--Coexpression(rank=1121)","225","0.05405000000000000","ARCHS4 Coexpression,0.05405"
"TP63","1.3231869042914572443","1.3231869042914572443","1.3231869042914572443","Activated","141","viper","141","1.3231869042914572443",NA,NA,"5","Literature--ChIP-seq(rank=13); Enrichr--Queries(rank=40); ReMap--ChIP-seq(rank=134); ARCHS4--Coexpression(rank=143); GTEx--Coexpression(rank=401)","124","0.02849000000000000","Enrichr Queries,0.02849"
"MBD1","1.2973772786207622421","1.2973772786207622421","1.2973772786207622421","Activated","142","viper","142","1.2973772786207622421",NA,NA,"3","Enrichr--Queries(rank=1082); GTEx--Coexpression(rank=1418); ARCHS4--Coexpression(rank=1586)","1531","0.77070000000000005","Enrichr Queries,0.7707"
"LYL1","1.2953871703790440506","1.2953871703790440506","1.2953871703790440506","Activated","143","viper","143","1.2953871703790440506",NA,NA,"5","ReMap--ChIP-seq(rank=66); Literature--ChIP-seq(rank=97); ARCHS4--Coexpression(rank=239); GTEx--Coexpression(rank=504); Enrichr--Queries(rank=570)","512","0.14680000000000001","ARCHS4 Coexpression,0.1468"
"SOX9","1.2906332036832908194","1.2906332036832908194","1.2906332036832908194","Activated","144","viper","144","1.2906332036832908194",NA,NA,"5","Literature--ChIP-seq(rank=53); ARCHS4--Coexpression(rank=83); Enrichr--Queries(rank=160); ReMap--ChIP-seq(rank=194); GTEx--Coexpression(rank=216)","217","0.05098000000000000","ARCHS4 Coexpression,0.05098"
"REL","1.2451383494229288917","1.2451383494229288917","1.2451383494229288917","Activated","145","viper","145","1.2451383494229288917",NA,NA,"3","GTEx--Coexpression(rank=657); Enrichr--Queries(rank=817); ARCHS4--Coexpression(rank=870)","1050","0.40880000000000000","GTEx Coexpression,0.4088"
"STAT5A","1.2224460551144142872","1.2224460551144142872","1.2224460551144142872","Activated","146","viper","146","1.2224460551144142872",NA,NA,"6","ENCODE--ChIP-seq(rank=34); Literature--ChIP-seq(rank=70); ReMap--ChIP-seq(rank=272); ARCHS4--Coexpression(rank=395); Enrichr--Queries(rank=414); GTEx--Coexpression(rank=774)","727","0.24260000000000001","ARCHS4 Coexpression,0.2426"
"SIX5","1.2095323148852685780","1.2095323148852685780","1.2095323148852685780","Activated","147","viper","147","1.2095323148852685780",NA,NA,"5","ENCODE--ChIP-seq(rank=107); ReMap--ChIP-seq(rank=282); GTEx--Coexpression(rank=684); Enrichr--Queries(rank=763); ARCHS4--Coexpression(rank=1365)","1074","0.42559999999999998","GTEx Coexpression,0.4256"
"KLF5","1.1779552393058396742","1.1779552393058396742","1.1779552393058396742","Activated","148","viper","148","1.1779552393058396742",NA,NA,"5","Literature--ChIP-seq(rank=93); ARCHS4--Coexpression(rank=101); ReMap--ChIP-seq(rank=136); Enrichr--Queries(rank=408); GTEx--Coexpression(rank=571)","256","0.06204000000000000","ARCHS4 Coexpression,0.06204"
"ETS2","-1.1710183683208712502","-1.1710183683208712502","1.1710183683208712502","Repressed","149","viper","149","1.1710183683208712502",NA,NA,"4","Literature--ChIP-seq(rank=129); ARCHS4--Coexpression(rank=295); Enrichr--Queries(rank=437); GTEx--Coexpression(rank=731)","593","0.18120000000000000","ARCHS4 Coexpression,0.1812"
"THAP1","1.1442071981156010096","1.1442071981156010096","1.1442071981156010096","Activated","150","viper","150","1.1442071981156010096",NA,NA,"5","ENCODE--ChIP-seq(rank=114); ReMap--ChIP-seq(rank=237); Enrichr--Queries(rank=1263); GTEx--Coexpression(rank=1508); ARCHS4--Coexpression(rank=1519)","1552","0.79800000000000004","ReMap ChIP-seq,0.798"
"GLI2","1.1396535134295358027","1.1396535134295358027","1.1396535134295358027","Activated","151","viper","151","1.1396535134295358027",NA,NA,"3","Enrichr--Queries(rank=8); ARCHS4--Coexpression(rank=92); GTEx--Coexpression(rank=174)","25","0.00569800000000000","Enrichr Queries,0.005698"
"MYCN","1.1346907568677828682","1.1346907568677828682","1.1346907568677828682","Activated","152","viper","152","1.1346907568677828682",NA,NA,"5","GTEx--Coexpression(rank=4); Literature--ChIP-seq(rank=114); ReMap--ChIP-seq(rank=223); Enrichr--Queries(rank=497); ARCHS4--Coexpression(rank=969)","11","0.00248900000000000","GTEx Coexpression,0.002489"
"PPARG","1.1296967946672034078","1.1296967946672034078","1.1296967946672034078","Activated","153","viper","153","1.1296967946672034078",NA,NA,"5","ReMap--ChIP-seq(rank=38); Literature--ChIP-seq(rank=85); Enrichr--Queries(rank=255); GTEx--Coexpression(rank=363); ARCHS4--Coexpression(rank=553)","463","0.12790000000000001","ReMap ChIP-seq,0.1279"
"PAX5","1.1222278107125154278","1.1222278107125154278","1.1222278107125154278","Activated","154","viper","154","1.1222278107125154278",NA,NA,"5","ENCODE--ChIP-seq(rank=49); ReMap--ChIP-seq(rank=247); Enrichr--Queries(rank=597); ARCHS4--Coexpression(rank=637); GTEx--Coexpression(rank=921)","1019","0.39129999999999998","ARCHS4 Coexpression,0.3913"
"E2F1","1.1130981311895169483","1.1130981311895169483","1.1130981311895169483","Activated","155","viper","155","1.1130981311895169483",NA,NA,"6","Literature--ChIP-seq(rank=79); ENCODE--ChIP-seq(rank=106); ReMap--ChIP-seq(rank=261); Enrichr--Queries(rank=1352); GTEx--Coexpression(rank=1355); ARCHS4--Coexpression(rank=1568)","1168","0.48170000000000002","Literature ChIP-seq,0.4817"
"ATF2","-1.1008819288495208522","-1.1008819288495208522","1.1008819288495208522","Repressed","156","viper","156","1.1008819288495208522",NA,NA,"5","ENCODE--ChIP-seq(rank=112); ReMap--ChIP-seq(rank=270); GTEx--Coexpression(rank=1137); ARCHS4--Coexpression(rank=1281); Enrichr--Queries(rank=1320)","1477","0.70750000000000002","GTEx Coexpression,0.7075"
"ZFX","-1.0984308603615025035","-1.0984308603615025035","1.0984308603615025035","Repressed","157","viper","157","1.0984308603615025035",NA,NA,"5","Literature--ChIP-seq(rank=158); ReMap--ChIP-seq(rank=278); Enrichr--Queries(rank=1353); GTEx--Coexpression(rank=1353); ARCHS4--Coexpression(rank=1526)","1579","0.84189999999999998","GTEx Coexpression,0.8419"
"NR5A2","1.0973000118129978553","1.0973000118129978553","1.0973000118129978553","Activated","158","viper","158","1.0973000118129978553",NA,NA,"4","ReMap--ChIP-seq(rank=53); Enrichr--Queries(rank=172); GTEx--Coexpression(rank=403); ARCHS4--Coexpression(rank=576)","443","0.12250000000000000","Enrichr Queries,0.1225"
"RELB","1.0725236598075513772","1.0725236598075513772","1.0725236598075513772","Activated","159","viper","159","1.0725236598075513772",NA,NA,"4","ReMap--ChIP-seq(rank=133); Enrichr--Queries(rank=279); ARCHS4--Coexpression(rank=477); GTEx--Coexpression(rank=526)","636","0.19869999999999999","Enrichr Queries,0.1987"
"EGR1","1.0548294495171306462","1.0548294495171306462","1.0548294495171306462","Activated","160","viper","160","1.0548294495171306462",NA,NA,"6","Literature--ChIP-seq(rank=36); ENCODE--ChIP-seq(rank=75); ReMap--ChIP-seq(rank=209); Enrichr--Queries(rank=402); GTEx--Coexpression(rank=678); ARCHS4--Coexpression(rank=866)","679","0.21950000000000000","Literature ChIP-seq,0.2195"
"ETV1","1.0469154653701351343","1.0469154653701351343","1.0469154653701351343","Activated","161","viper","161","1.0469154653701351343",NA,NA,"4","Enrichr--Queries(rank=41); GTEx--Coexpression(rank=85); ARCHS4--Coexpression(rank=130); ReMap--ChIP-seq(rank=213)","127","0.02920000000000000","Enrichr Queries,0.0292"
"FOS","1.0238793261282352898","1.0238793261282352898","1.0238793261282352898","Activated","162","viper","162","1.0238793261282352898",NA,NA,"5","ReMap--ChIP-seq(rank=15); ENCODE--ChIP-seq(rank=58); Enrichr--Queries(rank=603); GTEx--Coexpression(rank=754); ARCHS4--Coexpression(rank=970)","214","0.05051000000000000","ReMap ChIP-seq,0.05051"
"SNAPC4","-1.0223502770348391611","-1.0223502770348391611","1.0223502770348391611","Repressed","163","viper","163","1.0223502770348391611",NA,NA,"4","ReMap--ChIP-seq(rank=115); GTEx--Coexpression(rank=1086); Enrichr--Queries(rank=1169); ARCHS4--Coexpression(rank=1525)","1011","0.38719999999999999","ReMap ChIP-seq,0.3872"
"TWIST1","-1.0191686838624709477","-1.0191686838624709477","1.0191686838624709477","Repressed","164","viper","164","1.0191686838624709477",NA,NA,"4","ARCHS4--Coexpression(rank=10); GTEx--Coexpression(rank=29); ReMap--ChIP-seq(rank=44); Enrichr--Queries(rank=53)","27","0.00614300000000000","ARCHS4 Coexpression,0.006143"
"FOSL1","1.0083119645908515949","1.0083119645908515949","1.0083119645908515949","Activated","165","viper","165","1.0083119645908515949",NA,NA,"5","ENCODE--ChIP-seq(rank=16); ReMap--ChIP-seq(rank=24); ARCHS4--Coexpression(rank=609); GTEx--Coexpression(rank=648); Enrichr--Queries(rank=653)","313","0.08081000000000001","ReMap ChIP-seq,0.08081"
"EPAS1","0.9976794474263572798","0.9976794474263572798","0.9976794474263572798","Activated","166","viper","166","0.9976794474263572798",NA,NA,"4","ReMap--ChIP-seq(rank=126); GTEx--Coexpression(rank=153); ARCHS4--Coexpression(rank=215); Enrichr--Queries(rank=297)","363","0.09521000000000000","GTEx Coexpression,0.09521"
"BHLHE22","-0.9942880294440531452","-0.9942880294440531452","0.9942880294440531452","Repressed","167","viper","167","0.9942880294440531452",NA,NA,"3","GTEx--Coexpression(rank=16); ARCHS4--Coexpression(rank=25); ReMap--ChIP-seq(rank=80)","43","0.00995600000000000","GTEx Coexpression,0.009956"
"MITF","0.9858840517846456653","0.9858840517846456653","0.9858840517846456653","Activated","168","viper","168","0.9858840517846456653",NA,NA,"5","Literature--ChIP-seq(rank=40); Enrichr--Queries(rank=88); ReMap--ChIP-seq(rank=90); ARCHS4--Coexpression(rank=376); GTEx--Coexpression(rank=726)","258","0.06268000000000000","Enrichr Queries,0.06268"
"BACH1","-0.9657891677799825825","-0.9657891677799825825","0.9657891677799825825","Repressed","169","viper","169","0.9657891677799825825",NA,NA,"6","Literature--ChIP-seq(rank=7); ENCODE--ChIP-seq(rank=35); ReMap--ChIP-seq(rank=105); ARCHS4--Coexpression(rank=412); Enrichr--Queries(rank=828); GTEx--Coexpression(rank=1388)","185","0.04268000000000000","Literature ChIP-seq,0.04268"
"FOXL2","-0.9464470916210435680","-0.9464470916210435680","0.9464470916210435680","Repressed","170","viper","170","0.9464470916210435680",NA,NA,"3","Enrichr--Queries(rank=71); GTEx--Coexpression(rank=315); ARCHS4--Coexpression(rank=686)","215","0.05057000000000000","Enrichr Queries,0.05057"
"THAP11","0.9287522759835997732","0.9287522759835997732","0.9287522759835997732","Activated","171","viper","171","0.9287522759835997732",NA,NA,"5","ReMap--ChIP-seq(rank=110); Literature--ChIP-seq(rank=155); ARCHS4--Coexpression(rank=1038); GTEx--Coexpression(rank=1231); Enrichr--Queries(rank=1375)","978","0.37040000000000001","ReMap ChIP-seq,0.3704"
"CREB3","0.9254219450838515604","0.9254219450838515604","0.9254219450838515604","Activated","172","viper","172","0.9254219450838515604",NA,NA,"4","ReMap--ChIP-seq(rank=95); Enrichr--Queries(rank=1050); GTEx--Coexpression(rank=1285); ARCHS4--Coexpression(rank=1457)","887","0.31990000000000002","ReMap ChIP-seq,0.3199"
"PPARA","0.9153043620054431839","0.9153043620054431839","0.9153043620054431839","Activated","173","viper","173","0.9153043620054431839",NA,NA,"3","Enrichr--Queries(rank=468); ARCHS4--Coexpression(rank=507); GTEx--Coexpression(rank=839)","871","0.31140000000000001","ARCHS4 Coexpression,0.3114"
"GATA4","-0.8967083725819715578","-0.8967083725819715578","0.8967083725819715578","Repressed","174","viper","174","0.8967083725819715578",NA,NA,"5","Literature--ChIP-seq(rank=50); ReMap--ChIP-seq(rank=128); ARCHS4--Coexpression(rank=183); Enrichr--Queries(rank=353); GTEx--Coexpression(rank=493)","408","0.11240000000000000","ARCHS4 Coexpression,0.1124"
"E2F6","0.8958932499436291774","0.8958932499436291774","0.8958932499436291774","Activated","175","viper","175","0.8958932499436291774",NA,NA,"5","ENCODE--ChIP-seq(rank=53); ReMap--ChIP-seq(rank=171); ARCHS4--Coexpression(rank=800); Enrichr--Queries(rank=1002); GTEx--Coexpression(rank=1050)","1122","0.44919999999999999","ENCODE ChIP-seq,0.4492"
"STAT6","-0.8930357884616938469","-0.8930357884616938469","0.8930357884616938469","Repressed","176","viper","176","0.8930357884616938469",NA,NA,"4","Literature--ChIP-seq(rank=22); ARCHS4--Coexpression(rank=346); Enrichr--Queries(rank=512); GTEx--Coexpression(rank=615)","478","0.13410000000000000","Literature ChIP-seq,0.1341"
"TFAP4","0.8893789687462346771","0.8893789687462346771","0.8893789687462346771","Activated","177","viper","177","0.8893789687462346771",NA,NA,"4","ReMap--ChIP-seq(rank=164); ARCHS4--Coexpression(rank=379); GTEx--Coexpression(rank=1196); Enrichr--Queries(rank=1276)","706","0.23280000000000001","ARCHS4 Coexpression,0.2328"
"NFKB1","0.8863607316707986516","0.8863607316707986516","0.8863607316707986516","Activated","178","viper","178","0.8863607316707986516",NA,NA,"4","ReMap--ChIP-seq(rank=214); ARCHS4--Coexpression(rank=541); Enrichr--Queries(rank=837); GTEx--Coexpression(rank=923)","913","0.33229999999999998","ARCHS4 Coexpression,0.3323"
"E2F3","0.8768000451669328843","0.8768000451669328843","0.8768000451669328843","Activated","179","viper","179","0.8768000451669328843",NA,NA,"3","GTEx--Coexpression(rank=805); Enrichr--Queries(rank=1262); ARCHS4--Coexpression(rank=1501)","1197","0.50090000000000001","GTEx Coexpression,0.5009"
"RARA","-0.8691137203726106986","-0.8691137203726106986","0.8691137203726106986","Repressed","180","viper","180","0.8691137203726106986",NA,NA,"5","ReMap--ChIP-seq(rank=75); Literature--ChIP-seq(rank=133); GTEx--Coexpression(rank=297); ARCHS4--Coexpression(rank=433); Enrichr--Queries(rank=951)","600","0.18479999999999999","GTEx Coexpression,0.1848"
"ATF6","-0.8659639653464715758","-0.8659639653464715758","0.8659639653464715758","Repressed","181","viper","181","0.8659639653464715758",NA,NA,"3","ARCHS4--Coexpression(rank=749); GTEx--Coexpression(rank=760); Enrichr--Queries(rank=937)","1139","0.46010000000000001","ARCHS4 Coexpression,0.4601"
"E2F2","0.8650750700303665441","0.8650750700303665441","0.8650750700303665441","Activated","182","viper","182","0.8650750700303665441",NA,NA,"3","GTEx--Coexpression(rank=666); ARCHS4--Coexpression(rank=1300); Enrichr--Queries(rank=1337)","1058","0.41439999999999999","GTEx Coexpression,0.4144"
"SOX6","0.8583564011118257620","0.8583564011118257620","0.8583564011118257620","Activated","183","viper","183","0.8583564011118257620",NA,NA,"4","Enrichr--Queries(rank=140); ReMap--ChIP-seq(rank=175); ARCHS4--Coexpression(rank=615); GTEx--Coexpression(rank=1004)","381","0.09972000000000000","Enrichr Queries,0.09972"
"TAL1","0.8347283797866283939","0.8347283797866283939","0.8347283797866283939","Activated","184","viper","184","0.8347283797866283939",NA,NA,"6","ENCODE--ChIP-seq(rank=29); Literature--ChIP-seq(rank=55); ReMap--ChIP-seq(rank=85); ARCHS4--Coexpression(rank=309); GTEx--Coexpression(rank=359); Enrichr--Queries(rank=559)","614","0.18980000000000000","ARCHS4 Coexpression,0.1898"
"OTX2","0.8345599206735044850","0.8345599206735044850","0.8345599206735044850","Activated","185","viper","185","0.8345599206735044850",NA,NA,"4","ReMap--ChIP-seq(rank=72); GTEx--Coexpression(rank=248); Enrichr--Queries(rank=573); ARCHS4--Coexpression(rank=1053)","529","0.15429999999999999","GTEx Coexpression,0.1543"
"ZKSCAN1","0.8084056631102006785","0.8084056631102006785","0.8084056631102006785","Activated","186","viper","186","0.8084056631102006785",NA,NA,"5","ENCODE--ChIP-seq(rank=22); ReMap--ChIP-seq(rank=129); ARCHS4--Coexpression(rank=528); GTEx--Coexpression(rank=814); Enrichr--Queries(rank=1107)","606","0.18640000000000001","ENCODE ChIP-seq,0.1864"
"YY1","-0.8039679497587781665","-0.8039679497587781665","0.8039679497587781665","Repressed","187","viper","187","0.8039679497587781665",NA,NA,"6","ENCODE--ChIP-seq(rank=101); Literature--ChIP-seq(rank=144); ReMap--ChIP-seq(rank=262); GTEx--Coexpression(rank=602); Enrichr--Queries(rank=1299); ARCHS4--Coexpression(rank=1471)","988","0.37459999999999999","GTEx Coexpression,0.3746"
"ETS1","0.7997704588220859723","0.7997704588220859723","0.7997704588220859723","Activated","188","viper","188","0.7997704588220859723",NA,NA,"6","ENCODE--ChIP-seq(rank=30); Literature--ChIP-seq(rank=161); ReMap--ChIP-seq(rank=163); GTEx--Coexpression(rank=221); Enrichr--Queries(rank=275); ARCHS4--Coexpression(rank=308)","485","0.13750000000000001","GTEx Coexpression,0.1375"
"CDX2","0.7808462897335886055","0.7808462897335886055","0.7808462897335886055","Activated","189","viper","189","0.7808462897335886055",NA,NA,"5","Literature--ChIP-seq(rank=31); ReMap--ChIP-seq(rank=59); ARCHS4--Coexpression(rank=159); GTEx--Coexpression(rank=336); Enrichr--Queries(rank=693)","373","0.09767000000000001","ARCHS4 Coexpression,0.09767"
"ESR2","0.7770315532126816915","0.7770315532126816915","0.7770315532126816915","Activated","190","viper","190","0.7770315532126816915",NA,NA,"5","ReMap--ChIP-seq(rank=51); Literature--ChIP-seq(rank=83); Enrichr--Queries(rank=632); ARCHS4--Coexpression(rank=650); GTEx--Coexpression(rank=1047)","569","0.17169999999999999","ReMap ChIP-seq,0.1717"
"BHLHE40","-0.7673389538558538225","-0.7673389538558538225","0.7673389538558538225","Repressed","191","viper","191","0.7673389538558538225",NA,NA,"4","ENCODE--ChIP-seq(rank=85); ReMap--ChIP-seq(rank=165); GTEx--Coexpression(rank=820); ARCHS4--Coexpression(rank=825)","1209","0.50680000000000003","ARCHS4 Coexpression,0.5068"
"CREB3L1","0.7549570849194136013","0.7549570849194136013","0.7549570849194136013","Activated","192","viper","192","0.7549570849194136013",NA,NA,"4","ARCHS4--Coexpression(rank=36); Enrichr--Queries(rank=106); ReMap--ChIP-seq(rank=158); GTEx--Coexpression(rank=537)","95","0.02211000000000000","ARCHS4 Coexpression,0.02211"
"GATA1","0.7350767338272298224","0.7350767338272298224","0.7350767338272298224","Activated","193","viper","193","0.7350767338272298224",NA,NA,"6","Literature--ChIP-seq(rank=25); ENCODE--ChIP-seq(rank=37); ReMap--ChIP-seq(rank=181); ARCHS4--Coexpression(rank=526); GTEx--Coexpression(rank=667); Enrichr--Queries(rank=821)","524","0.15240000000000001","Literature ChIP-seq,0.1524"
"KLF4","0.7283258952554290122","0.7283258952554290122","0.7283258952554290122","Activated","194","viper","194","0.7283258952554290122",NA,NA,"5","Literature--ChIP-seq(rank=46); ReMap--ChIP-seq(rank=145); GTEx--Coexpression(rank=283); Enrichr--Queries(rank=331); ARCHS4--Coexpression(rank=349)","579","0.17610000000000001","GTEx Coexpression,0.1761"
"RFX5","-0.7125805957342021824","-0.7125805957342021824","0.7125805957342021824","Repressed","195","viper","195","0.7125805957342021824",NA,NA,"5","ENCODE--ChIP-seq(rank=31); ReMap--ChIP-seq(rank=139); GTEx--Coexpression(rank=732); Enrichr--Queries(rank=843); ARCHS4--Coexpression(rank=1303)","772","0.26269999999999999","ENCODE ChIP-seq,0.2627"
"PAX6","-0.7088316516536363743","-0.7088316516536363743","0.7088316516536363743","Repressed","196","viper","196","0.7088316516536363743",NA,NA,"5","GTEx--Coexpression(rank=40); Enrichr--Queries(rank=60); Literature--ChIP-seq(rank=121); ReMap--ChIP-seq(rank=264); ARCHS4--Coexpression(rank=386)","107","0.02489000000000000","GTEx Coexpression,0.02489"
"ELF5","-0.6949162652880069846","-0.6949162652880069846","0.6949162652880069846","Repressed","197","viper","197","0.6949162652880069846",NA,NA,"5","Literature--ChIP-seq(rank=109); Enrichr--Queries(rank=153); ReMap--ChIP-seq(rank=215); ARCHS4--Coexpression(rank=260); GTEx--Coexpression(rank=357)","401","0.10900000000000000","Enrichr Queries,0.109"
"CREM","0.6838892725004773743","0.6838892725004773743","0.6838892725004773743","Activated","198","viper","198","0.6838892725004773743",NA,NA,"5","Literature--ChIP-seq(rank=157); ReMap--ChIP-seq(rank=245); Enrichr--Queries(rank=737); ARCHS4--Coexpression(rank=1022); GTEx--Coexpression(rank=1455)","1233","0.52490000000000003","Enrichr Queries,0.5249"
"FLI1","-0.6758363792962497341","-0.6758363792962497341","0.6758363792962497341","Repressed","199","viper","199","0.6758363792962497341",NA,NA,"6","ENCODE--ChIP-seq(rank=109); ReMap--ChIP-seq(rank=123); Literature--ChIP-seq(rank=147); ARCHS4--Coexpression(rank=174); GTEx--Coexpression(rank=227); Enrichr--Queries(rank=354)","397","0.10690000000000000","ARCHS4 Coexpression,0.1069"
"GATA2","-0.6757362507168701571","-0.6757362507168701571","0.6757362507168701571","Repressed","200","viper","200","0.6757362507168701571",NA,NA,"6","ENCODE--ChIP-seq(rank=23); Literature--ChIP-seq(rank=57); ReMap--ChIP-seq(rank=193); GTEx--Coexpression(rank=430); Enrichr--Queries(rank=471); ARCHS4--Coexpression(rank=807)","626","0.19489999999999999","ENCODE ChIP-seq,0.1949"
"WT1","0.6750030059606173527","0.6750030059606173527","0.6750030059606173527","Activated","201","viper","201","0.6750030059606173527",NA,NA,"4","Literature--ChIP-seq(rank=4); Enrichr--Queries(rank=157); GTEx--Coexpression(rank=329); ARCHS4--Coexpression(rank=384)","105","0.02439000000000000","Literature ChIP-seq,0.02439"
"NR3C1","0.6730145265061688864","0.6730145265061688864","0.6730145265061688864","Activated","202","viper","202","0.6730145265061688864",NA,NA,"6","ENCODE--ChIP-seq(rank=15); Literature--ChIP-seq(rank=38); ReMap--ChIP-seq(rank=197); ARCHS4--Coexpression(rank=631); Enrichr--Queries(rank=648); GTEx--Coexpression(rank=1176)","461","0.12709999999999999","ENCODE ChIP-seq,0.1271"
"ERG","0.6675655283199990464","0.6675655283199990464","0.6675655283199990464","Activated","203","viper","203","0.6675655283199990464",NA,NA,"5","Literature--ChIP-seq(rank=48); GTEx--Coexpression(rank=128); ARCHS4--Coexpression(rank=165); ReMap--ChIP-seq(rank=199); Enrichr--Queries(rank=292)","310","0.07965000000000000","GTEx Coexpression,0.07965"
"ETV4","0.6632471357955481706","0.6632471357955481706","0.6632471357955481706","Activated","204","viper","204","0.6632471357955481706",NA,NA,"4","ReMap--ChIP-seq(rank=241); Enrichr--Queries(rank=444); ARCHS4--Coexpression(rank=1124); GTEx--Coexpression(rank=1259)","877","0.31619999999999998","Enrichr Queries,0.3162"
"RELA","0.6556957080458067910","0.6556957080458067910","0.6556957080458067910","Activated","205","viper","205","0.6556957080458067910",NA,NA,"6","Literature--ChIP-seq(rank=28); ENCODE--ChIP-seq(rank=32); ReMap--ChIP-seq(rank=234); GTEx--Coexpression(rank=517); Enrichr--Queries(rank=1012); ARCHS4--Coexpression(rank=1162)","567","0.17069999999999999","Literature ChIP-seq,0.1707"
"ZBED1","0.6457408358745482246","0.6457408358745482246","0.6457408358745482246","Activated","206","viper","206","0.6457408358745482246",NA,NA,"4","ReMap--ChIP-seq(rank=283); Enrichr--Queries(rank=725); GTEx--Coexpression(rank=1053); ARCHS4--Coexpression(rank=1406)","1219","0.51639999999999997","Enrichr Queries,0.5164"
"MYB","-0.6397806415162514693","-0.6397806415162514693","0.6397806415162514693","Repressed","207","viper","207","0.6397806415162514693",NA,NA,"6","ENCODE--ChIP-seq(rank=62); ReMap--ChIP-seq(rank=82); Literature--ChIP-seq(rank=125); GTEx--Coexpression(rank=509); ARCHS4--Coexpression(rank=629); Enrichr--Queries(rank=954)","800","0.27610000000000001","ReMap ChIP-seq,0.2761"
"NFATC2","-0.6367909758817633659","-0.6367909758817633659","0.6367909758817633659","Repressed","208","viper","208","0.6367909758817633659",NA,NA,"3","ARCHS4--Coexpression(rank=135); Enrichr--Queries(rank=222); GTEx--Coexpression(rank=280)","319","0.08291999999999999","ARCHS4 Coexpression,0.08292"
"ZNF639","0.6306225427788522131","0.6306225427788522131","0.6306225427788522131","Activated","209","viper","209","0.6306225427788522131",NA,NA,"4","ReMap--ChIP-seq(rank=184); ARCHS4--Coexpression(rank=612); GTEx--Coexpression(rank=871); Enrichr--Queries(rank=1371)","990","0.37590000000000001","ARCHS4 Coexpression,0.3759"
"EHF","-0.5918218256051102077","-0.5918218256051102077","0.5918218256051102077","Repressed","210","viper","210","0.5918218256051102077",NA,NA,"4","ReMap--ChIP-seq(rank=45); Enrichr--Queries(rank=70); ARCHS4--Coexpression(rank=87); GTEx--Coexpression(rank=677)","212","0.04986000000000000","Enrichr Queries,0.04986"
"PGR","0.5801898142139630954","0.5801898142139630954","0.5801898142139630954","Activated","211","viper","211","0.5801898142139630954",NA,NA,"4","GTEx--Coexpression(rank=9); ReMap--ChIP-seq(rank=93); Enrichr--Queries(rank=240); ARCHS4--Coexpression(rank=336)","24","0.00560000000000000","GTEx Coexpression,0.0056"
"SNAI2","0.5678451455017611282","0.5678451455017611282","0.5678451455017611282","Activated","212","viper","212","0.5678451455017611282",NA,NA,"4","ARCHS4--Coexpression(rank=17); Enrichr--Queries(rank=46); ReMap--ChIP-seq(rank=103); GTEx--Coexpression(rank=257)","46","0.01044000000000000","ARCHS4 Coexpression,0.01044"
"SMAD5","-0.5572931262490740112","-0.5572931262490740112","0.5572931262490740112","Repressed","213","viper","213","0.5572931262490740112",NA,NA,"4","ReMap--ChIP-seq(rank=288); ARCHS4--Coexpression(rank=598); GTEx--Coexpression(rank=1178); Enrichr--Queries(rank=1201)","972","0.36730000000000002","ARCHS4 Coexpression,0.3673"
"TFDP1","0.5514323654873055647","0.5514323654873055647","0.5514323654873055647","Activated","214","viper","214","0.5514323654873055647",NA,NA,"4","ReMap--ChIP-seq(rank=289); Enrichr--Queries(rank=1347); ARCHS4--Coexpression(rank=1595); GTEx--Coexpression(rank=1605)","1630","0.95940000000000003","Enrichr Queries,0.9594"
"AR","0.5357887812334827249","0.5357887812334827249","0.5357887812334827249","Activated","215","viper","215","0.5357887812334827249",NA,NA,"5","Literature--ChIP-seq(rank=26); ReMap--ChIP-seq(rank=39); Enrichr--Queries(rank=45); ARCHS4--Coexpression(rank=549); GTEx--Coexpression(rank=636)","141","0.03205000000000000","Enrichr Queries,0.03205"
"MXI1","-0.5347668536352512270","-0.5347668536352512270","0.5347668536352512270","Repressed","216","viper","216","0.5347668536352512270",NA,NA,"5","ENCODE--ChIP-seq(rank=76); ReMap--ChIP-seq(rank=276); GTEx--Coexpression(rank=424); ARCHS4--Coexpression(rank=514); Enrichr--Queries(rank=796)","773","0.26379999999999998","GTEx Coexpression,0.2638"
"TP73","0.5319298071634610547","0.5319298071634610547","0.5319298071634610547","Activated","217","viper","217","0.5319298071634610547",NA,NA,"3","GTEx--Coexpression(rank=540); ARCHS4--Coexpression(rank=753); Enrichr--Queries(rank=900)","920","0.33600000000000002","GTEx Coexpression,0.336"
"ELK4","-0.5292298328503375338","-0.5292298328503375338","0.5292298328503375338","Repressed","218","viper","218","0.5292298328503375338",NA,NA,"5","ENCODE--ChIP-seq(rank=111); ReMap--ChIP-seq(rank=266); GTEx--Coexpression(rank=817); Enrichr--Queries(rank=1186); ARCHS4--Coexpression(rank=1226)","1210","0.50839999999999996","GTEx Coexpression,0.5084"
"NEUROD1","0.5263815324391326600","0.5263815324391326600","0.5263815324391326600","Activated","219","viper","219","0.5263815324391326600",NA,NA,"4","ReMap--ChIP-seq(rank=79); GTEx--Coexpression(rank=87); ARCHS4--Coexpression(rank=397); Enrichr--Queries(rank=499)","227","0.05414000000000000","GTEx Coexpression,0.05414"
"NFIC","-0.5181063524145165244","-0.5181063524145165244","0.5181063524145165244","Repressed","220","viper","220","0.5181063524145165244",NA,NA,"5","ENCODE--ChIP-seq(rank=6); ReMap--ChIP-seq(rank=73); Enrichr--Queries(rank=738); GTEx--Coexpression(rank=881); ARCHS4--Coexpression(rank=903)","216","0.05085000000000000","ENCODE ChIP-seq,0.05085"
"CEBPB","0.5090594821940596093","0.5090594821940596093","0.5090594821940596093","Activated","221","viper","221","0.5090594821940596093",NA,NA,"6","ENCODE--ChIP-seq(rank=20); Literature--ChIP-seq(rank=95); ReMap--ChIP-seq(rank=118); GTEx--Coexpression(rank=519); ARCHS4--Coexpression(rank=540); Enrichr--Queries(rank=620)","563","0.16950000000000001","ENCODE ChIP-seq,0.1695"
"TFAP2A","0.4953576483568663535","0.4953576483568663535","0.4953576483568663535","Activated","222","viper","222","0.4953576483568663535",NA,NA,"6","ENCODE--ChIP-seq(rank=60); Literature--ChIP-seq(rank=68); ReMap--ChIP-seq(rank=219); Enrichr--Queries(rank=274); GTEx--Coexpression(rank=335); ARCHS4--Coexpression(rank=632)","628","0.19520000000000001","Enrichr Queries,0.1952"
"ZNF740","0.4880377804720986146","0.4880377804720986146","0.4880377804720986146","Activated","223","viper","223","0.4880377804720986146",NA,NA,"4","ReMap--ChIP-seq(rank=176); Enrichr--Queries(rank=1311); GTEx--Coexpression(rank=1530); ARCHS4--Coexpression(rank=1546)","1345","0.59260000000000002","ReMap ChIP-seq,0.5926"
"MNT","-0.4688305316508060705","-0.4688305316508060705","0.4688305316508060705","Repressed","224","viper","224","0.4688305316508060705",NA,NA,"4","ReMap--ChIP-seq(rank=206); GTEx--Coexpression(rank=705); Enrichr--Queries(rank=988); ARCHS4--Coexpression(rank=1018)","1094","0.43869999999999998","GTEx Coexpression,0.4387"
"KLF9","-0.4645586838762829629","-0.4645586838762829629","0.4645586838762829629","Repressed","225","viper","225","0.4645586838762829629",NA,NA,"4","ReMap--ChIP-seq(rank=64); ARCHS4--Coexpression(rank=258); GTEx--Coexpression(rank=630); Enrichr--Queries(rank=634)","537","0.15850000000000000","ARCHS4 Coexpression,0.1585"
"MAF","0.4557385688046227679","0.4557385688046227679","0.4557385688046227679","Activated","226","viper","226","0.4557385688046227679",NA,NA,"4","ReMap--ChIP-seq(rank=154); Enrichr--Queries(rank=190); GTEx--Coexpression(rank=236); ARCHS4--Coexpression(rank=844)","480","0.13530000000000000","Enrichr Queries,0.1353"
"POU2F1","0.4526275139714381335","0.4526275139714381335","0.4526275139714381335","Activated","227","viper","227","0.4526275139714381335",NA,NA,"4","ReMap--ChIP-seq(rank=280); ARCHS4--Coexpression(rank=490); GTEx--Coexpression(rank=616); Enrichr--Queries(rank=1039)","849","0.30099999999999999","ARCHS4 Coexpression,0.301"
"ZBTB33","0.4441513620854921629","0.4441513620854921629","0.4441513620854921629","Activated","228","viper","228","0.4441513620854921629",NA,NA,"5","ENCODE--ChIP-seq(rank=95); ReMap--ChIP-seq(rank=259); GTEx--Coexpression(rank=497); Enrichr--Queries(rank=1308); ARCHS4--Coexpression(rank=1448)","866","0.30930000000000002","GTEx Coexpression,0.3093"
"ATF1","0.4431046857496341862","0.4431046857496341862","0.4431046857496341862","Activated","229","viper","229","0.4431046857496341862",NA,NA,"5","ENCODE--ChIP-seq(rank=89); ReMap--ChIP-seq(rank=178); ARCHS4--Coexpression(rank=466); GTEx--Coexpression(rank=1210); Enrichr--Queries(rank=1324)","822","0.28620000000000001","ARCHS4 Coexpression,0.2862"
"MAX","0.4360703416978118918","0.4360703416978118918","0.4360703416978118918","Activated","230","viper","230","0.4360703416978118918",NA,NA,"5","ENCODE--ChIP-seq(rank=79); ReMap--ChIP-seq(rank=169); ARCHS4--Coexpression(rank=449); GTEx--Coexpression(rank=514); Enrichr--Queries(rank=1158)","799","0.27579999999999999","ARCHS4 Coexpression,0.2758"
"MBD2","0.4316463799093798182","0.4316463799093798182","0.4316463799093798182","Activated","231","viper","231","0.4316463799093798182",NA,NA,"4","ReMap--ChIP-seq(rank=17); GTEx--Coexpression(rank=965); Enrichr--Queries(rank=1135); ARCHS4--Coexpression(rank=1174)","239","0.05724000000000000","ReMap ChIP-seq,0.05724"
"MEF2B","-0.4053566166254978786","-0.4053566166254978786","0.4053566166254978786","Repressed","232","viper","232","0.4053566166254978786",NA,NA,"4","ReMap--ChIP-seq(rank=170); Enrichr--Queries(rank=505); GTEx--Coexpression(rank=523); ARCHS4--Coexpression(rank=874)","899","0.32550000000000001","GTEx Coexpression,0.3255"
"CREB1","-0.3850198367532481902","-0.3850198367532481902","0.3850198367532481902","Repressed","233","viper","233","0.3850198367532481902",NA,NA,"6","ENCODE--ChIP-seq(rank=88); Literature--ChIP-seq(rank=143); ReMap--ChIP-seq(rank=226); Enrichr--Queries(rank=1251); GTEx--Coexpression(rank=1304); ARCHS4--Coexpression(rank=1431)","1515","0.74580000000000002","ENCODE ChIP-seq,0.7458"
"HINFP","0.3764067186189392622","0.3764067186189392622","0.3764067186189392622","Activated","234","viper","234","0.3764067186189392622",NA,NA,"3","ReMap--ChIP-seq(rank=216); ARCHS4--Coexpression(rank=736); GTEx--Coexpression(rank=752)","1128","0.45210000000000000","ARCHS4 Coexpression,0.4521"
"ZNF143","0.3742481521016494672","0.3742481521016494672","0.3742481521016494672","Activated","235","viper","235","0.3742481521016494672",NA,NA,"5","ENCODE--ChIP-seq(rank=69); ReMap--ChIP-seq(rank=212); GTEx--Coexpression(rank=1094); Enrichr--Queries(rank=1171); ARCHS4--Coexpression(rank=1432)","1328","0.58470000000000000","ENCODE ChIP-seq,0.5847"
"E2F5","-0.3715815875306178739","-0.3715815875306178739","0.3715815875306178739","Repressed","236","viper","236","0.3715815875306178739",NA,NA,"4","ReMap--ChIP-seq(rank=263); ARCHS4--Coexpression(rank=937); Enrichr--Queries(rank=946); GTEx--Coexpression(rank=1188)","1309","0.57560000000000000","ARCHS4 Coexpression,0.5756"
"KLF3","0.3560975918153644892","0.3560975918153644892","0.3560975918153644892","Activated","237","viper","237","0.3560975918153644892",NA,NA,"4","ReMap--ChIP-seq(rank=88); ARCHS4--Coexpression(rank=409); GTEx--Coexpression(rank=508); Enrichr--Queries(rank=720)","745","0.25119999999999998","ARCHS4 Coexpression,0.2512"
"ZNF263","0.3508733276756205166","0.3508733276756205166","0.3508733276756205166","Activated","238","viper","238","0.3508733276756205166",NA,NA,"6","ENCODE--ChIP-seq(rank=26); ReMap--ChIP-seq(rank=107); Literature--ChIP-seq(rank=124); Enrichr--Queries(rank=1114); GTEx--Coexpression(rank=1476); ARCHS4--Coexpression(rank=1622)","681","0.22030000000000000","ENCODE ChIP-seq,0.2203"
"FOXA2","-0.3079593660627224505","-0.3079593660627224505","0.3079593660627224505","Repressed","239","viper","239","0.3079593660627224505",NA,NA,"6","Literature--ChIP-seq(rank=35); ENCODE--ChIP-seq(rank=40); ReMap--ChIP-seq(rank=77); Enrichr--Queries(rank=457); ARCHS4--Coexpression(rank=583); GTEx--Coexpression(rank=845)","662","0.21340000000000001","Literature ChIP-seq,0.2134"
"FOXJ2","-0.2986380348031931198","-0.2986380348031931198","0.2986380348031931198","Repressed","240","viper","240","0.2986380348031931198",NA,NA,"4","ReMap--ChIP-seq(rank=112); ARCHS4--Coexpression(rank=804); GTEx--Coexpression(rank=815); Enrichr--Queries(rank=965)","994","0.37709999999999999","ReMap ChIP-seq,0.3771"
"TGIF2","0.2877025766398927376","0.2877025766398927376","0.2877025766398927376","Activated","241","viper","241","0.2877025766398927376",NA,NA,"4","ReMap--ChIP-seq(rank=246); GTEx--Coexpression(rank=673); Enrichr--Queries(rank=997); ARCHS4--Coexpression(rank=1192)","1067","0.41880000000000001","GTEx Coexpression,0.4188"
"HOXB13","0.2818486003951502505","0.2818486003951502505","0.2818486003951502505","Activated","242","viper","242","0.2818486003951502505",NA,NA,"4","ReMap--ChIP-seq(rank=87); Enrichr--Queries(rank=345); ARCHS4--Coexpression(rank=627); GTEx--Coexpression(rank=635)","733","0.24570000000000000","Enrichr Queries,0.2457"
"FOSL2","0.2636727335371569225","0.2636727335371569225","0.2636727335371569225","Activated","243","viper","243","0.2636727335371569225",NA,NA,"5","ENCODE--ChIP-seq(rank=17); ReMap--ChIP-seq(rank=69); Enrichr--Queries(rank=604); GTEx--Coexpression(rank=658); ARCHS4--Coexpression(rank=1068)","507","0.14410000000000001","ENCODE ChIP-seq,0.1441"
"SRF","0.2464400981351428654","0.2464400981351428654","0.2464400981351428654","Activated","244","viper","244","0.2464400981351428654",NA,NA,"6","GTEx--Coexpression(rank=52); ENCODE--ChIP-seq(rank=70); Literature--ChIP-seq(rank=137); ReMap--ChIP-seq(rank=286); Enrichr--Queries(rank=955); ARCHS4--Coexpression(rank=1569)","142","0.03236000000000000","GTEx Coexpression,0.03236"
"ZNF24","-0.2340209071583332356","-0.2340209071583332356","0.2340209071583332356","Repressed","245","viper","245","0.2340209071583332356",NA,NA,"4","ReMap--ChIP-seq(rank=62); GTEx--Coexpression(rank=255); Enrichr--Queries(rank=1346); ARCHS4--Coexpression(rank=1543)","538","0.15870000000000001","GTEx Coexpression,0.1587"
"RFX2","-0.2308183748563434889","-0.2308183748563434889","0.2308183748563434889","Repressed","246","viper","246","0.2308183748563434889",NA,NA,"4","ReMap--ChIP-seq(rank=156); Enrichr--Queries(rank=509); ARCHS4--Coexpression(rank=689); GTEx--Coexpression(rank=1526)","964","0.36249999999999999","Enrichr Queries,0.3625"
"RXRA","0.2230900795093580524","0.2230900795093580524","0.2230900795093580524","Activated","247","viper","247","0.2230900795093580524",NA,NA,"6","ENCODE--ChIP-seq(rank=21); Literature--ChIP-seq(rank=122); ReMap--ChIP-seq(rank=268); ARCHS4--Coexpression(rank=747); GTEx--Coexpression(rank=747); Enrichr--Queries(rank=782)","582","0.17799999999999999","ENCODE ChIP-seq,0.178"
"NR2F1","-0.2120058101701324804","-0.2120058101701324804","0.2120058101701324804","Repressed","248","viper","248","0.2120058101701324804",NA,NA,"4","Enrichr--Queries(rank=51); ARCHS4--Coexpression(rank=61); ReMap--ChIP-seq(rank=91); GTEx--Coexpression(rank=642)","159","0.03632000000000000","Enrichr Queries,0.03632"
"JUND","-0.2032920357200454498","-0.2032920357200454498","0.2032920357200454498","Repressed","249","viper","249","0.2032920357200454498",NA,NA,"6","ENCODE--ChIP-seq(rank=14); Literature--ChIP-seq(rank=65); ReMap--ChIP-seq(rank=143); Enrichr--Queries(rank=1051); ARCHS4--Coexpression(rank=1112); GTEx--Coexpression(rank=1184)","429","0.11860000000000000","ENCODE ChIP-seq,0.1186"
"ARID3A","0.2031502149641823962","0.2031502149641823962","0.2031502149641823962","Activated","250","viper","250","0.2031502149641823962",NA,NA,"5","ENCODE--ChIP-seq(rank=97); ReMap--ChIP-seq(rank=269); GTEx--Coexpression(rank=516); ARCHS4--Coexpression(rank=692); Enrichr--Queries(rank=836)","890","0.32110000000000000","GTEx Coexpression,0.3211"
"SMAD4","0.2031133528804433541","0.2031133528804433541","0.2031133528804433541","Activated","251","viper","251","0.2031133528804433541",NA,NA,"5","ReMap--ChIP-seq(rank=12); Literature--ChIP-seq(rank=17); GTEx--Coexpression(rank=1211); Enrichr--Queries(rank=1256); ARCHS4--Coexpression(rank=1350)","176","0.04040000000000000","ReMap ChIP-seq,0.0404"
"NRF1","-0.2011764494627815425","-0.2011764494627815425","0.2011764494627815425","Repressed","252","viper","252","0.2011764494627815425",NA,NA,"5","ENCODE--ChIP-seq(rank=92); ReMap--ChIP-seq(rank=253); ARCHS4--Coexpression(rank=459); GTEx--Coexpression(rank=1157); Enrichr--Queries(rank=1283)","813","0.28189999999999998","ARCHS4 Coexpression,0.2819"
"ZNF274","-0.1879343111787637743","-0.1879343111787637743","0.1879343111787637743","Repressed","253","viper","253","0.1879343111787637743",NA,NA,"6","ENCODE--ChIP-seq(rank=102); Literature--ChIP-seq(rank=131); ReMap--ChIP-seq(rank=218); ARCHS4--Coexpression(rank=760); GTEx--Coexpression(rank=827); Enrichr--Queries(rank=860)","1145","0.46679999999999999","ARCHS4 Coexpression,0.4668"
"TCF3","0.1782341025468067441","0.1782341025468067441","0.1782341025468067441","Activated","254","viper","254","0.1782341025468067441",NA,NA,"6","Literature--ChIP-seq(rank=8); ENCODE--ChIP-seq(rank=24); ReMap--ChIP-seq(rank=114); GTEx--Coexpression(rank=1207); Enrichr--Queries(rank=1248); ARCHS4--Coexpression(rank=1461)","207","0.04878000000000000","Literature ChIP-seq,0.04878"
"FOXO1","-0.1680425736816381077","-0.1680425736816381077","0.1680425736816381077","Repressed","255","viper","255","0.1680425736816381077",NA,NA,"5","Literature--ChIP-seq(rank=58); ReMap--ChIP-seq(rank=99); ARCHS4--Coexpression(rank=562); Enrichr--Queries(rank=591); GTEx--Coexpression(rank=717)","914","0.33329999999999999","ReMap ChIP-seq,0.3333"
"ZBTB11","0.1536033463535558252","0.1536033463535558252","0.1536033463535558252","Activated","256","viper","256","0.1536033463535558252",NA,NA,"4","ReMap--ChIP-seq(rank=291); ARCHS4--Coexpression(rank=1400); Enrichr--Queries(rank=1400); GTEx--Coexpression(rank=1600)","1593","0.85999999999999999","ARCHS4 Coexpression,0.86"
"ARID2","0.1461687278223499364","0.1461687278223499364","0.1461687278223499364","Activated","257","viper","257","0.1461687278223499364",NA,NA,"4","ReMap--ChIP-seq(rank=168); ARCHS4--Coexpression(rank=1314); Enrichr--Queries(rank=1317); GTEx--Coexpression(rank=1569)","1287","0.56569999999999998","ReMap ChIP-seq,0.5657"
"FOXO4","0.1218998360513168649","0.1218998360513168649","0.1218998360513168649","Activated","258","viper","258","0.1218998360513168649",NA,NA,"3","GTEx--Coexpression(rank=312); ARCHS4--Coexpression(rank=570); Enrichr--Queries(rank=709)","624","0.19420000000000001","GTEx Coexpression,0.1942"
"STAT3","0.1161484469240932904","0.1161484469240932904","0.1161484469240932904","Activated","259","viper","259","0.1161484469240932904",NA,NA,"6","Literature--ChIP-seq(rank=27); ENCODE--ChIP-seq(rank=36); ReMap--ChIP-seq(rank=60); GTEx--Coexpression(rank=244); ARCHS4--Coexpression(rank=764); Enrichr--Queries(rank=852)","522","0.15179999999999999","GTEx Coexpression,0.1518"
"FOXK2","0.0792469210693080850","0.0792469210693080850","0.0792469210693080850","Activated","260","viper","260","0.0792469210693080850",NA,NA,"4","ReMap--ChIP-seq(rank=256); GTEx--Coexpression(rank=1174); Enrichr--Queries(rank=1279); ARCHS4--Coexpression(rank=1610)","1500","0.73060000000000003","GTEx Coexpression,0.7306"
"HSF1","0.0791779545308771981","0.0791779545308771981","0.0791779545308771981","Activated","261","viper","261","0.0791779545308771981",NA,NA,"5","ENCODE--ChIP-seq(rank=71); Literature--ChIP-seq(rank=134); ReMap--ChIP-seq(rank=151); ARCHS4--Coexpression(rank=1550); GTEx--Coexpression(rank=1585)","1211","0.50839999999999996","ReMap ChIP-seq,0.5084"
"HHEX","-0.0515500306132812211","-0.0515500306132812211","0.0515500306132812211","Repressed","262","viper","262","0.0515500306132812211",NA,NA,"4","ReMap--ChIP-seq(rank=25); ARCHS4--Coexpression(rank=265); GTEx--Coexpression(rank=278); Enrichr--Queries(rank=369)","325","0.08418000000000000","ReMap ChIP-seq,0.08418"
"CEBPD","-0.0501334885862245727","-0.0501334885862245727","0.0501334885862245727","Repressed","263","viper","263","0.0501334885862245727",NA,NA,"5","Literature--ChIP-seq(rank=61); ENCODE--ChIP-seq(rank=72); ReMap--ChIP-seq(rank=277); ARCHS4--Coexpression(rank=294); GTEx--Coexpression(rank=722)","590","0.18060000000000001","ARCHS4 Coexpression,0.1806"
"RFX1","0.0396637511683015712","0.0396637511683015712","0.0396637511683015712","Activated","264","viper","264","0.0396637511683015712",NA,NA,"4","ReMap--ChIP-seq(rank=240); ARCHS4--Coexpression(rank=1012); Enrichr--Queries(rank=1229); GTEx--Coexpression(rank=1243)","1378","0.62160000000000004","ARCHS4 Coexpression,0.6216"
"FOXM1","-0.0393476521820839073","-0.0393476521820839073","0.0393476521820839073","Repressed","265","viper","265","0.0393476521820839073",NA,NA,"6","Literature--ChIP-seq(rank=19); ENCODE--ChIP-seq(rank=46); ReMap--ChIP-seq(rank=279); Enrichr--Queries(rank=1385); ARCHS4--Coexpression(rank=1454); GTEx--Coexpression(rank=1592)","420","0.11590000000000000","Literature ChIP-seq,0.1159"
"RUNX3","-0.0355427369221575570","-0.0355427369221575570","0.0355427369221575570","Repressed","266","viper","266","0.0355427369221575570",NA,NA,"5","ENCODE--ChIP-seq(rank=96); GTEx--Coexpression(rank=159); ReMap--ChIP-seq(rank=190); ARCHS4--Coexpression(rank=370); Enrichr--Queries(rank=421)","377","0.09894000000000000","GTEx Coexpression,0.09894"
"PAX8","0.0201398563339839978","0.0201398563339839978","0.0201398563339839978","Activated","267","viper","267","0.0201398563339839978",NA,NA,"4","ReMap--ChIP-seq(rank=68); ARCHS4--Coexpression(rank=234); GTEx--Coexpression(rank=299); Enrichr--Queries(rank=373)","504","0.14369999999999999","ARCHS4 Coexpression,0.1437"
"VDR","0.0000855442757611733","0.0000855442757611733","0.0000855442757611733","Activated","268","viper","268","0.0000855442757611733",NA,NA,"5","Literature--ChIP-seq(rank=44); ReMap--ChIP-seq(rank=155); Enrichr--Queries(rank=335); ARCHS4--Coexpression(rank=365); GTEx--Coexpression(rank=773)","688","0.22420000000000001","ARCHS4 Coexpression,0.2242"
