"statistic","source","condition","score","p_value"
"viper","ABL1","LD_ALL","-0.794282373614698778","0.42703106305515842189279851482"
"viper","AHR","LD_ALL","0.420298111246767303","0.67426768951131321738756696504"
"viper","AIRE","LD_ALL","0.792878594550903038","0.42784855972962471115650373576"
"viper","APEX1","LD_ALL","-1.257943599101932985","0.20841215445945104889347021526"
"viper","AR","LD_ALL","0.488754601416753087","0.62501544240839723709513009453"
"viper","ARID1A","LD_ALL","2.435064898129408739","0.01488911901367159090758818252"
"viper","ARID3A","LD_ALL","-0.720087801836196362","0.47147093745540474829525123823"
"viper","ARID3B","LD_ALL","-0.290249758848461825","0.77162517172639510931730910670"
"viper","ARID4A","LD_ALL","-1.356927151532016484","0.17480435867094504254204423432"
"viper","ARID4B","LD_ALL","-0.090823822151459205","0.92763258093921052704899921082"
"viper","ARID5B","LD_ALL","0.395512894375882607","0.69246440740249071144063464089"
"viper","ARNT","LD_ALL","0.232601240978470764","0.81607106358009373625606031055"
"viper","ARX","LD_ALL","0.491298920987061016","0.62321504290988483099056338688"
"viper","ASCL1","LD_ALL","0.679349669353740748","0.49691633208177743430411510417"
"viper","ASCL2","LD_ALL","1.246566727447085077","0.21255640808745490666353816778"
"viper","ATF1","LD_ALL","1.551183374083441757","0.12085774531785865859578876780"
"viper","ATF2","LD_ALL","-0.140104486190406607","0.88857743608931705203701767459"
"viper","ATF3","LD_ALL","0.979437359234228366","0.32736392538487735226482300277"
"viper","ATF4","LD_ALL","-1.308273953276159807","0.19078040636901749671494599170"
"viper","ATF5","LD_ALL","-0.694690957704778844","0.48724899596191273420942025041"
"viper","ATF6","LD_ALL","2.596683177203450654","0.00941287012369996199667721015"
"viper","ATOH1","LD_ALL","1.126428157717199285","0.25998433385508329385160664060"
"viper","BACH1","LD_ALL","-0.429342229108753193","0.66767418926799604328436998912"
"viper","BACH2","LD_ALL","-0.671577398553593219","0.50185277077955592339719714801"
"viper","BARX1","LD_ALL","0.033532450479100299","0.97324998863539491367191658355"
"viper","BARX2","LD_ALL","0.794666674768309211","0.42680742246395469985387194356"
"viper","BATF","LD_ALL","1.506986705570426910","0.13181406490830971378613867273"
"viper","BCL11A","LD_ALL","-1.359053084569777914","0.17412976786910944193564887428"
"viper","BCL11B","LD_ALL","1.475619752867357581","0.14004599937095080219862097692"
"viper","BCL3","LD_ALL","0.220545143502847846","0.82544661832453947170051833382"
"viper","BCL6","LD_ALL","0.560036818881569642","0.57545432410796104605310574698"
"viper","BCLAF1","LD_ALL","0.049858335058964920","0.96023527978988809650218172465"
"viper","BCOR","LD_ALL","-0.807485612568303091","0.41938676030140331629780803269"
"viper","BHLHA15","LD_ALL","0.496838489154383611","0.61930295083753261753400920497"
"viper","BHLHE40","LD_ALL","-0.051179918501760450","0.95918215358439862239237072572"
"viper","BHLHE41","LD_ALL","2.014498649190144430","0.04395720655039773300254424271"
"viper","BMAL1","LD_ALL","1.783777132602397009","0.07445988678774161095841321867"
"viper","BMAL2","LD_ALL","2.041759799801380115","0.04117536369754443148494260640"
"viper","BRCA1","LD_ALL","-0.246226547902795551","0.80550686580561614569262474106"
"viper","BRD4","LD_ALL","-0.233908774666345159","0.81505580096573282400385096480"
"viper","BTG2","LD_ALL","1.255459542139506501","0.20931198616501420217694828807"
"viper","CDX1","LD_ALL","0.732923416635115732","0.46360514004054870218496375855"
"viper","CDX2","LD_ALL","0.811510554460635802","0.41707253424409673758788130726"
"viper","CEBPA","LD_ALL","1.600254748794596171","0.10954208101777987427460914205"
"viper","CEBPB","LD_ALL","1.673807355284738341","0.09416846633389060194918585012"
"viper","CEBPD","LD_ALL","1.048306563925285984","0.29449738641043360365401326817"
"viper","CEBPE","LD_ALL","0.634127718728528800","0.52599747445009215063294050196"
"viper","CEBPG","LD_ALL","1.792090237116481299","0.07311851250999820694964626000"
"viper","CEBPZ","LD_ALL","0.257203027896895420","0.79702204669820519988832074887"
"viper","CIITA","LD_ALL","1.278219338391292537","0.20117209934479007849006393371"
"viper","CLOCK","LD_ALL","0.973696756976299760","0.33020712801103291322846189360"
"viper","CREB1","LD_ALL","0.035819963144586756","0.97142591499309483005220045015"
"viper","CREB3","LD_ALL","0.748699329137198610","0.45403844811011717652604602335"
"viper","CREB3L1","LD_ALL","-0.590091586083219544","0.55512924943796204679813399707"
"viper","CREB5","LD_ALL","1.132322266308458891","0.25749897223640982879544480966"
"viper","CREBBP","LD_ALL","-0.243982383665757724","0.80724446350187140097887095180"
"viper","CREBZF","LD_ALL","0.585644053504397966","0.55811473764510122208548636991"
"viper","CREM","LD_ALL","0.085444365608464259","0.93190812344576345882529722076"
"viper","CRX","LD_ALL","1.182851168243141737","0.23686813746040707995277330156"
"viper","CTBP1","LD_ALL","-0.722686829448675905","0.46987230897377768590317259623"
"viper","CTBP2","LD_ALL","-0.790212981316050667","0.42940339609313626922926232510"
"viper","CTCF","LD_ALL","0.378753417016133576","0.70487098233678679992664228848"
"viper","CTCFL","LD_ALL","0.327759150846335445","0.74309377554749556082924755174"
"viper","CTNNB1","LD_ALL","4.385862285175250896","0.00001155271994994391381722521"
"viper","CUX1","LD_ALL","0.443099959424354206","0.65769343454534479054274243026"
"viper","CXXC1","LD_ALL","0.017979815805853616","0.98565495546271408855432127893"
"viper","DBP","LD_ALL","-0.430085913319716795","0.66713314665969014605195752665"
"viper","DDIT3","LD_ALL","0.280439339784824881","0.77914045861886627175607600293"
"viper","DEAF1","LD_ALL","0.248942907980575778","0.80340494407221252348705320401"
"viper","DLX1","LD_ALL","1.340503528055004834","0.18008169808897114827495045120"
"viper","DLX2","LD_ALL","1.778380558856440530","0.07534137347170261067574870140"
"viper","DLX3","LD_ALL","-0.488348599327193822","0.62530294320047863365630291810"
"viper","DLX4","LD_ALL","-0.139454170590921966","0.88909126856137432604043624451"
"viper","DLX5","LD_ALL","-0.338199231115966670","0.73521305523662094927317411930"
"viper","DMAP1","LD_ALL","-0.476142605356346615","0.63397278560016068205129613489"
"viper","DMTF1","LD_ALL","-0.691406779444251551","0.48930994488359136340704935719"
"viper","DNMT1","LD_ALL","0.096719840988270162","0.92294888287217069500201205301"
"viper","DNMT3A","LD_ALL","1.088555668847593472","0.27634987500802510318465010641"
"viper","DNMT3B","LD_ALL","1.333566450695652161","0.18234598414307937042089236002"
"viper","DOT1L","LD_ALL","1.149918590779477556","0.25017740306609981271179776741"
"viper","E2F1","LD_ALL","-2.893855101547060826","0.00380543726013994523110772761"
"viper","E2F2","LD_ALL","-3.338496005695994029","0.00084233241345949591387387567"
"viper","E2F3","LD_ALL","-1.388280841369792684","0.16505154380094502752918117494"
"viper","E2F4","LD_ALL","-7.509570677357332968","0.00000000000005932158494331526"
"viper","E2F5","LD_ALL","-0.579460163699461406","0.56227871872436896438784970087"
"viper","E2F6","LD_ALL","-1.219153861681486983","0.22278579993068406417400240116"
"viper","E2F7","LD_ALL","-0.882667935784310576","0.37741571119220984620312719926"
"viper","E4F1","LD_ALL","0.145395933507631248","0.88439827513953994664319679941"
"viper","EBF1","LD_ALL","0.588886648226820908","0.55593731497982767919552316016"
"viper","EBF3","LD_ALL","-0.701745876922176937","0.48283765709979931113338125215"
"viper","EGR1","LD_ALL","0.344326435023505184","0.73060080611003197503805495217"
"viper","EGR2","LD_ALL","1.009146808852568578","0.31290423191679989090019375908"
"viper","EGR3","LD_ALL","2.421388945779020307","0.01546132444792011444156809574"
"viper","EGR4","LD_ALL","0.894991926656388936","0.37079140371108387785881177479"
"viper","EHF","LD_ALL","0.495228267142656220","0.62043899940763491684947439353"
"viper","ELF1","LD_ALL","1.778199889856854288","0.07537103103606684895154899095"
"viper","ELF3","LD_ALL","1.014272995064137595","0.31045250616655878372895926987"
"viper","ELF4","LD_ALL","0.960059036797080601","0.33702550322385743664099777561"
"viper","ELF5","LD_ALL","1.692945954157245581","0.09046575504695036906710470248"
"viper","ELK1","LD_ALL","0.381401769794142198","0.70290514798373548988053016728"
"viper","ELK3","LD_ALL","-0.546326353771306339","0.58484162395781513765768977464"
"viper","ELK4","LD_ALL","-0.872579885973272407","0.38289210787387639722822996191"
"viper","EMX2","LD_ALL","-0.630507373431058338","0.52836268013228626649890884437"
"viper","EN1","LD_ALL","-0.312809921631074406","0.75442507704077388375196733250"
"viper","ENO1","LD_ALL","0.736385260397180219","0.46149627217830108127927246642"
"viper","EOMES","LD_ALL","-0.215488849459344378","0.82938620471141477619170245816"
"viper","EP300","LD_ALL","-0.408762679983157129","0.68271383016401210319656911452"
"viper","EPAS1","LD_ALL","0.699439956399918850","0.48427712462743899290984472827"
"viper","ERF","LD_ALL","-0.027836584598463342","0.97779248696984777389218379540"
"viper","ERG","LD_ALL","0.005744397215899045","0.99541665935725076597151428359"
"viper","ESR1","LD_ALL","1.426553391046781361","0.15370866698576790554398030508"
"viper","ESR2","LD_ALL","1.874568696672670898","0.06085208302655138734582607185"
"viper","ESRRA","LD_ALL","-0.115048356037403973","0.90840679390065814935439902911"
"viper","ESRRB","LD_ALL","-1.393724296753826142","0.16340087627357335886557621052"
"viper","ESRRG","LD_ALL","-2.248972199725352006","0.02451426484259610488747327395"
"viper","ETS1","LD_ALL","1.186887850432802205","0.23527186027518096067545627648"
"viper","ETS2","LD_ALL","0.334504594490956375","0.73799882448226739040109123380"
"viper","ETV1","LD_ALL","0.381834648743040850","0.70258401653496549421618055931"
"viper","ETV2","LD_ALL","1.371301490834746062","0.17028099115740857882883574348"
"viper","ETV3","LD_ALL","0.006800728127867688","0.99457384585110608643532259521"
"viper","ETV4","LD_ALL","1.193760457362478045","0.23257168369188579992723475698"
"viper","ETV5","LD_ALL","0.288585300507061882","0.77289874562074534214417553812"
"viper","ETV6","LD_ALL","1.029446947733060336","0.30326969748078486110998142067"
"viper","ETV7","LD_ALL","2.131885262240734935","0.03301628006685770194694740098"
"viper","EWSR1","LD_ALL","0.248172864270581051","0.80400066087573229811624742069"
"viper","EZH2","LD_ALL","1.772270241958108672","0.07634970850980105083749549522"
"viper","FEV","LD_ALL","1.061175645555132441","0.28861008524703296584945633185"
"viper","FEZF2","LD_ALL","0.295645033530236689","0.76750117834335507271958931597"
"viper","FGF2","LD_ALL","1.161676984714057559","0.24536669787823003896498619270"
"viper","FHL2","LD_ALL","0.670457472033121005","0.50256620823538278308717508480"
"viper","FLI1","LD_ALL","0.239431877204709459","0.81077071427788993673857476097"
"viper","FOS","LD_ALL","1.298633193201875091","0.19406984097228713315175241405"
"viper","FOS_JUN","LD_ALL","1.700795082933896474","0.08898147292597273494418885775"
"viper","FOS_JUNB","LD_ALL","1.700795082933896474","0.08898147292597273494418885775"
"viper","FOS_JUND","LD_ALL","1.700795082933896474","0.08898147292597273494418885775"
"viper","FOSB","LD_ALL","1.736167106139190119","0.08253429162360487181260282341"
"viper","FOSB_JUN","LD_ALL","1.700795082933896474","0.08898147292597273494418885775"
"viper","FOSB_JUNB","LD_ALL","1.700795082933896474","0.08898147292597273494418885775"
"viper","FOSB_JUND","LD_ALL","1.700795082933896474","0.08898147292597273494418885775"
"viper","FOSL1","LD_ALL","-0.795675646045539420","0.42622058575747162612046281538"
"viper","FOSL1_JUN","LD_ALL","1.700795082933896474","0.08898147292597273494418885775"
"viper","FOSL1_JUNB","LD_ALL","1.700795082933896474","0.08898147292597273494418885775"
"viper","FOSL1_JUND","LD_ALL","1.700795082933896474","0.08898147292597273494418885775"
"viper","FOSL2","LD_ALL","1.089273332705846808","0.27603336889629137562707228426"
"viper","FOSL2_JUN","LD_ALL","1.700795082933896474","0.08898147292597273494418885775"
"viper","FOSL2_JUNB","LD_ALL","1.700795082933896474","0.08898147292597273494418885775"
"viper","FOSL2_JUND","LD_ALL","1.700795082933896474","0.08898147292597273494418885775"
"viper","FOXA1","LD_ALL","1.530004344293777407","0.12601565360769775847593621165"
"viper","FOXA2","LD_ALL","1.726964070508773208","0.08417411640495833791142388236"
"viper","FOXA3","LD_ALL","0.426916684815978942","0.66944001246288364903591627808"
"viper","FOXC1","LD_ALL","3.340034943354114105","0.00083767849139265194990944252"
"viper","FOXC2","LD_ALL","1.662199506347597611","0.09647277898381789729143065415"
"viper","FOXD1","LD_ALL","0.933416944725106612","0.35060473489595433971288684916"
"viper","FOXD3","LD_ALL","1.273291862694328591","0.20291449317806911634143318679"
"viper","FOXE1","LD_ALL","1.601723108443033450","0.10921685278704065802379830075"
"viper","FOXF2","LD_ALL","1.895161924472198889","0.05807095278419104056322197494"
"viper","FOXG1","LD_ALL","1.567647805260624860","0.11696334893127340037732864175"
"viper","FOXH1","LD_ALL","1.221984067272540830","0.22171365219281088942970825428"
"viper","FOXI1","LD_ALL","1.957134159017562602","0.05033169726357435147523489150"
"viper","FOXJ1","LD_ALL","0.104785952927386697","0.91654565662107434498295788217"
"viper","FOXL2","LD_ALL","-0.447367885942039689","0.65460945898150568744711108593"
"viper","FOXM1","LD_ALL","-0.296716990204015096","0.76668258459065286025690966198"
"viper","FOXN1","LD_ALL","1.442381426769881347","0.14919480052377676049246701950"
"viper","FOXO1","LD_ALL","1.138424286762288906","0.25494335750121732697692777947"
"viper","FOXO3","LD_ALL","3.164736003269796871","0.00155223720203168883552402590"
"viper","FOXO4","LD_ALL","0.214146584846860583","0.83043274885776030558304228180"
"viper","FOXP1","LD_ALL","1.477808377469286061","0.13945907541897265002894812369"
"viper","FOXP2","LD_ALL","0.436174407108688655","0.66271019508394435337805816744"
"viper","FOXP3","LD_ALL","1.337276220445184682","0.18113249009990145532711380838"
"viper","FOXQ1","LD_ALL","-0.455635891106888458","0.64865182947293575921321462374"
"viper","GABPA","LD_ALL","-1.583995618475050549","0.11319471618269216772745267008"
"viper","GATA1","LD_ALL","1.475991577000776322","0.13994615342509666988668470822"
"viper","GATA2","LD_ALL","-1.420709191751856615","0.15540131923562860993826006961"
"viper","GATA3","LD_ALL","1.238349328481906930","0.21558656054071034802177564416"
"viper","GATA4","LD_ALL","1.332854370165117430","0.18257959919284388883298220208"
"viper","GATA5","LD_ALL","0.677558286722337977","0.49805180180286834357161751541"
"viper","GATA6","LD_ALL","0.914110958471802348","0.36065854489313176056697329841"
"viper","GCM1","LD_ALL","0.140143784068146732","0.88854638723913370590423710382"
"viper","GFI1","LD_ALL","-1.329969977377367440","0.18352816333466823173203863462"
"viper","GFI1B","LD_ALL","2.262333358073052025","0.02367681491734577661767424672"
"viper","GLI1","LD_ALL","1.939098215176952023","0.05248938000171422813000532415"
"viper","GLI2","LD_ALL","-0.561247634816650409","0.57462873393640068186982716725"
"viper","GLI3","LD_ALL","0.497454190080746539","0.61886879969400432344173168531"
"viper","GLIS3","LD_ALL","0.549968985283591616","0.58234064637094029581732002043"
"viper","GRHL2","LD_ALL","0.796801172509123301","0.42556651404428391671785902872"
"viper","GRHL3","LD_ALL","1.078500923143924428","0.28081027001501568385322116228"
"viper","GTF2I","LD_ALL","1.196600075235930483","0.23146247114278062362302534893"
"viper","GTF2IRD1","LD_ALL","0.625832989143596974","0.53142449140094183412941220013"
"viper","GTF3A","LD_ALL","-0.894783882025187993","0.37090262803477147546260539457"
"viper","HAND1","LD_ALL","1.162580807646278913","0.24499962135246505789964999167"
"viper","HAND2","LD_ALL","1.285057256331234576","0.19877227672263933500040877789"
"viper","HBP1","LD_ALL","0.006000033555147036","0.99521269458622008130532776704"
"viper","HCFC1","LD_ALL","-1.077689406175103670","0.28117238773668851159470705170"
"viper","HDAC1","LD_ALL","-0.344096324311121360","0.73077384709257631190126858201"
"viper","HDAC3","LD_ALL","0.952862465509067835","0.34065975983660151671372773308"
"viper","HDAC4","LD_ALL","0.405717865310169068","0.68494991398558957573783345651"
"viper","HDAC5","LD_ALL","-0.347694618463200655","0.72806953865083434696003905628"
"viper","HDAC7","LD_ALL","1.408714127140546779","0.15891971590401826608385249529"
"viper","HDAC9","LD_ALL","1.604924551806150124","0.10851040965664250637079391026"
"viper","HDGF","LD_ALL","0.563164183584680567","0.57332308935305364983037179627"
"viper","HES1","LD_ALL","0.047024356953435278","0.96249381495722008406090708377"
"viper","HESX1","LD_ALL","-0.166487301439366187","0.86777347569528839876795700548"
"viper","HEY1","LD_ALL","-0.379652109038715990","0.70420367437658781817333419895"
"viper","HEY2","LD_ALL","1.338741934622163177","0.18065469954452606504702316670"
"viper","HEYL","LD_ALL","2.521899438228170087","0.01167230713505800626661468300"
"viper","HHEX","LD_ALL","1.798104738828967486","0.07216041142841551903064356566"
"viper","HIC1","LD_ALL","1.246721098638883252","0.21249977982691034550377651158"
"viper","HIF1A","LD_ALL","1.362880177389184100","0.17292027695115988472629453554"
"viper","HIF3A","LD_ALL","-0.839365965220052024","0.40126397663323304376703504204"
"viper","HINFP","LD_ALL","-0.595632495013082464","0.55142076356709757156693285651"
"viper","HIPK2","LD_ALL","0.672597585075693560","0.50120333849061982078865185031"
"viper","HIVEP1","LD_ALL","0.906157822947135538","0.36485232351626711855274720619"
"viper","HIVEP2","LD_ALL","1.728064968397891477","0.08397657722805054736348040478"
"viper","HLF","LD_ALL","0.092784328202438274","0.92607490157970773214657356220"
"viper","HLX","LD_ALL","-0.047579710620239496","0.96205120229248330954163748174"
"viper","HMGA1","LD_ALL","1.149183580511990099","0.25048028990713439023707564957"
"viper","HMGA2","LD_ALL","0.647372881076884177","0.51739064297696635286172295309"
"viper","HMGB2","LD_ALL","-0.693416560269360049","0.48804817264237754237399258272"
"viper","HNF1A","LD_ALL","2.180738822462041426","0.02920273981590523065809961167"
"viper","HNF1B","LD_ALL","1.115613629262286466","0.26458755558218705061790387845"
"viper","HNF4A","LD_ALL","2.335970443849577638","0.01949278200439059915982653592"
"viper","HNF4G","LD_ALL","0.565565027809981302","0.57168950724542622054968887824"
"viper","HOPX","LD_ALL","-1.863351611859112689","0.06241281314095820792475777239"
"viper","HOXA1","LD_ALL","1.208680651706395048","0.22678555779170622708207361029"
"viper","HOXA10","LD_ALL","-0.777866203843273873","0.43664789387719699087497815526"
"viper","HOXA13","LD_ALL","-0.922224107324739140","0.35641169091529045775956774378"
"viper","HOXA5","LD_ALL","-0.728614708416928436","0.46623737878404458712111591012"
"viper","HOXA7","LD_ALL","0.276751172046188321","0.78197117623240397499273512949"
"viper","HOXA9","LD_ALL","-0.675594659013195376","0.49929803347144635639054399689"
"viper","HOXB1","LD_ALL","0.727474487104882162","0.46693533879460058511057241049"
"viper","HOXB13","LD_ALL","2.085450501989174033","0.03702842674468723865865982248"
"viper","HOXB2","LD_ALL","-1.071852148135872040","0.28378644606466624233931383969"
"viper","HOXB3","LD_ALL","0.588596648004774847","0.55613188302910310234494772885"
"viper","HOXB4","LD_ALL","1.926634845418819353","0.05402515289231644285417033302"
"viper","HOXB5","LD_ALL","-0.097047906479748772","0.92268835010003780183751587174"
"viper","HOXB7","LD_ALL","0.348191892417534399","0.72769607619711895729608386318"
"viper","HOXB9","LD_ALL","0.792834818709078459","0.42787406741712685764866819227"
"viper","HOXC6","LD_ALL","1.090224242834580082","0.27561437682348771671669851457"
"viper","HOXC8","LD_ALL","1.268057337709596499","0.20477747527375622649259412356"
"viper","HOXD1","LD_ALL","0.019290509154566950","0.98460935511886205073750488737"
"viper","HOXD13","LD_ALL","-1.116759491307087071","0.26409717344822342122157010635"
"viper","HOXD3","LD_ALL","1.422982258443734160","0.15474129840331249385876333236"
"viper","HOXD8","LD_ALL","-0.459398201318985067","0.64594823967677883480575928843"
"viper","HR","LD_ALL","1.101369153139048818","0.27073602508897837148893472659"
"viper","HSF1","LD_ALL","-0.483013626296810661","0.62908606105554232268417536034"
"viper","HSF2","LD_ALL","-1.469143502502114229","0.14179387050946051784805490570"
"viper","HSF4","LD_ALL","-0.418296569323803213","0.67573029763043668260991125862"
"viper","HTATIP2","LD_ALL","1.512015668504524291","0.13052987658392714576116588887"
"viper","ID1","LD_ALL","0.723328764170873328","0.46947792494704521093495941386"
"viper","ID2","LD_ALL","-0.469774406169569503","0.63851620176759038560732051337"
"viper","ID3","LD_ALL","-0.018046760911504964","0.98560154966172508483879255436"
"viper","ID4","LD_ALL","0.901519492813801948","0.36731217442009889140308587230"
"viper","IKZF1","LD_ALL","0.878004724101707601","0.37994115504256070758870578175"
"viper","IKZF4","LD_ALL","2.315176883186724766","0.02060325382080854111910284132"
"viper","ING4","LD_ALL","-1.171268033895627392","0.24149105614052512880363110526"
"viper","IRF1","LD_ALL","0.235975356725582480","0.81345179271131207165979049023"
"viper","IRF2","LD_ALL","1.222787511592091647","0.22140996353127381790493188873"
"viper","IRF3","LD_ALL","1.366998430106239004","0.17162579758378884720038115574"
"viper","IRF4","LD_ALL","-1.015389082050059733","0.30992039537909416013761187969"
"viper","IRF5","LD_ALL","0.955525375373778241","0.33931207920938560862467170409"
"viper","IRF6","LD_ALL","0.502623030148591776","0.61522933426103199039403079951"
"viper","IRF7","LD_ALL","-0.310038874799797248","0.75653139408726222114864867763"
"viper","IRF8","LD_ALL","1.805723690835451922","0.07096151020361379790912792487"
"viper","IRF9","LD_ALL","1.318666234382931624","0.18728071985751970629507923150"
"viper","IRX1","LD_ALL","0.740358382378141777","0.45908256442100719985077716956"
"viper","ISL1","LD_ALL","1.358661596268656124","0.17425384676863389654677405360"
"viper","JARID2","LD_ALL","-0.483847582366135232","0.62849404321123081285094258419"
"viper","JDP2","LD_ALL","0.437504777907835818","0.66174531179338247355303792574"
"viper","JUN","LD_ALL","-0.194578842753053094","0.84572266750379532229686674327"
"viper","JUN_JUNB","LD_ALL","1.700795082933896696","0.08898147292597273494418885775"
"viper","JUN_JUND","LD_ALL","1.700795082933896696","0.08898147292597273494418885775"
"viper","JUNB","LD_ALL","1.149466742939951214","0.25036357256086017031293522450"
"viper","JUNB_JUND","LD_ALL","1.700795082933896696","0.08898147292597273494418885775"
"viper","JUND","LD_ALL","0.297732299954088619","0.76590748898739868799623309314"
"viper","KAT2B","LD_ALL","-0.893546999983268364","0.37156431443384729806922450734"
"viper","KAT5","LD_ALL","-0.462658735138397781","0.64360900081305416620125470217"
"viper","KAT6A","LD_ALL","-0.610269521727715203","0.54168328313832025955321114452"
"viper","KAT6B","LD_ALL","-0.257708737297055568","0.79663170243809455772776573212"
"viper","KAT7","LD_ALL","-0.249505985823912591","0.80296941127345522470903915746"
"viper","KCNIP3","LD_ALL","-1.350119701683826889","0.17697758966841684036275239578"
"viper","KDM2A","LD_ALL","-0.008438338210850185","0.99326726012423416367624895429"
"viper","KDM5A","LD_ALL","-1.383182676976579595","0.16660885998027397114640280051"
"viper","KDM5B","LD_ALL","0.528509379969640314","0.59714583846009872125648598740"
"viper","KDM5C","LD_ALL","0.889784696760689497","0.37358150525914268769156478811"
"viper","KDM5D","LD_ALL","0.340484938053114694","0.73349136365066369691589898139"
"viper","KLF1","LD_ALL","0.174624859094311441","0.86137441397889091820871954042"
"viper","KLF10","LD_ALL","0.509069241334870193","0.61070369089358533809530626968"
"viper","KLF11","LD_ALL","1.161499092671499866","0.24543899194963050836015838740"
"viper","KLF12","LD_ALL","1.789288103643965844","0.07356842895029842843701572974"
"viper","KLF13","LD_ALL","-0.556012149131468458","0.57820254946338855983611892952"
"viper","KLF15","LD_ALL","0.481990684118143831","0.62981256411339958667383598367"
"viper","KLF17","LD_ALL","0.702474792527833514","0.48238311654773613490476691368"
"viper","KLF2","LD_ALL","0.025346233565089551","0.97977879671027223729140587238"
"viper","KLF3","LD_ALL","0.082401394564204630","0.93432752712120659133177014155"
"viper","KLF4","LD_ALL","-0.588935568419282518","0.55590449653349316427863868739"
"viper","KLF5","LD_ALL","0.377140799240436309","0.70606897257639200660150891053"
"viper","KLF6","LD_ALL","0.358393342031306517","0.72004897349115393190288614278"
"viper","KLF7","LD_ALL","0.064889042860950541","0.94826234473849901895903258264"
"viper","KLF8","LD_ALL","1.376448124751128654","0.16868293733856362659473404619"
"viper","KLF9","LD_ALL","0.472381295468204676","0.63665465278555632977486311574"
"viper","KMT2A","LD_ALL","-0.335369157793576789","0.73734663065998196085359950303"
"viper","KMT2B","LD_ALL","-0.492891523458615199","0.62208923697455209556039790186"
"viper","LEF1","LD_ALL","1.485335148216920143","0.13745506552101890984651788585"
"viper","LHX2","LD_ALL","-0.167427723938599032","0.86703351250096249991372587829"
"viper","LHX3","LD_ALL","-1.712133971380037423","0.08687198216723492072421919374"
"viper","LHX8","LD_ALL","0.334054252543031727","0.73833862014732831724472816859"
"viper","LITAF","LD_ALL","0.900676137031015345","0.36776053999647911885162443468"
"viper","LMO2","LD_ALL","1.062090622790790917","0.28819454670030342224862351941"
"viper","LMX1A","LD_ALL","-0.380858231171170569","0.70330844744483911323840175100"
"viper","LMX1B","LD_ALL","-0.459052848440776595","0.64619621551918349222631832163"
"viper","LRRFIP1","LD_ALL","0.221295602799599894","0.82486227357444452668033818554"
"viper","LYL1","LD_ALL","-1.842746956687839166","0.06536596463535726542204429279"
"viper","MAF","LD_ALL","0.588168339104407467","0.55641930641132109069957323300"
"viper","MAFA","LD_ALL","1.969592397551060081","0.04888510364882768521876954537"
"viper","MAFB","LD_ALL","0.478422909435634591","0.63234923112364638253524162792"
"viper","MAFG","LD_ALL","0.240409024808374033","0.81001318255299448178874399673"
"viper","MAFK","LD_ALL","-1.417392020506176076","0.15636834434853952302546531428"
"viper","MAML1","LD_ALL","1.598847334957749222","0.10985452842220939928541412201"
"viper","MAX","LD_ALL","-0.844522814658700161","0.39837731997721903542952759381"
"viper","MAZ","LD_ALL","-1.017979273070771074","0.30868780626915781617469747289"
"viper","MBD1","LD_ALL","0.154624699625579204","0.87711719669802912235923031403"
"viper","MBD2","LD_ALL","0.329863026886006883","0.74150346152776291930308616429"
"viper","MECOM","LD_ALL","-0.637657957412914200","0.52369635902701461294128648660"
"viper","MECP2","LD_ALL","1.506789707836985848","0.13186456851932384926051611274"
"viper","MED1","LD_ALL","1.451568890199170125","0.14662151415820928734845551844"
"viper","MEF2A","LD_ALL","0.644570681881529217","0.51920543926110684918029392065"
"viper","MEF2B","LD_ALL","1.195310934016906801","0.23196556937645460005903430556"
"viper","MEF2C","LD_ALL","-0.103111701823135254","0.91787431781723261003946845449"
"viper","MEF2D","LD_ALL","0.920556283251449559","0.35728213523150159636188050172"
"viper","MEIS1","LD_ALL","1.275459618961394925","0.20214660821179286642745864810"
"viper","MEIS2","LD_ALL","-0.303109003710694047","0.76180679276651652731544572816"
"viper","MEOX1","LD_ALL","1.577019149450990199","0.11479111891887118501731634979"
"viper","MEOX2","LD_ALL","0.600318059279856819","0.54829428537372293384066779254"
"viper","MITF","LD_ALL","0.661469715660081059","0.50831112985680770854912680079"
"viper","MKX","LD_ALL","0.633786296549937789","0.52622029743633569331962007709"
"viper","MLXIPL","LD_ALL","1.449576430443612951","0.14717667258187364098809268853"
"viper","MNT","LD_ALL","-0.389545583178883326","0.69687259765126108312927044608"
"viper","MSC","LD_ALL","-0.829366049307752817","0.40689730667269385921969160336"
"viper","MSX1","LD_ALL","0.464561850486350680","0.64224525733294335338996461360"
"viper","MSX2","LD_ALL","-0.797442342810147364","0.42519417598813280534386649379"
"viper","MTA1","LD_ALL","-0.599351490183667845","0.54893851841834773175321515737"
"viper","MTA3","LD_ALL","-0.192942988787856429","0.84700361734306561789509260052"
"viper","MTF1","LD_ALL","1.204038480380977383","0.22857470586477504626010670563"
"viper","MTF2","LD_ALL","-0.432265524323428907","0.66554844104475929800202038678"
"viper","MXD1","LD_ALL","0.360262452537562339","0.71865087526354143321327683225"
"viper","MXI1","LD_ALL","-1.769031509543000702","0.07688861637567294404771445215"
"viper","MYB","LD_ALL","-0.648584265117813752","0.51660712867413738358379760029"
"viper","MYBL1","LD_ALL","-0.357498860040497080","0.72071837944441330403577694597"
"viper","MYBL2","LD_ALL","-0.682577540283546669","0.49487383021027991913953769654"
"viper","MYC","LD_ALL","-3.071563363240316313","0.00212940963580930241877409159"
"viper","MYCN","LD_ALL","0.135509304702604222","0.89220920802546344052785798340"
"viper","MYF5","LD_ALL","1.123698519712287958","0.26114094461906989241839482929"
"viper","MYF6","LD_ALL","0.509091692538306329","0.61068795457377511581853468670"
"viper","MYOD1","LD_ALL","0.217514341575509335","0.82780753157781650219959601600"
"viper","MYOG","LD_ALL","1.032901016332150590","0.30165022311906986018925636017"
"viper","MYRF","LD_ALL","1.063809099194126473","0.28741518844995339598824557470"
"viper","MYT1","LD_ALL","-1.423919590783067735","0.15446975002259899500955953044"
"viper","MZF1","LD_ALL","2.327002628788640504","0.01996512533626472810088792187"
"viper","NAB2","LD_ALL","0.886942333820852413","0.37510994805410946550949802258"
"viper","NANOG","LD_ALL","-1.252985977855498367","0.21021080980979839347710935726"
"viper","NCOA1","LD_ALL","-0.279272273456172559","0.78003588268803836225373515845"
"viper","NCOA2","LD_ALL","1.142874160438295705","0.25309084231012451970954657554"
"viper","NCOA3","LD_ALL","-0.749591759895515852","0.45350061514495060288609806776"
"viper","NCOR1","LD_ALL","1.163801887384942502","0.24450430711127868477205993258"
"viper","NCOR2","LD_ALL","1.586177179746355748","0.11269912290786254782659625562"
"viper","NEUROD1","LD_ALL","0.538720272455140980","0.59007988339248640397016743009"
"viper","NEUROD2","LD_ALL","-0.250138776352554937","0.80248002971437548680455620342"
"viper","NEUROD6","LD_ALL","-2.220153215834916871","0.02640836885842811829205878382"
"viper","NEUROG1","LD_ALL","-0.489443784026020290","0.62452754463983417565486888634"
"viper","NEUROG2","LD_ALL","0.064975343666950375","0.94819363166429682099334286249"
"viper","NEUROG3","LD_ALL","-0.171312005454144545","0.86397844102164067514593170927"
"viper","NFAT5","LD_ALL","-0.591120845900994896","0.55443945339306011099722582003"
"viper","NFATC1","LD_ALL","1.975066769905128972","0.04826057127216900471955440821"
"viper","NFATC2","LD_ALL","0.859472803197785185","0.39007971849692196775194474867"
"viper","NFATC3","LD_ALL","0.358762220752932681","0.71977297716568822139038275054"
"viper","NFATC4","LD_ALL","0.887462480128156983","0.37482995782075406721034482871"
"viper","NFE2","LD_ALL","0.541143166046322510","0.58840890742388740619617237826"
"viper","NFE2L1","LD_ALL","-0.176687870788605594","0.85975356868602637039344926961"
"viper","NFE2L2","LD_ALL","0.814050085285360048","0.41561625898823512104129918043"
"viper","NFE2L3","LD_ALL","-0.304776019992359759","0.76053674642679525152999531201"
"viper","NFIA","LD_ALL","0.657958287812980380","0.51056493468766062093777691189"
"viper","NFIB","LD_ALL","1.322797742396069287","0.18590264821584603915916034111"
"viper","NFIC","LD_ALL","1.000522570370196762","0.31705768047804872011852239666"
"viper","NFIL3","LD_ALL","1.250359270763891528","0.21116833584865668527186244319"
"viper","NFIX","LD_ALL","0.760666809560828105","0.44685610392812646907145790465"
"viper","NFKB1","LD_ALL","1.636697549907175864","0.10169368117597900325055348958"
"viper","NFKB1_NFKB2","LD_ALL","1.140214458731136915","0.25419696519860307537541643796"
"viper","NFKB1_REL","LD_ALL","1.140214458731136915","0.25419696519860307537541643796"
"viper","NFKB1_RELA","LD_ALL","1.140214458731136915","0.25419696519860307537541643796"
"viper","NFKB1_RELB","LD_ALL","1.140214458731136915","0.25419696519860307537541643796"
"viper","NFKB2","LD_ALL","1.270797508695025613","0.20380069527319905064999261413"
"viper","NFKB2_REL","LD_ALL","1.140214458731136915","0.25419696519860307537541643796"
"viper","NFKB2_RELA","LD_ALL","1.140214458731136915","0.25419696519860307537541643796"
"viper","NFKB2_RELB","LD_ALL","1.140214458731136915","0.25419696519860307537541643796"
"viper","NFKBIB","LD_ALL","0.943402757917127910","0.34547493305111504069415673257"
"viper","NFX1","LD_ALL","-0.157875751366740702","0.87455470601673535036013618083"
"viper","NFYA","LD_ALL","-0.665375831696368158","0.50581013913446293273068476992"
"viper","NFYB","LD_ALL","-0.222597975072630294","0.82384841257079166609855747083"
"viper","NFYC","LD_ALL","0.610772798788469795","0.54135000365332852645394723368"
"viper","NKRF","LD_ALL","0.317553846416061603","0.75082338840996210027611823534"
"viper","NKX2-1","LD_ALL","-0.450792979529065441","0.65213876163918993444923444258"
"viper","NKX2-2","LD_ALL","0.371512841999812826","0.71025559276064920144477810027"
"viper","NKX2-5","LD_ALL","0.086846119076929712","0.93079382835977952925787803906"
"viper","NKX3-1","LD_ALL","1.458008001912850959","0.14483833741185525578742954167"
"viper","NKX3-2","LD_ALL","-0.679930397872546943","0.49654853302987839169801986827"
"viper","NKX6-1","LD_ALL","1.440392819900358612","0.14975629391949157875885134672"
"viper","NONO","LD_ALL","-0.590963769659882399","0.55454469665401195932474820438"
"viper","NOTCH1","LD_ALL","1.780506073891428231","0.07499317619073830876175179583"
"viper","NOTO","LD_ALL","-0.548972928497420631","0.58302402818096776826450877707"
"viper","NPAS2","LD_ALL","0.527037452239631943","0.59816758056407692834000044968"
"viper","NPM1","LD_ALL","0.187528675834614467","0.85124614241630913724634410755"
"viper","NR0B1","LD_ALL","-0.930384540649283776","0.35217201990550750512198874276"
"viper","NR0B2","LD_ALL","0.908649620061256935","0.36353510539677341695252721365"
"viper","NR1D1","LD_ALL","1.738996663102634122","0.08203534987811206269370245536"
"viper","NR1H2","LD_ALL","0.895173012586284123","0.37069460884052529703325262744"
"viper","NR1H3","LD_ALL","1.507159350079346094","0.13176981697294373740980688581"
"viper","NR1H4","LD_ALL","1.605705892765645570","0.10833854593814275235619248861"
"viper","NR1I2","LD_ALL","1.577358594068229536","0.11471303711152378013160557657"
"viper","NR1I3","LD_ALL","1.559314394110143276","0.11892198652577258555229633430"
"viper","NR2C1","LD_ALL","-1.805215604416725794","0.07104095003491427140485114933"
"viper","NR2C2","LD_ALL","1.908226650500914445","0.05636192851903948364267193938"
"viper","NR2E1","LD_ALL","-0.399402178399119900","0.68959688909350536079045923543"
"viper","NR2E3","LD_ALL","1.628688508754419173","0.10337897661444900299088089923"
"viper","NR2F1","LD_ALL","-0.152111501537330857","0.87909899285622161713149580464"
"viper","NR2F2","LD_ALL","1.368093929077351723","0.17128267676241251682434096892"
"viper","NR2F6","LD_ALL","0.456245505085407399","0.64821344618700449391468509930"
"viper","NR3C1","LD_ALL","1.158897048856954770","0.24649815199293537149038968437"
"viper","NR3C2","LD_ALL","1.150784501227054557","0.24982090250573260603594860640"
"viper","NR4A1","LD_ALL","0.899248998679801015","0.36852004649987313289472012912"
"viper","NR4A2","LD_ALL","0.166509029341418757","0.86775637797614357804576457056"
"viper","NR4A3","LD_ALL","1.077071324001873664","0.28144840290983791364354260622"
"viper","NR5A1","LD_ALL","0.108904345824898302","0.91327835967988157950259164863"
"viper","NR5A2","LD_ALL","0.506161191276099043","0.61274349658814319941058101904"
"viper","NR6A1","LD_ALL","0.938164541988562029","0.34815985738539728666651740241"
"viper","NRF1","LD_ALL","-0.370928132402291333","0.71069106089332134690295106338"
"viper","NRG1","LD_ALL","1.206950546769563370","0.22745118967269351006876831889"
"viper","NRL","LD_ALL","0.393043358052764413","0.69428745794811008718028233488"
"viper","NSD2","LD_ALL","1.271786119590716302","0.20344912203230558489508439379"
"viper","NUPR1","LD_ALL","1.213875074684110045","0.22479543232086779402933984784"
"viper","OLIG1","LD_ALL","0.394342102002987804","0.69332848344327024925348723627"
"viper","OLIG2","LD_ALL","-1.146782426909966235","0.25147155381518798700213324082"
"viper","ONECUT1","LD_ALL","1.823742911566859748","0.06819094816672480185992810675"
"viper","OTX2","LD_ALL","0.379941901377390368","0.70398854268605604023179012074"
"viper","OVOL1","LD_ALL","0.522109263170553395","0.60159425727254722815473542141"
"viper","PARK7","LD_ALL","-1.025287845119623453","0.30522738930153875402950802709"
"viper","PATZ1","LD_ALL","-0.950840637465721339","0.34168528005854331697221937247"
"viper","PAWR","LD_ALL","0.005213602933627124","0.99584016555830878747457290956"
"viper","PAX2","LD_ALL","1.114318647985272248","0.26514250969756353315531782755"
"viper","PAX3","LD_ALL","0.044657598079023586","0.96438023178714549210610584851"
"viper","PAX5","LD_ALL","0.490696937841133551","0.62364081261453097049241023342"
"viper","PAX6","LD_ALL","1.894517526848259914","0.05815635020194421384021055133"
"viper","PAX7","LD_ALL","0.548354298876358337","0.58344865023933456527061025554"
"viper","PAX8","LD_ALL","-0.336191202265427591","0.73672668678276509446334330278"
"viper","PAX9","LD_ALL","-0.511493660560653596","0.60900542632470910930919671955"
"viper","PBRM1","LD_ALL","0.831050506335449413","0.40594509793748045911598865132"
"viper","PBX1","LD_ALL","1.921509758798097600","0.05466747326248617977473287510"
"viper","PDX1","LD_ALL","0.683256180481565334","0.49444497815270932461473307740"
"viper","PEG3","LD_ALL","-0.073243937229677133","0.94161200340441331135821201315"
"viper","PGR","LD_ALL","1.514658409213124779","0.12985893214440114018515259886"
"viper","PHF20","LD_ALL","-0.767951075574876851","0.44251625156556956275366587761"
"viper","PHOX2A","LD_ALL","1.377196257250472344","0.16845157869041857412462093180"
"viper","PHOX2B","LD_ALL","1.823153094330129731","0.06828020697357506385571923602"
"viper","PIN1","LD_ALL","0.969721128596829018","0.33218551585804889647590698587"
"viper","PITX1","LD_ALL","0.645340265603556618","0.51870670440736588169272636151"
"viper","PITX2","LD_ALL","0.939093265603004657","0.34768286156936206721113080675"
"viper","PITX3","LD_ALL","1.202751328913778117","0.22907256437509343482972212769"
"viper","PKNOX1","LD_ALL","0.469492549242792545","0.63871760931079335499305216217"
"viper","PLAG1","LD_ALL","0.720658410933329163","0.47111970638876848882503622917"
"viper","PLAGL1","LD_ALL","-0.342792106210379366","0.73175486489244190302372317092"
"viper","PLAGL2","LD_ALL","1.030564823236953975","0.30274493912607602918996008157"
"viper","PML","LD_ALL","0.975725560803611947","0.32920048193432505101441165607"
"viper","POU1F1","LD_ALL","-0.579241627256043667","0.56242614639777255280961298922"
"viper","POU2F1","LD_ALL","0.704163447399542508","0.48133099150078850758660564679"
"viper","POU2F2","LD_ALL","0.499259088899982550","0.61759687226622528299913028604"
"viper","POU2F3","LD_ALL","-0.973540254086544321","0.33028486386755645520807433968"
"viper","POU3F1","LD_ALL","-0.871256047283463952","0.38361436344520344343678175392"
"viper","POU3F2","LD_ALL","1.524340141661473025","0.12742376452295950395310342174"
"viper","POU4F1","LD_ALL","-0.658169914056625505","0.51042895490974149463880848998"
"viper","POU4F2","LD_ALL","0.281190404138817296","0.77856436425772268528078257077"
"viper","POU5F1","LD_ALL","-0.416689373388974160","0.67690562811685595079325139523"
"viper","PPARA","LD_ALL","2.868007826833650853","0.00413065314738319221132822889"
"viper","PPARD","LD_ALL","1.275193671792178796","0.20224070061385318597402260821"
"viper","PPARG","LD_ALL","1.021660092345683113","0.30694180543741239608479531853"
"viper","PPARGC1A","LD_ALL","-0.914119838251158612","0.36065387945440652295303607389"
"viper","PRDM1","LD_ALL","-1.701385733104657350","0.08887057853660561279607321694"
"viper","PRDM2","LD_ALL","-0.109865453679844113","0.91251608061475164568321361003"
"viper","PRDM4","LD_ALL","0.008247738157655917","0.99341933167107598912082266907"
"viper","PREB","LD_ALL","-0.065947200308623596","0.94741986193288008077928452622"
"viper","PROP1","LD_ALL","0.725539938482630653","0.46812085255975321995691729171"
"viper","PROX1","LD_ALL","-0.168832183209816356","0.86592864314817208359897904302"
"viper","PRRX1","LD_ALL","0.952288955029632289","0.34095045774525500892337959158"
"viper","PTF1A","LD_ALL","-0.817348083162254824","0.41372953576877080639206951673"
"viper","PURA","LD_ALL","2.027543933498996420","0.04260681619658661378746700166"
"viper","RARA","LD_ALL","1.854611153800740819","0.06365177419824252780244933092"
"viper","RARB","LD_ALL","-0.681008949951657727","0.49586582732147399532607323636"
"viper","RARG","LD_ALL","2.220056754308675551","0.02641491528810514799463504687"
"viper","RB1","LD_ALL","-0.528376086001936529","0.59723833208835452879270633275"
"viper","RBPJ","LD_ALL","1.253597243006880246","0.20998843382959278547339465604"
"viper","RCOR2","LD_ALL","-0.110202106874886199","0.91224909140840115817638888984"
"viper","REL","LD_ALL","1.275742387461287208","0.20204659940689931318935634863"
"viper","REL_RELA","LD_ALL","1.140214458731136915","0.25419696519860307537541643796"
"viper","REL_RELB","LD_ALL","1.140214458731136915","0.25419696519860307537541643796"
"viper","RELA","LD_ALL","1.832550153020458428","0.06686949684234529123205703627"
"viper","RELA_RELB","LD_ALL","1.140214458731136915","0.25419696519860307537541643796"
"viper","RELB","LD_ALL","0.980771081034784165","0.32670564223173359508223256853"
"viper","REST","LD_ALL","-0.583272657901476976","0.55970976574270459025228774408"
"viper","RFX1","LD_ALL","-0.581458390662195179","0.56093155381168469109098850822"
"viper","RFX5","LD_ALL","-0.502631381112596420","0.61522346183069265279641513189"
"viper","RFXANK","LD_ALL","-0.264114144712366328","0.79169196486747794860860949484"
"viper","RFXAP","LD_ALL","-0.328499970739027924","0.74253366640694773437303410901"
"viper","RORA","LD_ALL","2.131607423651864508","0.03303913296066386673377479610"
"viper","RORC","LD_ALL","1.979232326362080796","0.04778985489944786307914270651"
"viper","RREB1","LD_ALL","0.979372307336929371","0.32739605496499873948934578038"
"viper","RUNX1","LD_ALL","1.456199634490106032","0.14533744055432842867681131338"
"viper","RUNX2","LD_ALL","2.293484590912024945","0.02182012149427454625327804649"
"viper","RUNX3","LD_ALL","0.451229015359943253","0.65182449946033615972851293918"
"viper","RXRA","LD_ALL","2.019680097402388963","0.04341658084418893032152553246"
"viper","RXRB","LD_ALL","0.322454692143798849","0.74710825655318280347216841619"
"viper","RXRG","LD_ALL","1.811227763411066949","0.07010560224003591078822950067"
"viper","SALL1","LD_ALL","-0.715939712520125893","0.47402857563035716292887400414"
"viper","SALL2","LD_ALL","0.330220922298906649","0.74123303901686021788464131532"
"viper","SALL3","LD_ALL","-0.604094805110111821","0.54578061314705217377252211008"
"viper","SALL4","LD_ALL","-0.882789067903537950","0.37735024815358314542734774477"
"viper","SATB1","LD_ALL","0.738312845947832752","0.46032436208814425659952007663"
"viper","SATB2","LD_ALL","0.456566095246440151","0.64798295351568391264862611933"
"viper","SCX","LD_ALL","-1.013646776362947088","0.31075132903837765496746214922"
"viper","SETBP1","LD_ALL","1.038485945608004446","0.29904387509311392001620788506"
"viper","SF1","LD_ALL","-0.510223346366832531","0.60989499787082146475825084053"
"viper","SFPQ","LD_ALL","-0.845472046172376923","0.39784733374345732093146921216"
"viper","SIM2","LD_ALL","0.470186116727786096","0.63822205216430250018788683519"
"viper","SIN3A","LD_ALL","2.752620414952536620","0.00591204001279755850251085292"
"viper","SIRT1","LD_ALL","1.353906746082589763","0.17576613101027027674660985213"
"viper","SIX1","LD_ALL","0.720780948773307895","0.47104429863546692924813896752"
"viper","SIX3","LD_ALL","0.628382294829372690","0.52975353271067182614473267677"
"viper","SKIL","LD_ALL","1.855215398566232743","0.06356547361036123111599493996"
"viper","SMAD1","LD_ALL","2.085352768147005431","0.03703729081929233585279703789"
"viper","SMAD2","LD_ALL","1.593544568403574724","0.11103807840073157131577374912"
"viper","SMAD3","LD_ALL","1.877734139850836037","0.06041754390585223066789666291"
"viper","SMAD4","LD_ALL","2.734396686878015181","0.00624947037007944888181709686"
"viper","SMAD5","LD_ALL","0.414648522060265645","0.67839922198160285127244151226"
"viper","SMAD6","LD_ALL","0.493676741066047198","0.62153449400051630213681619352"
"viper","SMAD7","LD_ALL","1.274458468039102454","0.20250098259417675938820480042"
"viper","SMARCA1","LD_ALL","-0.344655591700670616","0.73035330737425407932050802629"
"viper","SMARCA4","LD_ALL","0.175547595863043304","0.86064937528646434650170249370"
"viper","SMARCA5","LD_ALL","0.013696672235146477","0.98907197837094684711445324865"
"viper","SMARCB1","LD_ALL","0.305983080747760872","0.75961752796301840184867160133"
"viper","SMARCC1","LD_ALL","0.047416166544312917","0.96218154447306303289622064767"
"viper","SNAI1","LD_ALL","0.833578375814556294","0.40451861526319238260285260367"
"viper","SNAI2","LD_ALL","1.486556245482451244","0.13713205123645436089852012174"
"viper","SOX10","LD_ALL","1.649301980948496116","0.09908578403244755472556448694"
"viper","SOX11","LD_ALL","-0.025785655869800323","0.97942830300362448969764272988"
"viper","SOX17","LD_ALL","-0.568081770551044585","0.56997944531295874348586494307"
"viper","SOX2","LD_ALL","0.796105398275815168","0.42597077675972216947997139869"
"viper","SOX3","LD_ALL","-0.569237577815733919","0.56919492222142376025573184961"
"viper","SOX4","LD_ALL","0.095448566737118060","0.92395854145645039956491473276"
"viper","SOX5","LD_ALL","1.224207649439823298","0.22087390425441955077445754796"
"viper","SOX6","LD_ALL","-0.883299158267398687","0.37707465847541876691195739113"
"viper","SOX9","LD_ALL","2.762974520589251970","0.00572772374723241363414505400"
"viper","SP1","LD_ALL","0.673324188901052945","0.50074106723964062481968539942"
"viper","SP2","LD_ALL","0.127665721852264269","0.89841351806188374240491611999"
"viper","SP3","LD_ALL","1.408494913524366510","0.15898457206907992689259856434"
"viper","SP4","LD_ALL","-0.249753446847823773","0.80277802299466860525001266069"
"viper","SP7","LD_ALL","0.714352332313899052","0.47500933971555486801108258987"
"viper","SPDEF","LD_ALL","-0.146306457314623412","0.88367946851287459963941728347"
"viper","SPI1","LD_ALL","3.585565449839994034","0.00033634863211001898982907554"
"viper","SPIB","LD_ALL","0.784241551547922633","0.43289838810025937920755723098"
"viper","SREBF1","LD_ALL","1.281443522358327369","0.20003792542343318272557439741"
"viper","SREBF2","LD_ALL","0.443116662019947039","0.65768135395220950201178311545"
"viper","SRF","LD_ALL","1.333393990308466170","0.18240254354626678212625279230"
"viper","SRSF2","LD_ALL","-2.191361327459214081","0.02842565531996818148363637135"
"viper","SRY","LD_ALL","1.185415136072865083","0.23585335010491637053320346240"
"viper","SSRP1","LD_ALL","0.401112340775871545","0.68833741539857862257179021981"
"viper","STAT1","LD_ALL","3.994373923433285789","0.00006486542597847201575226445"
"viper","STAT2","LD_ALL","2.609007738580698010","0.00908051888199122927969320074"
"viper","STAT3","LD_ALL","1.320562090243001752","0.18664742023564412365388420767"
"viper","STAT4","LD_ALL","0.283942249271272762","0.77645463814119142220704361534"
"viper","STAT5A","LD_ALL","1.431269249368436247","0.15235306344545090917463880942"
"viper","STAT5B","LD_ALL","-0.202064026239508310","0.83986667064385311931573596667"
"viper","STAT6","LD_ALL","1.698445733074144481","0.08942366671800444644091498958"
"viper","STOX1","LD_ALL","-3.096227580338443808","0.00195999867662744299903754275"
"viper","TADA2A","LD_ALL","-2.067133800861810755","0.03872154788739017028387223718"
"viper","TAF1","LD_ALL","-1.137906071693860266","0.25515970567144380387603064264"
"viper","TAL1","LD_ALL","0.836605481083935842","0.40281436365726358550531926994"
"viper","TBP","LD_ALL","-1.680591743266678373","0.09284224068764583559509873112"
"viper","TBPL1","LD_ALL","-0.687617651557588805","0.49169358950391084395192820011"
"viper","TBPL2","LD_ALL","-0.310682368413695897","0.75604210236677360512658196967"
"viper","TBX1","LD_ALL","0.196886244411618005","0.84391655835845147404228328014"
"viper","TBX15","LD_ALL","0.522539992572840784","0.60129440881986218059296334104"
"viper","TBX18","LD_ALL","0.885844564808154322","0.37570129162817628154513727168"
"viper","TBX2","LD_ALL","1.235670885232003524","0.21658092403818890447908529495"
"viper","TBX21","LD_ALL","0.195805503773420070","0.84476240207524511127701316582"
"viper","TBX3","LD_ALL","-0.144465014642332107","0.88513328088520981662412623336"
"viper","TBX5","LD_ALL","1.367280547992181905","0.17153738639975837920736978504"
"viper","TBX6","LD_ALL","-0.087149484502308042","0.93055269203465296179444976588"
"viper","TBXT","LD_ALL","-0.249968398820969773","0.80261178706745250899246002518"
"viper","TCF12","LD_ALL","-0.371881437984394769","0.70998112593167794770465661713"
"viper","TCF15","LD_ALL","1.445628891960636819","0.14828131849402667596926619353"
"viper","TCF21","LD_ALL","1.181285743692472856","0.23748922877477310344751515458"
"viper","TCF3","LD_ALL","0.394444582932477750","0.69325283383059943531634417013"
"viper","TCF4","LD_ALL","1.749379433104294224","0.08022545358257379688460275702"
"viper","TCF7","LD_ALL","-0.205089796717799255","0.83750196804063370414894507121"
"viper","TCF7L2","LD_ALL","0.338544573523025472","0.73495284308140362838912551524"
"viper","TEAD1","LD_ALL","1.412060535949166695","0.15793213744201206605310972009"
"viper","TEAD2","LD_ALL","-1.389579988085719808","0.16465645607952214546365610204"
"viper","TEAD4","LD_ALL","1.845337718029623097","0.06498842697978848836903864594"
"viper","TEF","LD_ALL","0.975659861062984635","0.32923304945495074358419174132"
"viper","TET1","LD_ALL","1.297877579288111871","0.19432940559239289535220507332"
"viper","TFAM","LD_ALL","-0.661066490824456787","0.50856967367848504579797008773"
"viper","TFAP2A","LD_ALL","1.707047802859419816","0.08781316771232551554593470655"
"viper","TFAP2B","LD_ALL","-0.342634877501003354","0.73187316017232473264186864981"
"viper","TFAP2C","LD_ALL","1.900068847750195689","0.05742408522047359048512404911"
"viper","TFAP4","LD_ALL","0.291547230103249511","0.77063282747312300546838059745"
"viper","TFCP2","LD_ALL","0.292108171379686532","0.77020391916789199271420329751"
"viper","TFDP1","LD_ALL","-3.101677957146180109","0.00192427173079219148571494813"
"viper","TFDP2","LD_ALL","-1.492552453257430578","0.13555437721313723375970994312"
"viper","TFDP3","LD_ALL","-0.386679097633650715","0.69899379240467640617140432369"
"viper","TFE3","LD_ALL","2.561609361056363721","0.01041884334383848774441272411"
"viper","TFEB","LD_ALL","0.681791815383647970","0.49537060033694679805904570458"
"viper","TGFB1I1","LD_ALL","0.859400152742356260","0.39011978548583958747997257888"
"viper","TGIF1","LD_ALL","1.198351918144260342","0.23078004253008735369157022888"
"viper","THAP11","LD_ALL","-0.041846075219874754","0.96662140444583799503419641042"
"viper","THRA","LD_ALL","0.258639890604071276","0.79591310194680531253652588930"
"viper","THRB","LD_ALL","0.613879805038737514","0.53929475613408839329565580556"
"viper","TLX1","LD_ALL","1.093604933986457084","0.27412828434708669256281154958"
"viper","TLX3","LD_ALL","1.073060310893649172","0.28324405699910804035113187638"
"viper","TOX3","LD_ALL","-0.005789583497420022","0.99538060652039894726783586520"
"viper","TP53","LD_ALL","-0.983159661674668728","0.32552886451036150416982195566"
"viper","TP63","LD_ALL","1.373507261082032915","0.16959470547597968459463402269"
"viper","TP73","LD_ALL","-0.975970672153211205","0.32907899806764046024554204450"
"viper","TRERF1","LD_ALL","0.463080099564597669","0.64330695380155999973936786773"
"viper","TRIM28","LD_ALL","-0.857787531308234708","0.39100979600319757389925712232"
"viper","TRPS1","LD_ALL","3.129061343589649713","0.00175365693484935735238505750"
"viper","TSC22D1","LD_ALL","1.411315294764310613","0.15815166662794419294435499523"
"viper","TTF1","LD_ALL","1.236751434638901692","0.21617937705008213877810874237"
"viper","TWIST1","LD_ALL","2.115508660969716903","0.03438661754318832891597068624"
"viper","TWIST2","LD_ALL","1.521556765040488868","0.12812017772061434772723487185"
"viper","UBTF","LD_ALL","-0.515148366557399817","0.60644934677873441053463920980"
"viper","USF1","LD_ALL","2.127982889259375732","0.03333850228041079777341337831"
"viper","USF2","LD_ALL","1.325004856564689915","0.18516954052435971589396501713"
"viper","VDR","LD_ALL","2.024180714342893150","0.04295156116064598184056677610"
"viper","VEZF1","LD_ALL","-0.836433125164883329","0.40291128386218855172984376622"
"viper","VHL","LD_ALL","0.782137143288242354","0.43413397998588287851617906199"
"viper","VSX2","LD_ALL","-0.049281251014360795","0.96069516088405004783368212884"
"viper","WT1","LD_ALL","1.275099957704462161","0.20227386436594846363945521261"
"viper","WWTR1","LD_ALL","-0.623497501843716884","0.53295764338626239187135524844"
"viper","XBP1","LD_ALL","1.205421759997021169","0.22804052533950999737122344868"
"viper","YAP1","LD_ALL","-1.465171205493670747","0.14287421349870071951571048885"
"viper","YBX1","LD_ALL","-0.344502293034168294","0.73046857186532621053487446261"
"viper","YBX3","LD_ALL","1.214959515276599511","0.22438153267733917939352750182"
"viper","YY1","LD_ALL","0.004583567404778804","0.99634285513987985716255479929"
"viper","ZBED1","LD_ALL","-0.872792419780719197","0.38277623204746596963232718736"
"viper","ZBTB14","LD_ALL","0.651503981668657306","0.51472120766420181858791238483"
"viper","ZBTB16","LD_ALL","-0.233811844827777893","0.81513105358629689423111130964"
"viper","ZBTB17","LD_ALL","0.292287147439399875","0.77006708483264685316527220493"
"viper","ZBTB18","LD_ALL","0.195047616113488392","0.84535567113526099980447270354"
"viper","ZBTB33","LD_ALL","-0.250963541988995009","0.80184229655647798473694365384"
"viper","ZBTB4","LD_ALL","-0.575963502183150844","0.56463985148637940714166916223"
"viper","ZBTB7A","LD_ALL","0.035444268532031899","0.97172548568727368234476671205"
"viper","ZBTB7B","LD_ALL","-1.307062352526065396","0.19119153592655438456127114932"
"viper","ZEB1","LD_ALL","0.943043489835730053","0.34565865850974697437436589098"
"viper","ZEB2","LD_ALL","0.527707537310591834","0.59770234101342267774015226678"
"viper","ZFP42","LD_ALL","-0.514482738925203020","0.60691452542181578699853616854"
"viper","ZFPM1","LD_ALL","0.517780222940242285","0.60461161846265132346900372795"
"viper","ZFPM2","LD_ALL","0.236976408642392888","0.81267509220344302800498326178"
"viper","ZFX","LD_ALL","2.052109825756339934","0.04015899024913097137279294202"
"viper","ZGLP1","LD_ALL","2.194844973231133256","0.02817472017485982832551982824"
"viper","ZGPAT","LD_ALL","1.234290841820757212","0.21709454730741445382946608333"
"viper","ZHX2","LD_ALL","-0.034213578408934159","0.97270683887602649164705326257"
"viper","ZIC1","LD_ALL","-0.040649449849075009","0.96757536143144973195262537047"
"viper","ZIC2","LD_ALL","0.527815958442281463","0.59762707976090756467613118730"
"viper","ZKSCAN7","LD_ALL","-0.902991486862456005","0.36653041315812256994988160841"
"viper","ZMYND8","LD_ALL","0.835973619133840606","0.40316974430900265335964149926"
"viper","ZNF143","LD_ALL","-1.803279517631469764","0.07134432770424656289343090521"
"viper","ZNF148","LD_ALL","0.748208783191799620","0.45433423400101008438056737759"
"viper","ZNF160","LD_ALL","0.549525014726155669","0.58264520268447561601732331837"
"viper","ZNF202","LD_ALL","0.144774579671552883","0.88488885322883059636467351083"
"viper","ZNF236","LD_ALL","1.523393811416047461","0.12766020938053165845182945759"
"viper","ZNF24","LD_ALL","-0.419911589081673309","0.67455004131219398200158821055"
"viper","ZNF263","LD_ALL","0.174796757859433216","0.86123933597184565424953461843"
"viper","ZNF300","LD_ALL","-0.478694304439672924","0.63215611825801965029114626304"
"viper","ZNF331","LD_ALL","-3.785516331270948776","0.00015338975968152331334944105"
"viper","ZNF335","LD_ALL","0.187804512402327928","0.85102989832686537496897472010"
"viper","ZNF350","LD_ALL","-0.697358821417537911","0.48557826502809597890575332713"
"viper","ZNF354C","LD_ALL","2.806687783461674801","0.00500537291211510144972596237"
"viper","ZNF362","LD_ALL","0.720822400786458206","0.47101879126192941482642595474"
"viper","ZNF382","LD_ALL","1.216580745165429800","0.22376377237262723429722655055"
"viper","ZNF384","LD_ALL","-0.024141286080488905","0.98073991137866645129150811044"
"viper","ZNF395","LD_ALL","0.941781781313107969","0.34630437459061574889673806865"
"viper","ZNF436","LD_ALL","-0.339113882954808710","0.73452394036899826268438573607"
"viper","ZNF699","LD_ALL","0.232333154718334906","0.81627926311876575216075480057"
"viper","ZNF76","LD_ALL","-0.813685991776719741","0.41582486112376076947683145590"
"viper","ZNF804A","LD_ALL","-0.839492382433099871","0.40119306208332250474057900647"
"viper","ZNF91","LD_ALL","0.504794774082961473","0.61370298669023903848085410573"
