"statistic","source","condition","score","p_value","TF","Rank","Method","Method_Rank","Method_Score","Method_P_Value","Method_Adjusted_P_Value","Method_Direction","CheA3_Library_Count","CheA3_Libraries","CheA3_Integrated_TopRank","CheA3_Integrated_Score","CheA3_Integrated_Library"
"ora","HIF1A","MD_SW480","5.7539308072520629622","0.000001762256790657773","HIF1A","1","dorothea","1","5.7539308072520629622","0.000001762256790657773",NA,"","5","Literature--ChIP-seq(rank=43); GTEx--Coexpression(rank=77); ReMap--ChIP-seq(rank=92); ARCHS4--Coexpression(rank=134); Enrichr--Queries(rank=927)","205","0.04792000000000000","GTEx Coexpression,0.04792"
"ora","RUNX2","MD_SW480","5.0345764544558173625","0.000009234716034989397","RUNX2","2","dorothea","2","5.0345764544558173625","0.000009234716034989397",NA,"","5","ReMap--ChIP-seq(rank=5); Literature--ChIP-seq(rank=12); GTEx--Coexpression(rank=26); Enrichr--Queries(rank=65); ARCHS4--Coexpression(rank=208)","72","0.01618000000000000","GTEx Coexpression,0.01618"
"ora","FOXP1","MD_SW480","4.9987075286862401313","0.000010029804579393653","FOXP1","3","dorothea","3","4.9987075286862401313","0.000010029804579393653",NA,"","5","GTEx--Coexpression(rank=60); Literature--ChIP-seq(rank=123); ReMap--ChIP-seq(rank=210); ARCHS4--Coexpression(rank=503); Enrichr--Queries(rank=681)","165","0.03734000000000000","GTEx Coexpression,0.03734"
"ora","ATF4","MD_SW480","4.9604681042713432149","0.000010952969939040294","ATF4","4","dorothea","4","4.9604681042713432149","0.000010952969939040294",NA,"","4","ReMap--ChIP-seq(rank=8); GTEx--Coexpression(rank=105); Enrichr--Queries(rank=1175); ARCHS4--Coexpression(rank=1559)","118","0.02694000000000000","ReMap ChIP-seq,0.02694"
"ora","FOXO1","MD_SW480","4.8284967149727480162","0.000014842371068728964","FOXO1","5","dorothea","5","4.8284967149727480162","0.000014842371068728964",NA,"","5","Literature--ChIP-seq(rank=58); ReMap--ChIP-seq(rank=99); ARCHS4--Coexpression(rank=562); Enrichr--Queries(rank=591); GTEx--Coexpression(rank=717)","914","0.33329999999999999","ReMap ChIP-seq,0.3333"
"ora","TEAD1","MD_SW480","4.6571271991873528506","0.000022022813491121484","TEAD1","6","dorothea","6","4.6571271991873528506","0.000022022813491121484",NA,"","4","ReMap--ChIP-seq(rank=7); ARCHS4--Coexpression(rank=132); Enrichr--Queries(rank=219); GTEx--Coexpression(rank=547)","102","0.02357000000000000","ReMap ChIP-seq,0.02357"
"ora","WT1","MD_SW480","4.5274213846429098851","0.000029687840998170235","WT1","7","dorothea","7","4.5274213846429098851","0.000029687840998170235",NA,"","4","Literature--ChIP-seq(rank=4); Enrichr--Queries(rank=157); GTEx--Coexpression(rank=329); ARCHS4--Coexpression(rank=384)","105","0.02439000000000000","Literature ChIP-seq,0.02439"
"ora","SP3","MD_SW480","4.1628291930531231557","0.000068733871548024906","SP3","8","dorothea","8","4.1628291930531231557","0.000068733871548024906",NA,"","3","GTEx--Coexpression(rank=1013); Enrichr--Queries(rank=1266); ARCHS4--Coexpression(rank=1537)","1392","0.63039999999999996","GTEx Coexpression,0.6304"
"ora","MAFF","MD_SW480","4.1505845760302841896","0.000070699350487980308","MAFF","9","dorothea","9","4.1505845760302841896","0.000070699350487980308",NA,"","5","ENCODE--ChIP-seq(rank=67); ReMap--ChIP-seq(rank=144); Enrichr--Queries(rank=410); GTEx--Coexpression(rank=686); ARCHS4--Coexpression(rank=902)","834","0.29199999999999998","Enrichr Queries,0.292"
"ora","SP1","MD_SW480","4.0461084635979354118","0.000089927296306002922","SP1","10","dorothea","10","4.0461084635979354118","0.000089927296306002922",NA,"","5","ENCODE--ChIP-seq(rank=87); ReMap--ChIP-seq(rank=198); GTEx--Coexpression(rank=807); Enrichr--Queries(rank=1206); ARCHS4--Coexpression(rank=1417)","1201","0.50219999999999998","GTEx Coexpression,0.5022"
"ora","MEF2C","MD_SW480","3.8120840340710211436","0.000154140216955576481","MEF2C","11","dorothea","11","3.8120840340710211436","0.000154140216955576481",NA,"","5","ARCHS4--Coexpression(rank=40); ENCODE--ChIP-seq(rank=56); Enrichr--Queries(rank=74); ReMap--ChIP-seq(rank=220); GTEx--Coexpression(rank=690)","106","0.02457000000000000","ARCHS4 Coexpression,0.02457"
"ora","HHEX","MD_SW480","3.7604455161785041994","0.000173601903910996353","HHEX","12","dorothea","12","3.7604455161785041994","0.000173601903910996353",NA,"","4","ReMap--ChIP-seq(rank=25); ARCHS4--Coexpression(rank=265); GTEx--Coexpression(rank=278); Enrichr--Queries(rank=369)","325","0.08418000000000000","ReMap ChIP-seq,0.08418"
"ora","STAT1","MD_SW480","3.5026239064738118323","0.000314322951259542779","STAT1","13","dorothea","13","3.5026239064738118323","0.000314322951259542779",NA,"","6","ENCODE--ChIP-seq(rank=7); ReMap--ChIP-seq(rank=16); ARCHS4--Coexpression(rank=95); Literature--ChIP-seq(rank=136); Enrichr--Queries(rank=270); GTEx--Coexpression(rank=1038)","224","0.05387000000000000","ReMap ChIP-seq,0.05387"
"ora","JUN","MD_SW480","3.4786383445461583896","0.000332170955268311244","JUN","14","dorothea","14","3.4786383445461583896","0.000332170955268311244",NA,"","6","ENCODE--ChIP-seq(rank=9); ReMap--ChIP-seq(rank=43); Literature--ChIP-seq(rank=72); GTEx--Coexpression(rank=592); Enrichr--Queries(rank=649); ARCHS4--Coexpression(rank=917)","299","0.07627000000000000","ENCODE ChIP-seq,0.07627"
"ora","PRDM14","MD_SW480","3.3047983070479927115","0.000495680338834623741","PRDM14","15","dorothea","15","3.3047983070479927115","0.000495680338834623741",NA,"","5","ReMap--ChIP-seq(rank=6); Literature--ChIP-seq(rank=16); ARCHS4--Coexpression(rank=464); Enrichr--Queries(rank=533); GTEx--Coexpression(rank=964)","86","0.02020000000000000","ReMap ChIP-seq,0.0202"
"ora","MEIS2","MD_SW480","3.2977960801565799898","0.000503737079381527046","MEIS2","16","dorothea","16","3.2977960801565799898","0.000503737079381527046",NA,"","4","Enrichr--Queries(rank=32); ARCHS4--Coexpression(rank=66); GTEx--Coexpression(rank=75); ReMap--ChIP-seq(rank=174)","98","0.02279000000000000","Enrichr Queries,0.02279"
"ora","ASCL1","MD_SW480","3.1994553393758846660","0.000631749141799071100","ASCL1","17","dorothea","17","3.1994553393758846660","0.000631749141799071100",NA,"","4","ReMap--ChIP-seq(rank=119); Enrichr--Queries(rank=291); GTEx--Coexpression(rank=491); ARCHS4--Coexpression(rank=882)","651","0.20730000000000001","Enrichr Queries,0.2073"
"ora","NFKB1","MD_SW480","3.1610188879408713802","0.000690209785210837761","NFKB1","18","dorothea","18","3.1610188879408713802","0.000690209785210837761",NA,"","4","ReMap--ChIP-seq(rank=214); ARCHS4--Coexpression(rank=541); Enrichr--Queries(rank=837); GTEx--Coexpression(rank=923)","913","0.33229999999999998","ARCHS4 Coexpression,0.3323"
"ora","STAT2","MD_SW480","2.9644835956236548213","0.001085216540170464306","STAT2","19","dorothea","19","2.9644835956236548213","0.001085216540170464306",NA,"","5","ENCODE--ChIP-seq(rank=4); ReMap--ChIP-seq(rank=22); ARCHS4--Coexpression(rank=56); Enrichr--Queries(rank=346); GTEx--Coexpression(rank=1102)","149","0.03390000000000000","ENCODE ChIP-seq,0.0339"
"ora","EGR1","MD_SW480","2.9010999555962571073","0.001255740913793167417","EGR1","20","dorothea","20","2.9010999555962571073","0.001255740913793167417",NA,"","6","Literature--ChIP-seq(rank=36); ENCODE--ChIP-seq(rank=75); ReMap--ChIP-seq(rank=209); Enrichr--Queries(rank=402); GTEx--Coexpression(rank=678); ARCHS4--Coexpression(rank=866)","679","0.21950000000000000","Literature ChIP-seq,0.2195"
"ora","SPI1","MD_SW480","2.8662594326315553594","0.001360631644961048927","SPI1","21","dorothea","21","2.8662594326315553594","0.001360631644961048927",NA,"","6","ReMap--ChIP-seq(rank=34); ENCODE--ChIP-seq(rank=38); Literature--ChIP-seq(rank=98); GTEx--Coexpression(rank=233); ARCHS4--Coexpression(rank=288); Enrichr--Queries(rank=615)","414","0.11450000000000000","ReMap ChIP-seq,0.1145"
"ora","ZNF263","MD_SW480","2.8565786856721770981","0.001391301695332313381","ZNF263","22","dorothea","22","2.8565786856721770981","0.001391301695332313381",NA,"","6","ENCODE--ChIP-seq(rank=26); ReMap--ChIP-seq(rank=107); Literature--ChIP-seq(rank=124); Enrichr--Queries(rank=1114); GTEx--Coexpression(rank=1476); ARCHS4--Coexpression(rank=1622)","681","0.22030000000000000","ENCODE ChIP-seq,0.2203"
"ora","NR5A2","MD_SW480","2.8274036260793757869","0.001487977533279540455","NR5A2","23","dorothea","23","2.8274036260793757869","0.001487977533279540455",NA,"","4","ReMap--ChIP-seq(rank=53); Enrichr--Queries(rank=172); GTEx--Coexpression(rank=403); ARCHS4--Coexpression(rank=576)","443","0.12250000000000000","Enrichr Queries,0.1225"
"ora","TBX21","MD_SW480","2.5043225960139725572","0.003130959168920115741","TBX21","24","dorothea","24","2.5043225960139725572","0.003130959168920115741",NA,"","4","ReMap--ChIP-seq(rank=76); GTEx--Coexpression(rank=242); ARCHS4--Coexpression(rank=268); Enrichr--Queries(rank=525)","519","0.15060000000000001","GTEx Coexpression,0.1506"
"ora","REST","MD_SW480","2.5023476976407472705","0.003145229224615042531","REST","25","dorothea","25","2.5023476976407472705","0.003145229224615042531",NA,"","6","ENCODE--ChIP-seq(rank=2); Literature--ChIP-seq(rank=9); GTEx--Coexpression(rank=27); ReMap--ChIP-seq(rank=49); ARCHS4--Coexpression(rank=770); Enrichr--Queries(rank=1076)","75","0.01680000000000000","GTEx Coexpression,0.0168"
"ora","HNF4G","MD_SW480","2.4882282796427217519","0.003249164655771298940","HNF4G","26","dorothea","26","2.4882282796427217519","0.003249164655771298940",NA,"","5","ENCODE--ChIP-seq(rank=41); ReMap--ChIP-seq(rank=104); ARCHS4--Coexpression(rank=179); Enrichr--Queries(rank=247); GTEx--Coexpression(rank=383)","402","0.11000000000000000","ARCHS4 Coexpression,0.11"
"ora","MAFG","MD_SW480","2.4456912389693212795","0.003583511157651004825","MAFG","27","dorothea","27","2.4456912389693212795","0.003583511157651004825",NA,"","4","ReMap--ChIP-seq(rank=148); Enrichr--Queries(rank=857); GTEx--Coexpression(rank=898); ARCHS4--Coexpression(rank=1373)","1194","0.49830000000000002","ReMap ChIP-seq,0.4983"
"ora","AR","MD_SW480","2.4215900594885568786","0.003787999739906039443","AR","28","dorothea","28","2.4215900594885568786","0.003787999739906039443",NA,"","5","Literature--ChIP-seq(rank=26); ReMap--ChIP-seq(rank=39); Enrichr--Queries(rank=45); ARCHS4--Coexpression(rank=549); GTEx--Coexpression(rank=636)","141","0.03205000000000000","Enrichr Queries,0.03205"
"ora","MEF2A","MD_SW480","2.4139572751138684836","0.003855162819999900098","MEF2A","29","dorothea","29","2.4139572751138684836","0.003855162819999900098",NA,"","6","ENCODE--ChIP-seq(rank=51); Literature--ChIP-seq(rank=62); ReMap--ChIP-seq(rank=187); ARCHS4--Coexpression(rank=406); GTEx--Coexpression(rank=655); Enrichr--Queries(rank=776)","743","0.24940000000000001","ARCHS4 Coexpression,0.2494"
"ora","NFE2","MD_SW480","2.3663113233940680225","0.004302180986823541352","NFE2","30","dorothea","30","2.3663113233940680225","0.004302180986823541352",NA,"","5","ENCODE--ChIP-seq(rank=63); ReMap--ChIP-seq(rank=173); Enrichr--Queries(rank=287); GTEx--Coexpression(rank=348); ARCHS4--Coexpression(rank=390)","647","0.20440000000000000","Enrichr Queries,0.2044"
"ora","SOX11","MD_SW480","2.3627882806777980029","0.004337222672236697683","SOX11","31","dorothea","31","2.3627882806777980029","0.004337222672236697683",NA,"","5","Literature--ChIP-seq(rank=41); ReMap--ChIP-seq(rank=117); Enrichr--Queries(rank=132); ARCHS4--Coexpression(rank=187); GTEx--Coexpression(rank=362)","360","0.09402000000000001","Enrichr Queries,0.09402"
"ora","ESR1","MD_SW480","2.2624781874017831917","0.005464139930340954250","ESR1","32","dorothea","32","2.2624781874017831917","0.005464139930340954250",NA,"","6","Literature--ChIP-seq(rank=3); ENCODE--ChIP-seq(rank=5); ReMap--ChIP-seq(rank=31); GTEx--Coexpression(rank=251); Enrichr--Queries(rank=362); ARCHS4--Coexpression(rank=380)","79","0.01829000000000000","Literature ChIP-seq,0.01829"
"ora","ATF3","MD_SW480","2.2550962642387144541","0.005557810510774639431","ATF3","33","dorothea","33","2.2550962642387144541","0.005557810510774639431",NA,"","6","Literature--ChIP-seq(rank=108); ENCODE--ChIP-seq(rank=110); ReMap--ChIP-seq(rank=130); ARCHS4--Coexpression(rank=186); Enrichr--Queries(rank=418); GTEx--Coexpression(rank=947)","413","0.11430000000000001","ARCHS4 Coexpression,0.1143"
"ora","MAFK","MD_SW480","2.2550962642387144541","0.005557810510774639431","MAFK","34","dorothea","34","2.2550962642387144541","0.005557810510774639431",NA,"","5","ENCODE--ChIP-seq(rank=28); ReMap--ChIP-seq(rank=29); GTEx--Coexpression(rank=332); Enrichr--Queries(rank=810); ARCHS4--Coexpression(rank=1447)","372","0.09764000000000000","ReMap ChIP-seq,0.09764"
"ora","RELA","MD_SW480","2.2413186054341425191","0.005736954355689035355","RELA","35","dorothea","35","2.2413186054341425191","0.005736954355689035355",NA,"","6","Literature--ChIP-seq(rank=28); ENCODE--ChIP-seq(rank=32); ReMap--ChIP-seq(rank=234); GTEx--Coexpression(rank=517); Enrichr--Queries(rank=1012); ARCHS4--Coexpression(rank=1162)","567","0.17069999999999999","Literature ChIP-seq,0.1707"
"ora","EOMES","MD_SW480","2.2240055074829241377","0.005970277153598546604","EOMES","36","dorothea","36","2.2240055074829241377","0.005970277153598546604",NA,"","5","ReMap--ChIP-seq(rank=13); Literature--ChIP-seq(rank=67); ARCHS4--Coexpression(rank=204); Enrichr--Queries(rank=404); GTEx--Coexpression(rank=512)","190","0.04377000000000000","ReMap ChIP-seq,0.04377"
"ora","TCF4","MD_SW480","2.1876433600765130549","0.006491673068711567574","TCF4","37","dorothea","37","2.1876433600765130549","0.006491673068711567574",NA,"","5","ReMap--ChIP-seq(rank=20); Literature--ChIP-seq(rank=29); Enrichr--Queries(rank=99); ARCHS4--Coexpression(rank=171); GTEx--Coexpression(rank=792)","275","0.06734000000000000","ReMap ChIP-seq,0.06734"
"ora","PBX3","MD_SW480","2.1502864330935924642","0.007074790221890245832","PBX3","38","dorothea","38","2.1502864330935924642","0.007074790221890245832",NA,"","5","ENCODE--ChIP-seq(rank=78); ARCHS4--Coexpression(rank=137); Enrichr--Queries(rank=215); ReMap--ChIP-seq(rank=267); GTEx--Coexpression(rank=601)","324","0.08415000000000000","ARCHS4 Coexpression,0.08415"
"ora","PDX1","MD_SW480","2.1502864330935924642","0.007074790221890245832","PDX1","39","dorothea","39","2.1502864330935924642","0.007074790221890245832",NA,"","5","ReMap--ChIP-seq(rank=83); Literature--ChIP-seq(rank=148); ARCHS4--Coexpression(rank=218); Enrichr--Queries(rank=378); GTEx--Coexpression(rank=506)","477","0.13389999999999999","ARCHS4 Coexpression,0.1339"
"ora","CEBPB","MD_SW480","2.1306263959920688222","0.007402417979551947913","CEBPB","40","dorothea","40","2.1306263959920688222","0.007402417979551947913",NA,"","6","ENCODE--ChIP-seq(rank=20); Literature--ChIP-seq(rank=95); ReMap--ChIP-seq(rank=118); GTEx--Coexpression(rank=519); ARCHS4--Coexpression(rank=540); Enrichr--Queries(rank=620)","563","0.16950000000000001","ENCODE ChIP-seq,0.1695"
"ora","MEIS1","MD_SW480","2.1001156980319484191","0.007941166502422996806","MEIS1","41","dorothea","41","2.1001156980319484191","0.007941166502422996806",NA,"","5","Enrichr--Queries(rank=16); Literature--ChIP-seq(rank=30); ReMap--ChIP-seq(rank=58); GTEx--Coexpression(rank=114); ARCHS4--Coexpression(rank=509)","51","0.01140000000000000","Enrichr Queries,0.0114"
"ora","SMAD3","MD_SW480","2.0761981776544997658","0.008390770107584781881","SMAD3","42","dorothea","42","2.0761981776544997658","0.008390770107584781881",NA,"","5","Literature--ChIP-seq(rank=33); ReMap--ChIP-seq(rank=41); GTEx--Coexpression(rank=277); Enrichr--Queries(rank=590); ARCHS4--Coexpression(rank=984)","487","0.13800000000000001","ReMap ChIP-seq,0.138"
"ora","IRF2","MD_SW480","2.0706058874416153337","0.008499514371448500111","IRF2","43","dorothea","43","2.0706058874416153337","0.008499514371448500111",NA,"","4","ARCHS4--Coexpression(rank=73); ReMap--ChIP-seq(rank=225); GTEx--Coexpression(rank=417); Enrichr--Queries(rank=564)","194","0.04484000000000000","ARCHS4 Coexpression,0.04484"
"ora","ATF2","MD_SW480","2.0555850219565967585","0.008798628438214559436","ATF2","44","dorothea","44","2.0555850219565967585","0.008798628438214559436",NA,"","5","ENCODE--ChIP-seq(rank=112); ReMap--ChIP-seq(rank=270); GTEx--Coexpression(rank=1137); ARCHS4--Coexpression(rank=1281); Enrichr--Queries(rank=1320)","1477","0.70750000000000002","GTEx Coexpression,0.7075"
"ora","TCF12","MD_SW480","2.0314801021530675129","0.009300791267348241728","TCF12","45","dorothea","45","2.0314801021530675129","0.009300791267348241728",NA,"","5","ENCODE--ChIP-seq(rank=3); ReMap--ChIP-seq(rank=102); ARCHS4--Coexpression(rank=306); GTEx--Coexpression(rank=740); Enrichr--Queries(rank=888)","110","0.02542000000000000","ENCODE ChIP-seq,0.02542"
"ora","FOS","MD_SW480","1.9897661913518587262","0.010238440450244985086","FOS","46","dorothea","46","1.9897661913518587262","0.010238440450244985086",NA,"","5","ReMap--ChIP-seq(rank=15); ENCODE--ChIP-seq(rank=58); Enrichr--Queries(rank=603); GTEx--Coexpression(rank=754); ARCHS4--Coexpression(rank=970)","214","0.05051000000000000","ReMap ChIP-seq,0.05051"
"ora","MITF","MD_SW480","1.9505820289106940990","0.011205157647586399747","MITF","47","dorothea","47","1.9505820289106940990","0.011205157647586399747",NA,"","5","Literature--ChIP-seq(rank=40); Enrichr--Queries(rank=88); ReMap--ChIP-seq(rank=90); ARCHS4--Coexpression(rank=376); GTEx--Coexpression(rank=726)","258","0.06268000000000000","Enrichr Queries,0.06268"
"ora","MEF2B","MD_SW480","1.8915474617048408934","0.012836674777018192151","MEF2B","48","dorothea","48","1.8915474617048408934","0.012836674777018192151",NA,"","4","ReMap--ChIP-seq(rank=170); Enrichr--Queries(rank=505); GTEx--Coexpression(rank=523); ARCHS4--Coexpression(rank=874)","899","0.32550000000000001","GTEx Coexpression,0.3255"
"ora","SMAD4","MD_SW480","1.8359730758506389581","0.014589047024803450045","SMAD4","49","dorothea","49","1.8359730758506389581","0.014589047024803450045",NA,"","5","ReMap--ChIP-seq(rank=12); Literature--ChIP-seq(rank=17); GTEx--Coexpression(rank=1211); Enrichr--Queries(rank=1256); ARCHS4--Coexpression(rank=1350)","176","0.04040000000000000","ReMap ChIP-seq,0.0404"
"ora","FOXJ2","MD_SW480","1.8348266370647683399","0.014627609671089255097","FOXJ2","50","dorothea","50","1.8348266370647683399","0.014627609671089255097",NA,"","4","ReMap--ChIP-seq(rank=112); ARCHS4--Coexpression(rank=804); GTEx--Coexpression(rank=815); Enrichr--Queries(rank=965)","994","0.37709999999999999","ReMap ChIP-seq,0.3771"
"ora","LYL1","MD_SW480","1.7792123821645668968","0.016625993938671666805","LYL1","51","dorothea","51","1.7792123821645668968","0.016625993938671666805",NA,"","5","ReMap--ChIP-seq(rank=66); Literature--ChIP-seq(rank=97); ARCHS4--Coexpression(rank=239); GTEx--Coexpression(rank=504); Enrichr--Queries(rank=570)","512","0.14680000000000001","ARCHS4 Coexpression,0.1468"
"ora","TCF7","MD_SW480","1.7450785850410965860","0.017985454411437291899","TCF7","52","dorothea","52","1.7450785850410965860","0.017985454411437291899",NA,"","5","Literature--ChIP-seq(rank=100); ARCHS4--Coexpression(rank=148); ReMap--ChIP-seq(rank=230); GTEx--Coexpression(rank=237); Enrichr--Queries(rank=611)","346","0.09091000000000000","ARCHS4 Coexpression,0.09091"
"ora","TEAD4","MD_SW480","1.7393107721805478594","0.018225910270001550312","TEAD4","53","dorothea","53","1.7393107721805478594","0.018225910270001550312",NA,"","6","ENCODE--ChIP-seq(rank=11); Literature--ChIP-seq(rank=37); ReMap--ChIP-seq(rank=106); Enrichr--Queries(rank=740); GTEx--Coexpression(rank=905); ARCHS4--Coexpression(rank=1356)","357","0.09322000000000000","ENCODE ChIP-seq,0.09322"
"ora","TP53","MD_SW480","1.7308320159381131997","0.018585231883833753380","TP53","54","dorothea","54","1.7308320159381131997","0.018585231883833753380",NA,"","5","Literature--ChIP-seq(rank=5); ReMap--ChIP-seq(rank=251); Enrichr--Queries(rank=999); GTEx--Coexpression(rank=1323); ARCHS4--Coexpression(rank=1363)","133","0.03049000000000000","Literature ChIP-seq,0.03049"
"ora","KMT2A","MD_SW480","1.7080730024335133432","0.019585154305248042572","KMT2A","55","dorothea","55","1.7080730024335133432","0.019585154305248042572",NA,"","3","ReMap--ChIP-seq(rank=239); GTEx--Coexpression(rank=950); ARCHS4--Coexpression(rank=1144)","1342","0.59119999999999984","GTEx Coexpression,0.5912"
"ora","HNF1B","MD_SW480","1.6772515422094387283","0.021025602896953047433","HNF1B","56","dorothea","56","1.6772515422094387283","0.021025602896953047433",NA,"","3","ReMap--ChIP-seq(rank=27); ARCHS4--Coexpression(rank=244); Enrichr--Queries(rank=388)","347","0.09091000000000000","ReMap ChIP-seq,0.09091"
"ora","STAT3","MD_SW480","1.6693524050734656061","0.021411524735424281723","STAT3","57","dorothea","57","1.6693524050734656061","0.021411524735424281723",NA,"","6","Literature--ChIP-seq(rank=27); ENCODE--ChIP-seq(rank=36); ReMap--ChIP-seq(rank=60); GTEx--Coexpression(rank=244); ARCHS4--Coexpression(rank=764); Enrichr--Queries(rank=852)","522","0.15179999999999999","GTEx Coexpression,0.1518"
"ora","ERG","MD_SW480","1.6009300501539149852","0.025065129332125710843","ERG","58","dorothea","58","1.6009300501539149852","0.025065129332125710843",NA,"","5","Literature--ChIP-seq(rank=48); GTEx--Coexpression(rank=128); ARCHS4--Coexpression(rank=165); ReMap--ChIP-seq(rank=199); Enrichr--Queries(rank=292)","310","0.07965000000000000","GTEx Coexpression,0.07965"
"ora","KLF4","MD_SW480","1.6009300501539149852","0.025065129332125710843","KLF4","59","dorothea","59","1.6009300501539149852","0.025065129332125710843",NA,"","5","Literature--ChIP-seq(rank=46); ReMap--ChIP-seq(rank=145); GTEx--Coexpression(rank=283); Enrichr--Queries(rank=331); ARCHS4--Coexpression(rank=349)","579","0.17610000000000001","GTEx Coexpression,0.1761"
"ora","STAT5A","MD_SW480","1.5907362713901000983","0.025660418117886815703","STAT5A","60","dorothea","60","1.5907362713901000983","0.025660418117886815703",NA,"","6","ENCODE--ChIP-seq(rank=34); Literature--ChIP-seq(rank=70); ReMap--ChIP-seq(rank=272); ARCHS4--Coexpression(rank=395); Enrichr--Queries(rank=414); GTEx--Coexpression(rank=774)","727","0.24260000000000001","ARCHS4 Coexpression,0.2426"
"ora","PRDM1","MD_SW480","1.5815737844065074214","0.026207537481808367008","PRDM1","61","dorothea","61","1.5815737844065074214","0.026207537481808367008",NA,"","5","ENCODE--ChIP-seq(rank=42); ReMap--ChIP-seq(rank=54); Enrichr--Queries(rank=358); ARCHS4--Coexpression(rank=543); GTEx--Coexpression(rank=769)","594","0.18179999999999999","ReMap ChIP-seq,0.1818"
"ora","ETS1","MD_SW480","1.5417971201296651884","0.028721219751962782929","ETS1","62","dorothea","62","1.5417971201296651884","0.028721219751962782929",NA,"","6","ENCODE--ChIP-seq(rank=30); Literature--ChIP-seq(rank=161); ReMap--ChIP-seq(rank=163); GTEx--Coexpression(rank=221); Enrichr--Queries(rank=275); ARCHS4--Coexpression(rank=308)","485","0.13750000000000001","GTEx Coexpression,0.1375"
"ora","CEBPA","MD_SW480","1.4977280615083932158","0.031788639298587342830","CEBPA","63","dorothea","63","1.4977280615083932158","0.031788639298587342830",NA,"","5","Literature--ChIP-seq(rank=94); ReMap--ChIP-seq(rank=120); ARCHS4--Coexpression(rank=382); Enrichr--Queries(rank=637); GTEx--Coexpression(rank=858)","711","0.23460000000000000","ARCHS4 Coexpression,0.2346"
"ora","NR2F1","MD_SW480","1.4899187002056291096","0.032365423923369190939","NR2F1","64","dorothea","64","1.4899187002056291096","0.032365423923369190939",NA,"","4","Enrichr--Queries(rank=51); ARCHS4--Coexpression(rank=61); ReMap--ChIP-seq(rank=91); GTEx--Coexpression(rank=642)","159","0.03632000000000000","Enrichr Queries,0.03632"
"ora","ESRRA","MD_SW480","1.4569619676886722548","0.034917089195415092207","ESRRA","65","dorothea","65","1.4569619676886722548","0.034917089195415092207",NA,"","5","ENCODE--ChIP-seq(rank=52); ReMap--ChIP-seq(rank=160); Enrichr--Queries(rank=1163); GTEx--Coexpression(rank=1291); ARCHS4--Coexpression(rank=1340)","1100","0.44069999999999998","ENCODE ChIP-seq,0.4407"
"ora","MYOD1","MD_SW480","1.3699282904619949353","0.042664996028101261072","MYOD1","66","dorothea","66","1.3699282904619949353","0.042664996028101261072",NA,"","5","ENCODE--ChIP-seq(rank=12); ReMap--ChIP-seq(rank=19); ARCHS4--Coexpression(rank=277); Enrichr--Queries(rank=733); GTEx--Coexpression(rank=844)","262","0.06397000000000000","ReMap ChIP-seq,0.06397"
"ora","FOXP2","MD_SW480","1.3418093767798817684","0.045518781015806905610","FOXP2","67","dorothea","67","1.3418093767798817684","0.045518781015806905610",NA,"","6","ENCODE--ChIP-seq(rank=25); Enrichr--Queries(rank=52); GTEx--Coexpression(rank=88); Literature--ChIP-seq(rank=99); ReMap--ChIP-seq(rank=142); ARCHS4--Coexpression(rank=425)","163","0.03704000000000000","Enrichr Queries,0.03704"
"ora","MYB","MD_SW480","1.3405330179133989610","0.045652754066656135723","MYB","68","dorothea","68","1.3405330179133989610","0.045652754066656135723",NA,"","6","ENCODE--ChIP-seq(rank=62); ReMap--ChIP-seq(rank=82); Literature--ChIP-seq(rank=125); GTEx--Coexpression(rank=509); ARCHS4--Coexpression(rank=629); Enrichr--Queries(rank=954)","800","0.27610000000000001","ReMap ChIP-seq,0.2761"
"ora","TFAP2C","MD_SW480","1.3383880517191160120","0.045878789251547424932","TFAP2C","69","dorothea","69","1.3383880517191160120","0.045878789251547424932",NA,"","6","Literature--ChIP-seq(rank=56); ENCODE--ChIP-seq(rank=83); ReMap--ChIP-seq(rank=135); Enrichr--Queries(rank=191); GTEx--Coexpression(rank=339); ARCHS4--Coexpression(rank=743)","481","0.13600000000000001","Enrichr Queries,0.136"
"ora","ZEB1","MD_SW480","1.3383880517191160120","0.045878789251547424932","ZEB1","70","dorothea","70","1.3383880517191160120","0.045878789251547424932",NA,"","5","ENCODE--ChIP-seq(rank=19); GTEx--Coexpression(rank=125); Enrichr--Queries(rank=156); ARCHS4--Coexpression(rank=160); ReMap--ChIP-seq(rank=231)","305","0.07778000000000000","GTEx Coexpression,0.07778"
"ora","SPIB","MD_SW480","1.3091235251861024214","0.049076826842940235451","SPIB","71","dorothea","71","1.3091235251861024214","0.049076826842940235451",NA,"","4","ReMap--ChIP-seq(rank=140); ARCHS4--Coexpression(rank=560); Enrichr--Queries(rank=723); GTEx--Coexpression(rank=818)","934","0.34399999999999992","ARCHS4 Coexpression,0.344"
"ora","PROX1","MD_SW480","1.2865768788536433576","0.051691974468293003242","PROX1","72","dorothea","72","1.2865768788536433576","0.051691974468293003242",NA,"","4","ReMap--ChIP-seq(rank=10); Enrichr--Queries(rank=64); ARCHS4--Coexpression(rank=628); GTEx--Coexpression(rank=913)","147","0.03367000000000000","ReMap ChIP-seq,0.03367"
"ora","GLI2","MD_SW480","1.2657784778909622059","0.054227742121559271982","GLI2","73","dorothea","73","1.2657784778909622059","0.054227742121559271982",NA,"","3","Enrichr--Queries(rank=8); ARCHS4--Coexpression(rank=92); GTEx--Coexpression(rank=174)","25","0.00569800000000000","Enrichr Queries,0.005698"
"ora","STAT5B","MD_SW480","1.2657784778909622059","0.054227742121559271982","STAT5B","74","dorothea","74","1.2657784778909622059","0.054227742121559271982",NA,"","4","ReMap--ChIP-seq(rank=182); GTEx--Coexpression(rank=409); ARCHS4--Coexpression(rank=414); Enrichr--Queries(rank=967)","752","0.25430000000000003","ARCHS4 Coexpression,0.2543"
"ora","E2F1","MD_SW480","1.2578813198682083918","0.055222832670679108946","E2F1","75","dorothea","75","1.2578813198682083918","0.055222832670679108946",NA,"","6","Literature--ChIP-seq(rank=79); ENCODE--ChIP-seq(rank=106); ReMap--ChIP-seq(rank=261); Enrichr--Queries(rank=1352); GTEx--Coexpression(rank=1355); ARCHS4--Coexpression(rank=1568)","1168","0.48170000000000002","Literature ChIP-seq,0.4817"
"ora","FOXO3","MD_SW480","1.2560142014548378864","0.055460757696133879124","FOXO3","76","dorothea","76","1.2560142014548378864","0.055460757696133879124",NA,"","4","Literature--ChIP-seq(rank=42); GTEx--Coexpression(rank=922); Enrichr--Queries(rank=928); ARCHS4--Coexpression(rank=951)","757","0.25609999999999999","Literature ChIP-seq,0.2561"
"ora","CTCF","MD_SW480","1.2437743135215457713","0.057046064216928323021","CTCF","77","dorothea","77","1.2437743135215457713","0.057046064216928323021",NA,"","6","ENCODE--ChIP-seq(rank=10); ReMap--ChIP-seq(rank=35); Literature--ChIP-seq(rank=49); Enrichr--Queries(rank=1393); GTEx--Coexpression(rank=1561); ARCHS4--Coexpression(rank=1606)","327","0.08475000000000001","ENCODE ChIP-seq,0.08475"
"ora","HNF1A","MD_SW480","1.2354901833261853206","0.058144657501943350364","HNF1A","78","dorothea","78","1.2354901833261853206","0.058144657501943350364",NA,"","3","ARCHS4--Coexpression(rank=396); GTEx--Coexpression(rank=618); Enrichr--Queries(rank=767)","729","0.24320000000000000","ARCHS4 Coexpression,0.2432"
"ora","BACH2","MD_SW480","1.2243497581802116336","0.059655465898883597298","BACH2","79","dorothea","79","1.2243497581802116336","0.059655465898883597298",NA,"","4","Enrichr--Queries(rank=63); ReMap--ChIP-seq(rank=124); ARCHS4--Coexpression(rank=352); GTEx--Coexpression(rank=976)","195","0.04487000000000000","Enrichr Queries,0.04487"
"ora","CDX2","MD_SW480","1.1989662433477235037","0.063246100911950584034","CDX2","80","dorothea","80","1.1989662433477235037","0.063246100911950584034",NA,"","5","Literature--ChIP-seq(rank=31); ReMap--ChIP-seq(rank=59); ARCHS4--Coexpression(rank=159); GTEx--Coexpression(rank=336); Enrichr--Queries(rank=693)","373","0.09767000000000001","ARCHS4 Coexpression,0.09767"
"ora","SMAD1","MD_SW480","1.1989662433477235037","0.063246100911950584034","SMAD1","81","dorothea","81","1.1989662433477235037","0.063246100911950584034",NA,"","5","Literature--ChIP-seq(rank=91); ReMap--ChIP-seq(rank=200); ARCHS4--Coexpression(rank=500); Enrichr--Queries(rank=546); GTEx--Coexpression(rank=1364)","863","0.30709999999999998","ARCHS4 Coexpression,0.3071"
"ora","POU4F2","MD_SW480","1.1870469326626016393","0.065005943693196982514","POU4F2","82","dorothea","82","1.1870469326626016393","0.065005943693196982514",NA,"","4","ReMap--ChIP-seq(rank=141); ARCHS4--Coexpression(rank=154); Enrichr--Queries(rank=729); GTEx--Coexpression(rank=1441)","362","0.09458999999999999","ARCHS4 Coexpression,0.09459"
"ora","GATA2","MD_SW480","1.1768145474077142953","0.066555730205773419583","GATA2","83","dorothea","83","1.1768145474077142953","0.066555730205773419583",NA,"","6","ENCODE--ChIP-seq(rank=23); Literature--ChIP-seq(rank=57); ReMap--ChIP-seq(rank=193); GTEx--Coexpression(rank=430); Enrichr--Queries(rank=471); ARCHS4--Coexpression(rank=807)","626","0.19489999999999999","ENCODE ChIP-seq,0.1949"
"ora","GRHL2","MD_SW480","1.1671648561292744528","0.068051099090880640130","GRHL2","84","dorothea","84","1.1671648561292744528","0.068051099090880640130",NA,"","5","Literature--ChIP-seq(rank=119); ReMap--ChIP-seq(rank=121); ARCHS4--Coexpression(rank=195); Enrichr--Queries(rank=596); GTEx--Coexpression(rank=660)","431","0.11980000000000000","ARCHS4 Coexpression,0.1198"
"ora","ELF3","MD_SW480","1.1582470318425468481","0.069462909194432320703","ELF3","85","dorothea","85","1.1582470318425468481","0.069462909194432320703",NA,"","4","ReMap--ChIP-seq(rank=40); ARCHS4--Coexpression(rank=200); GTEx--Coexpression(rank=344); Enrichr--Queries(rank=411)","445","0.12290000000000000","ARCHS4 Coexpression,0.1229"
"ora","ZEB2","MD_SW480","1.1582470318425468481","0.069462909194432320703","ZEB2","86","dorothea","86","1.1582470318425468481","0.069462909194432320703",NA,"","4","Enrichr--Queries(rank=95); ReMap--ChIP-seq(rank=97); GTEx--Coexpression(rank=262); ARCHS4--Coexpression(rank=584)","276","0.06766000000000000","Enrichr Queries,0.06766"
"ora","TAL1","MD_SW480","1.1372347579262174211","0.072906330847596012568","TAL1","87","dorothea","87","1.1372347579262174211","0.072906330847596012568",NA,"","6","ENCODE--ChIP-seq(rank=29); Literature--ChIP-seq(rank=55); ReMap--ChIP-seq(rank=85); ARCHS4--Coexpression(rank=309); GTEx--Coexpression(rank=359); Enrichr--Queries(rank=559)","614","0.18980000000000000","ARCHS4 Coexpression,0.1898"
"ora","IRF4","MD_SW480","1.1027010887893653468","0.078940325207635955729","IRF4","88","dorothea","88","1.1027010887893653468","0.078940325207635955729",NA,"","5","ENCODE--ChIP-seq(rank=90); ReMap--ChIP-seq(rank=138); ARCHS4--Coexpression(rank=438); Enrichr--Queries(rank=722); GTEx--Coexpression(rank=1076)","783","0.26900000000000002","ARCHS4 Coexpression,0.269"
"ora","TEAD2","MD_SW480","1.0973094400945895277","0.079926456636230963637","TEAD2","89","dorothea","89","1.0973094400945895277","0.079926456636230963637",NA,"","4","ReMap--ChIP-seq(rank=177); GTEx--Coexpression(rank=193); Enrichr--Queries(rank=401); ARCHS4--Coexpression(rank=585)","432","0.12010000000000000","GTEx Coexpression,0.1201"
"ora","ONECUT1","MD_SW480","1.0961209946119834235","0.080145474667616262154","ONECUT1","90","dorothea","90","1.0961209946119834235","0.080145474667616262154",NA,"","4","ReMap--ChIP-seq(rank=42); ARCHS4--Coexpression(rank=290); GTEx--Coexpression(rank=629); Enrichr--Queries(rank=698)","496","0.14140000000000000","ReMap ChIP-seq,0.1414"
"ora","PAX5","MD_SW480","1.0961209946119834235","0.080145474667616262154","PAX5","91","dorothea","91","1.0961209946119834235","0.080145474667616262154",NA,"","5","ENCODE--ChIP-seq(rank=49); ReMap--ChIP-seq(rank=247); Enrichr--Queries(rank=597); ARCHS4--Coexpression(rank=637); GTEx--Coexpression(rank=921)","1019","0.39129999999999998","ARCHS4 Coexpression,0.3913"
"ora","TP63","MD_SW480","1.0799915270621101016","0.083177999868974117348","TP63","92","dorothea","92","1.0799915270621101016","0.083177999868974117348",NA,"","5","Literature--ChIP-seq(rank=13); Enrichr--Queries(rank=40); ReMap--ChIP-seq(rank=134); ARCHS4--Coexpression(rank=143); GTEx--Coexpression(rank=401)","124","0.02849000000000000","Enrichr Queries,0.02849"
"ora","MNT","MD_SW480","1.0664509469919514206","0.085812203303871167903","MNT","93","dorothea","93","1.0664509469919514206","0.085812203303871167903",NA,"","4","ReMap--ChIP-seq(rank=206); GTEx--Coexpression(rank=705); Enrichr--Queries(rank=988); ARCHS4--Coexpression(rank=1018)","1094","0.43869999999999998","GTEx Coexpression,0.4387"
"ora","FOXA1","MD_SW480","1.0556755779825264252","0.087967940014541265437","FOXA1","94","dorothea","94","1.0556755779825264252","0.087967940014541265437",NA,"","6","ReMap--ChIP-seq(rank=37); ENCODE--ChIP-seq(rank=43); Literature--ChIP-seq(rank=63); ARCHS4--Coexpression(rank=367); Enrichr--Queries(rank=398); GTEx--Coexpression(rank=703)","451","0.12460000000000000","ReMap ChIP-seq,0.1246"
"ora","HNF4A","MD_SW480","1.0454768167351333741","0.090058183582284623281","HNF4A","95","dorothea","95","1.0454768167351333741","0.090058183582284623281",NA,"","6","ENCODE--ChIP-seq(rank=57); ReMap--ChIP-seq(rank=70); Literature--ChIP-seq(rank=84); ARCHS4--Coexpression(rank=317); Enrichr--Queries(rank=651); GTEx--Coexpression(rank=664)","625","0.19470000000000001","ARCHS4 Coexpression,0.1947"
"ora","REL","MD_SW480","1.0267409870937120875","0.094028392800805701834","REL","96","dorothea","96","1.0267409870937120875","0.094028392800805701834",NA,"","3","GTEx--Coexpression(rank=657); Enrichr--Queries(rank=817); ARCHS4--Coexpression(rank=870)","1050","0.40880000000000000","GTEx Coexpression,0.4088"
"ora","TCF7L2","MD_SW480","1.0267409870937120875","0.094028392800805701834","TCF7L2","97","dorothea","97","1.0267409870937120875","0.094028392800805701834",NA,"","6","ENCODE--ChIP-seq(rank=27); Literature--ChIP-seq(rank=66); ReMap--ChIP-seq(rank=78); Enrichr--Queries(rank=587); GTEx--Coexpression(rank=637); ARCHS4--Coexpression(rank=779)","696","0.22880000000000000","ENCODE ChIP-seq,0.2288"
"ora","ZNF24","MD_SW480","1.0267409870937120875","0.094028392800805701834","ZNF24","98","dorothea","98","1.0267409870937120875","0.094028392800805701834",NA,"","4","ReMap--ChIP-seq(rank=62); GTEx--Coexpression(rank=255); Enrichr--Queries(rank=1346); ARCHS4--Coexpression(rank=1543)","538","0.15870000000000001","GTEx Coexpression,0.1587"
"ora","IRF1","MD_SW480","1.0160004114155005706","0.096382811057066475335","IRF1","99","dorothea","99","1.0160004114155005706","0.096382811057066475335",NA,"","6","Literature--ChIP-seq(rank=60); ReMap--ChIP-seq(rank=74); ENCODE--ChIP-seq(rank=93); ARCHS4--Coexpression(rank=104); Enrichr--Queries(rank=185); GTEx--Coexpression(rank=194)","261","0.06388000000000001","ARCHS4 Coexpression,0.06388"
"ora","SOX6","MD_SW480","1.0160004114155005706","0.096382811057066475335","SOX6","100","dorothea","100","1.0160004114155005706","0.096382811057066475335",NA,"","4","Enrichr--Queries(rank=140); ReMap--ChIP-seq(rank=175); ARCHS4--Coexpression(rank=615); GTEx--Coexpression(rank=1004)","381","0.09972000000000000","Enrichr Queries,0.09972"
"ora","CEBPG","MD_SW480","1.0033394099757229068","0.099234021122443921703","CEBPG","101","dorothea","101","1.0033394099757229068","0.099234021122443921703",NA,"","4","ReMap--ChIP-seq(rank=183); ARCHS4--Coexpression(rank=648); Enrichr--Queries(rank=850); GTEx--Coexpression(rank=1204)","1028","0.39800000000000002","ARCHS4 Coexpression,0.398"
"ora","LHX2","MD_SW480","0.9944616370258910765","0.101283421257292394202","LHX2","102","dorothea","102","0.9944616370258910765","0.101283421257292394202",NA,"","4","GTEx--Coexpression(rank=73); ARCHS4--Coexpression(rank=150); ReMap--ChIP-seq(rank=185); Enrichr--Queries(rank=236)","196","0.04543000000000000","GTEx Coexpression,0.04543"
"ora","NFYA","MD_SW480","0.9944616370258910765","0.101283421257292394202","NFYA","103","dorothea","103","0.9944616370258910765","0.101283421257292394202",NA,"","5","ENCODE--ChIP-seq(rank=91); ReMap--ChIP-seq(rank=186); Enrichr--Queries(rank=1155); GTEx--Coexpression(rank=1273); ARCHS4--Coexpression(rank=1602)","1385","0.62629999999999997","ReMap ChIP-seq,0.6263"
"ora","RUNX1","MD_SW480","0.9770644017228239386","0.105423055247958905034","RUNX1","104","dorothea","104","0.9770644017228239386","0.105423055247958905034",NA,"","5","Literature--ChIP-seq(rank=78); ReMap--ChIP-seq(rank=84); Enrichr--Queries(rank=321); GTEx--Coexpression(rank=510); ARCHS4--Coexpression(rank=946)","695","0.22860000000000000","Enrichr Queries,0.2286"
"ora","GATA3","MD_SW480","0.9766201781097408885","0.105530943723811124202","GATA3","105","dorothea","105","0.9766201781097408885","0.105530943723811124202",NA,"","6","ENCODE--ChIP-seq(rank=8); ReMap--ChIP-seq(rank=18); Literature--ChIP-seq(rank=73); Enrichr--Queries(rank=241); GTEx--Coexpression(rank=408); ARCHS4--Coexpression(rank=434)","250","0.06061000000000000","ReMap ChIP-seq,0.06061"
"ora","PBX2","MD_SW480","0.9723045284012894474","0.106584848345594243590","PBX2","106","dorothea","106","0.9723045284012894474","0.106584848345594243590",NA,"","4","ReMap--ChIP-seq(rank=153); GTEx--Coexpression(rank=435); Enrichr--Queries(rank=1105); ARCHS4--Coexpression(rank=1248)","785","0.27070000000000000","GTEx Coexpression,0.2707"
"ora","HOXA9","MD_SW480","0.9306047223359776854","0.117326273708346168201","HOXA9","107","dorothea","107","0.9306047223359776854","0.117326273708346168201",NA,"","4","ReMap--ChIP-seq(rank=195); GTEx--Coexpression(rank=201); Enrichr--Queries(rank=264); ARCHS4--Coexpression(rank=331)","454","0.12509999999999999","GTEx Coexpression,0.1251"
"ora","LEF1","MD_SW480","0.9306047223359776854","0.117326273708346168201","LEF1","108","dorothea","108","0.9306047223359776854","0.117326273708346168201",NA,"","4","ReMap--ChIP-seq(rank=71); Enrichr--Queries(rank=206); ARCHS4--Coexpression(rank=237); GTEx--Coexpression(rank=322)","509","0.14560000000000001","ARCHS4 Coexpression,0.1456"
"ora","CREB1","MD_SW480","0.9304725042839806504","0.117361998345903079111","CREB1","109","dorothea","109","0.9304725042839806504","0.117361998345903079111",NA,"","6","ENCODE--ChIP-seq(rank=88); Literature--ChIP-seq(rank=143); ReMap--ChIP-seq(rank=226); Enrichr--Queries(rank=1251); GTEx--Coexpression(rank=1304); ARCHS4--Coexpression(rank=1431)","1515","0.74580000000000002","ENCODE ChIP-seq,0.7458"
"ora","PAX8","MD_SW480","0.9228553260499310351","0.119438591691080106538","PAX8","110","dorothea","110","0.9228553260499310351","0.119438591691080106538",NA,"","4","ReMap--ChIP-seq(rank=68); ARCHS4--Coexpression(rank=234); GTEx--Coexpression(rank=299); Enrichr--Queries(rank=373)","504","0.14369999999999999","ARCHS4 Coexpression,0.1437"
"ora","BATF","MD_SW480","0.8855175994352413316","0.130161456762502930617","BATF","111","dorothea","111","0.8855175994352413316","0.130161456762502930617",NA,"","5","ENCODE--ChIP-seq(rank=59); ReMap--ChIP-seq(rank=188); ARCHS4--Coexpression(rank=245); Enrichr--Queries(rank=342); GTEx--Coexpression(rank=468)","518","0.15049999999999999","ARCHS4 Coexpression,0.1505"
"ora","NANOG","MD_SW480","0.8855175994352413316","0.130161456762502930617","NANOG","112","dorothea","112","0.8855175994352413316","0.130161456762502930617",NA,"","6","ReMap--ChIP-seq(rank=4); Literature--ChIP-seq(rank=14); ENCODE--ChIP-seq(rank=68); ARCHS4--Coexpression(rank=511); Enrichr--Queries(rank=562); GTEx--Coexpression(rank=939)","60","0.01347000000000000","ReMap ChIP-seq,0.01347"
"ora","ARNT","MD_SW480","0.8816548223399244266","0.131324325129898583642","ARNT","113","dorothea","113","0.8816548223399244266","0.131324325129898583642",NA,"","5","Literature--ChIP-seq(rank=21); ReMap--ChIP-seq(rank=127); GTEx--Coexpression(rank=768); Enrichr--Queries(rank=1127); ARCHS4--Coexpression(rank=1128)","464","0.12800000000000000","Literature ChIP-seq,0.128"
"ora","NR1H3","MD_SW480","0.8591361065026036359","0.138313284162870892002","NR1H3","114","dorothea","114","0.8591361065026036359","0.138313284162870892002",NA,"","5","Literature--ChIP-seq(rank=81); Enrichr--Queries(rank=202); ReMap--ChIP-seq(rank=222); ARCHS4--Coexpression(rank=357); GTEx--Coexpression(rank=487)","506","0.14390000000000000","Enrichr Queries,0.1439"
"ora","RUNX3","MD_SW480","0.8591361065026036359","0.138313284162870892002","RUNX3","115","dorothea","115","0.8591361065026036359","0.138313284162870892002",NA,"","5","ENCODE--ChIP-seq(rank=96); GTEx--Coexpression(rank=159); ReMap--ChIP-seq(rank=190); ARCHS4--Coexpression(rank=370); Enrichr--Queries(rank=421)","377","0.09894000000000000","GTEx Coexpression,0.09894"
"ora","VDR","MD_SW480","0.8461494473446170561","0.142511710471740299377","VDR","116","dorothea","116","0.8461494473446170561","0.142511710471740299377",NA,"","5","Literature--ChIP-seq(rank=44); ReMap--ChIP-seq(rank=155); Enrichr--Queries(rank=335); ARCHS4--Coexpression(rank=365); GTEx--Coexpression(rank=773)","688","0.22420000000000001","ARCHS4 Coexpression,0.2242"
"ora","DUX4","MD_SW480","0.8428408339788797665","0.143601562704137181159","DUX4","117","dorothea","117","0.8428408339788797665","0.143601562704137181159",NA,"","2","ReMap--ChIP-seq(rank=249); ARCHS4--Coexpression(rank=1290)","1547","0.79239999999999999","ARCHS4 Coexpression,0.7924"
"ora","SNAI2","MD_SW480","0.8131781972817427873","0.153752364276023151257","SNAI2","118","dorothea","118","0.8131781972817427873","0.153752364276023151257",NA,"","4","ARCHS4--Coexpression(rank=17); Enrichr--Queries(rank=46); ReMap--ChIP-seq(rank=103); GTEx--Coexpression(rank=257)","46","0.01044000000000000","ARCHS4 Coexpression,0.01044"
"ora","RARA","MD_SW480","0.8125608744733521238","0.153971069175666913642","RARA","119","dorothea","119","0.8125608744733521238","0.153971069175666913642",NA,"","5","ReMap--ChIP-seq(rank=75); Literature--ChIP-seq(rank=133); GTEx--Coexpression(rank=297); ARCHS4--Coexpression(rank=433); Enrichr--Queries(rank=951)","600","0.18479999999999999","GTEx Coexpression,0.1848"
"ora","CLOCK","MD_SW480","0.8072539519963846111","0.155864082718783769632","CLOCK","120","dorothea","120","0.8072539519963846111","0.155864082718783769632",NA,"","5","ReMap--ChIP-seq(rank=23); Literature--ChIP-seq(rank=105); ARCHS4--Coexpression(rank=1219); GTEx--Coexpression(rank=1227); Enrichr--Queries(rank=1280)","304","0.07743999999999999","ReMap ChIP-seq,0.07744"
"ora","JUNB","MD_SW480","0.8072539519963846111","0.155864082718783769632","JUNB","121","dorothea","121","0.8072539519963846111","0.155864082718783769632",NA,"","4","ReMap--ChIP-seq(rank=191); ARCHS4--Coexpression(rank=266); Enrichr--Queries(rank=774); GTEx--Coexpression(rank=928)","548","0.16339999999999999","ARCHS4 Coexpression,0.1634"
"ora","SOX9","MD_SW480","0.8019651507437639548","0.157773786763591439275","SOX9","122","dorothea","122","0.8019651507437639548","0.157773786763591439275",NA,"","5","Literature--ChIP-seq(rank=53); ARCHS4--Coexpression(rank=83); Enrichr--Queries(rank=160); ReMap--ChIP-seq(rank=194); GTEx--Coexpression(rank=216)","217","0.05098000000000000","ARCHS4 Coexpression,0.05098"
"ora","KLF9","MD_SW480","0.7706249994903582312","0.169580144311155422976","KLF9","123","dorothea","123","0.7706249994903582312","0.169580144311155422976",NA,"","4","ReMap--ChIP-seq(rank=64); ARCHS4--Coexpression(rank=258); GTEx--Coexpression(rank=630); Enrichr--Queries(rank=634)","537","0.15850000000000000","ARCHS4 Coexpression,0.1585"
"ora","CTCFL","MD_SW480","0.7592882431457298464","0.174065121210829648613","CTCFL","124","dorothea","124","0.7592882431457298464","0.174065121210829648613",NA,"","5","ReMap--ChIP-seq(rank=56); ENCODE--ChIP-seq(rank=81); ARCHS4--Coexpression(rank=454); Enrichr--Queries(rank=582); GTEx--Coexpression(rank=1017)","610","0.18859999999999999","ReMap ChIP-seq,0.1886"
"ora","TFAP4","MD_SW480","0.7557056919831006692","0.175506945554353255279","TFAP4","125","dorothea","125","0.7557056919831006692","0.175506945554353255279",NA,"","4","ReMap--ChIP-seq(rank=164); ARCHS4--Coexpression(rank=379); GTEx--Coexpression(rank=1196); Enrichr--Queries(rank=1276)","706","0.23280000000000001","ARCHS4 Coexpression,0.2328"
"ora","FOXO4","MD_SW480","0.7503152935448983429","0.177698886510339076894","FOXO4","126","dorothea","126","0.7503152935448983429","0.177698886510339076894",NA,"","3","GTEx--Coexpression(rank=312); ARCHS4--Coexpression(rank=570); Enrichr--Queries(rank=709)","624","0.19420000000000001","GTEx Coexpression,0.1942"
"ora","MAX","MD_SW480","0.7364655093498218008","0.183457085865151164894","MAX","127","dorothea","127","0.7364655093498218008","0.183457085865151164894",NA,"","5","ENCODE--ChIP-seq(rank=79); ReMap--ChIP-seq(rank=169); ARCHS4--Coexpression(rank=449); GTEx--Coexpression(rank=514); Enrichr--Queries(rank=1158)","799","0.27579999999999999","ARCHS4 Coexpression,0.2758"
"ora","PPARG","MD_SW480","0.7289969272996431604","0.186639289580518730194","PPARG","128","dorothea","128","0.7289969272996431604","0.186639289580518730194",NA,"","5","ReMap--ChIP-seq(rank=38); Literature--ChIP-seq(rank=85); Enrichr--Queries(rank=255); GTEx--Coexpression(rank=363); ARCHS4--Coexpression(rank=553)","463","0.12790000000000001","ReMap ChIP-seq,0.1279"
"ora","ETV4","MD_SW480","0.7033810898494903263","0.197978901473230051167","ETV4","129","dorothea","129","0.7033810898494903263","0.197978901473230051167",NA,"","4","ReMap--ChIP-seq(rank=241); Enrichr--Queries(rank=444); ARCHS4--Coexpression(rank=1124); GTEx--Coexpression(rank=1259)","877","0.31619999999999998","Enrichr Queries,0.3162"
"ora","TWIST1","MD_SW480","0.7033810898494903263","0.197978901473230051167","TWIST1","130","dorothea","130","0.7033810898494903263","0.197978901473230051167",NA,"","4","ARCHS4--Coexpression(rank=10); GTEx--Coexpression(rank=29); ReMap--ChIP-seq(rank=44); Enrichr--Queries(rank=53)","27","0.00614300000000000","ARCHS4 Coexpression,0.006143"
"ora","BHLHE40","MD_SW480","0.6722764950507702508","0.212678459026647226349","BHLHE40","131","dorothea","131","0.6722764950507702508","0.212678459026647226349",NA,"","4","ENCODE--ChIP-seq(rank=85); ReMap--ChIP-seq(rank=165); GTEx--Coexpression(rank=820); ARCHS4--Coexpression(rank=825)","1209","0.50680000000000003","ARCHS4 Coexpression,0.5068"
"ora","SOX10","MD_SW480","0.6605191799525624852","0.218514781380611700090","SOX10","132","dorothea","132","0.6605191799525624852","0.218514781380611700090",NA,"","4","GTEx--Coexpression(rank=8); ReMap--ChIP-seq(rank=47); ARCHS4--Coexpression(rank=299); Enrichr--Queries(rank=395)","22","0.00497800000000000","GTEx Coexpression,0.004978"
"ora","AHR","MD_SW480","0.6550458708278803499","0.221286097160120820426","AHR","133","dorothea","133","0.6550458708278803499","0.221286097160120820426",NA,"","5","Literature--ChIP-seq(rank=23); ReMap--ChIP-seq(rank=46); GTEx--Coexpression(rank=200); Enrichr--Queries(rank=304); ARCHS4--Coexpression(rank=636)","450","0.12450000000000000","GTEx Coexpression,0.1245"
"ora","E2F7","MD_SW480","0.6450300905922714545","0.226448740454533697930","E2F7","134","dorothea","134","0.6450300905922714545","0.226448740454533697930",NA,"","5","ReMap--ChIP-seq(rank=96); Literature--ChIP-seq(rank=163); ARCHS4--Coexpression(rank=1280); GTEx--Coexpression(rank=1343); Enrichr--Queries(rank=1360)","896","0.32319999999999999","ReMap ChIP-seq,0.3232"
"ora","EBF1","MD_SW480","0.6388107585207672967","0.229714940052777233381","EBF1","135","dorothea","135","0.6388107585207672967","0.229714940052777233381",NA,"","5","Enrichr--Queries(rank=61); ENCODE--ChIP-seq(rank=94); ARCHS4--Coexpression(rank=175); ReMap--ChIP-seq(rank=204); GTEx--Coexpression(rank=423)","188","0.04345000000000000","Enrichr Queries,0.04345"
"ora","NFE2L1","MD_SW480","0.6174679318471004708","0.241285969073104095139","NFE2L1","136","dorothea","136","0.6174679318471004708","0.241285969073104095139",NA,"","4","ReMap--ChIP-seq(rank=227); GTEx--Coexpression(rank=956); Enrichr--Queries(rank=1056); ARCHS4--Coexpression(rank=1177)","1348","0.59489999999999998","GTEx Coexpression,0.5949"
"ora","RBPJ","MD_SW480","0.6139473291110674191","0.243249900272718588834","RBPJ","137","dorothea","137","0.6139473291110674191","0.243249900272718588834",NA,"","5","Literature--ChIP-seq(rank=130); ReMap--ChIP-seq(rank=203); Enrichr--Queries(rank=883); GTEx--Coexpression(rank=940); ARCHS4--Coexpression(rank=1272)","1329","0.58489999999999998","GTEx Coexpression,0.5849"
"ora","HOXB13","MD_SW480","0.6103881599910652156","0.245251594719072457673","HOXB13","138","dorothea","138","0.6103881599910652156","0.245251594719072457673",NA,"","4","ReMap--ChIP-seq(rank=87); Enrichr--Queries(rank=345); ARCHS4--Coexpression(rank=627); GTEx--Coexpression(rank=635)","733","0.24570000000000000","Enrichr Queries,0.2457"
"ora","MXI1","MD_SW480","0.6055038480137475698","0.248025396160525296585","MXI1","139","dorothea","139","0.6055038480137475698","0.248025396160525296585",NA,"","5","ENCODE--ChIP-seq(rank=76); ReMap--ChIP-seq(rank=276); GTEx--Coexpression(rank=424); ARCHS4--Coexpression(rank=514); Enrichr--Queries(rank=796)","773","0.26379999999999998","GTEx Coexpression,0.2638"
"ora","TFAP2A","MD_SW480","0.5956947719825335108","0.253691097933654852170","TFAP2A","140","dorothea","140","0.5956947719825335108","0.253691097933654852170",NA,"","6","ENCODE--ChIP-seq(rank=60); Literature--ChIP-seq(rank=68); ReMap--ChIP-seq(rank=219); Enrichr--Queries(rank=274); GTEx--Coexpression(rank=335); ARCHS4--Coexpression(rank=632)","628","0.19520000000000001","Enrichr Queries,0.1952"
"ora","NR2F6","MD_SW480","0.5912921463146483259","0.256275950936832197513","NR2F6","141","dorothea","141","0.5912921463146483259","0.256275950936832197513",NA,"","4","ReMap--ChIP-seq(rank=55); GTEx--Coexpression(rank=811); Enrichr--Queries(rank=1057); ARCHS4--Coexpression(rank=1194)","602","0.18520000000000000","ReMap ChIP-seq,0.1852"
"ora","KDM5B","MD_SW480","0.5850163965073407191","0.260006139767537836072","KDM5B","142","dorothea","142","0.5850163965073407191","0.260006139767537836072",NA,"","5","ENCODE--ChIP-seq(rank=48); ReMap--ChIP-seq(rank=122); Literature--ChIP-seq(rank=152); ARCHS4--Coexpression(rank=253); GTEx--Coexpression(rank=1261)","533","0.15540000000000001","ARCHS4 Coexpression,0.1554"
"ora","NCOA2","MD_SW480","0.5850163965073407191","0.260006139767537836072","NCOA2","143","dorothea","143","0.5850163965073407191","0.260006139767537836072",NA,"","4","ReMap--ChIP-seq(rank=101); GTEx--Coexpression(rank=979); ARCHS4--Coexpression(rank=1107); Enrichr--Queries(rank=1141)","927","0.34010000000000001","ReMap ChIP-seq,0.3401"
"ora","ATF1","MD_SW480","0.5206220872153066725","0.301562901181954778895","ATF1","144","dorothea","144","0.5206220872153066725","0.301562901181954778895",NA,"","5","ENCODE--ChIP-seq(rank=89); ReMap--ChIP-seq(rank=178); ARCHS4--Coexpression(rank=466); GTEx--Coexpression(rank=1210); Enrichr--Queries(rank=1324)","822","0.28620000000000001","ARCHS4 Coexpression,0.2862"
"ora","NFATC1","MD_SW480","0.5201967179365613037","0.301858411346907384853","NFATC1","145","dorothea","145","0.5201967179365613037","0.301858411346907384853",NA,"","5","ENCODE--ChIP-seq(rank=117); ReMap--ChIP-seq(rank=287); Enrichr--Queries(rank=434); ARCHS4--Coexpression(rank=542); GTEx--Coexpression(rank=710)","865","0.30909999999999999","Enrichr Queries,0.3091"
"ora","KLF6","MD_SW480","0.5125642415981326305","0.307210290083005987949","KLF6","146","dorothea","146","0.5125642415981326305","0.307210290083005987949",NA,"","4","ReMap--ChIP-seq(rank=14); ARCHS4--Coexpression(rank=251); Enrichr--Queries(rank=650); GTEx--Coexpression(rank=1140)","200","0.04714000000000000","ReMap ChIP-seq,0.04714"
"ora","RFX2","MD_SW480","0.4918620623661482116","0.322209200753954538854","RFX2","147","dorothea","147","0.4918620623661482116","0.322209200753954538854",NA,"","4","ReMap--ChIP-seq(rank=156); Enrichr--Queries(rank=509); ARCHS4--Coexpression(rank=689); GTEx--Coexpression(rank=1526)","964","0.36249999999999999","Enrichr Queries,0.3625"
"ora","MAFB","MD_SW480","0.4782447560203036407","0.332472128647912201771","MAFB","148","dorothea","148","0.4782447560203036407","0.332472128647912201771",NA,"","4","ReMap--ChIP-seq(rank=202); ARCHS4--Coexpression(rank=227); Enrichr--Queries(rank=330); GTEx--Coexpression(rank=456)","489","0.13940000000000000","ARCHS4 Coexpression,0.1394"
"ora","SP2","MD_SW480","0.4650890720542780188","0.342697493458515245468","SP2","149","dorothea","149","0.4650890720542780188","0.342697493458515245468",NA,"","5","ENCODE--ChIP-seq(rank=105); ReMap--ChIP-seq(rank=281); GTEx--Coexpression(rank=608); ARCHS4--Coexpression(rank=824); Enrichr--Queries(rank=1152)","996","0.37830000000000003","GTEx Coexpression,0.3783"
"ora","POU5F1","MD_SW480","0.4409158976082326320","0.362313154621519362131","POU5F1","150","dorothea","150","0.4409158976082326320","0.362313154621519362131",NA,"","5","Literature--ChIP-seq(rank=20); ReMap--ChIP-seq(rank=61); GTEx--Coexpression(rank=222); ARCHS4--Coexpression(rank=694); Enrichr--Queries(rank=712)","440","0.12200000000000000","Literature ChIP-seq,0.122"
"ora","MAF","MD_SW480","0.4400452594116791571","0.363040219053528401272","MAF","151","dorothea","151","0.4400452594116791571","0.363040219053528401272",NA,"","4","ReMap--ChIP-seq(rank=154); Enrichr--Queries(rank=190); GTEx--Coexpression(rank=236); ARCHS4--Coexpression(rank=844)","480","0.13530000000000000","Enrichr Queries,0.1353"
"ora","IKZF1","MD_SW480","0.4222260927596335200","0.378245619607515848326","IKZF1","152","dorothea","152","0.4222260927596335200","0.378245619607515848326",NA,"","6","ENCODE--ChIP-seq(rank=18); ReMap--ChIP-seq(rank=30); Literature--ChIP-seq(rank=89); ARCHS4--Coexpression(rank=167); GTEx--Coexpression(rank=192); Enrichr--Queries(rank=518)","383","0.10100000000000001","ReMap ChIP-seq,0.101"
"ora","RFX1","MD_SW480","0.4222260927596335200","0.378245619607515848326","RFX1","153","dorothea","153","0.4222260927596335200","0.378245619607515848326",NA,"","4","ReMap--ChIP-seq(rank=240); ARCHS4--Coexpression(rank=1012); Enrichr--Queries(rank=1229); GTEx--Coexpression(rank=1243)","1378","0.62160000000000004","ARCHS4 Coexpression,0.6216"
"ora","OTX2","MD_SW480","0.4167721359756266231","0.383025655091111194572","OTX2","154","dorothea","154","0.4167721359756266231","0.383025655091111194572",NA,"","4","ReMap--ChIP-seq(rank=72); GTEx--Coexpression(rank=248); Enrichr--Queries(rank=573); ARCHS4--Coexpression(rank=1053)","529","0.15429999999999999","GTEx Coexpression,0.1543"
"ora","NR4A1","MD_SW480","0.3889124216770047937","0.408401734910548042112","NR4A1","155","dorothea","155","0.3889124216770047937","0.408401734910548042112",NA,"","4","ReMap--ChIP-seq(rank=211); ARCHS4--Coexpression(rank=460); GTEx--Coexpression(rank=529); Enrichr--Queries(rank=680)","815","0.28260000000000002","ARCHS4 Coexpression,0.2826"
"ora","TP73","MD_SW480","0.3889124216770047937","0.408401734910548042112","TP73","156","dorothea","156","0.3889124216770047937","0.408401734910548042112",NA,"","3","GTEx--Coexpression(rank=540); ARCHS4--Coexpression(rank=753); Enrichr--Queries(rank=900)","920","0.33600000000000002","GTEx Coexpression,0.336"
"ora","SP4","MD_SW480","0.3758129971104453015","0.420907828099657932430","SP4","157","dorothea","157","0.3758129971104453015","0.420907828099657932430",NA,"","5","ENCODE--ChIP-seq(rank=118); ReMap--ChIP-seq(rank=258); Enrichr--Queries(rank=882); GTEx--Coexpression(rank=1209); ARCHS4--Coexpression(rank=1348)","1387","0.62819999999999998","Enrichr Queries,0.6282"
"ora","ATF6","MD_SW480","0.3647039394730053896","0.431813345639273593601","ATF6","158","dorothea","158","0.3647039394730053896","0.431813345639273593601",NA,"","3","ARCHS4--Coexpression(rank=749); GTEx--Coexpression(rank=760); Enrichr--Queries(rank=937)","1139","0.46010000000000001","ARCHS4 Coexpression,0.4601"
"ora","GATA4","MD_SW480","0.3647039394730053896","0.431813345639273593601","GATA4","159","dorothea","159","0.3647039394730053896","0.431813345639273593601",NA,"","5","Literature--ChIP-seq(rank=50); ReMap--ChIP-seq(rank=128); ARCHS4--Coexpression(rank=183); Enrichr--Queries(rank=353); GTEx--Coexpression(rank=493)","408","0.11240000000000000","ARCHS4 Coexpression,0.1124"
"ora","NFATC2","MD_SW480","0.3647039394730053896","0.431813345639273593601","NFATC2","160","dorothea","160","0.3647039394730053896","0.431813345639273593601",NA,"","3","ARCHS4--Coexpression(rank=135); Enrichr--Queries(rank=222); GTEx--Coexpression(rank=280)","319","0.08291999999999999","ARCHS4 Coexpression,0.08292"
"ora","SRF","MD_SW480","0.3647039394730053896","0.431813345639273593601","SRF","161","dorothea","161","0.3647039394730053896","0.431813345639273593601",NA,"","6","GTEx--Coexpression(rank=52); ENCODE--ChIP-seq(rank=70); Literature--ChIP-seq(rank=137); ReMap--ChIP-seq(rank=286); Enrichr--Queries(rank=955); ARCHS4--Coexpression(rank=1569)","142","0.03236000000000000","GTEx Coexpression,0.03236"
"ora","STAT4","MD_SW480","0.3647039394730053896","0.431813345639273593601","STAT4","162","dorothea","162","0.3647039394730053896","0.431813345639273593601",NA,"","4","Literature--ChIP-seq(rank=117); Enrichr--Queries(rank=510); ARCHS4--Coexpression(rank=594); GTEx--Coexpression(rank=671)","966","0.36320000000000002","Enrichr Queries,0.3632"
"ora","STAT6","MD_SW480","0.3647039394730053896","0.431813345639273593601","STAT6","163","dorothea","163","0.3647039394730053896","0.431813345639273593601",NA,"","4","Literature--ChIP-seq(rank=22); ARCHS4--Coexpression(rank=346); Enrichr--Queries(rank=512); GTEx--Coexpression(rank=615)","478","0.13410000000000000","Literature ChIP-seq,0.1341"
"ora","MYBL2","MD_SW480","0.3551918542850390215","0.441375421912304388705","MYBL2","164","dorothea","164","0.3551918542850390215","0.441375421912304388705",NA,"","6","ENCODE--ChIP-seq(rank=116); Literature--ChIP-seq(rank=140); ReMap--ChIP-seq(rank=232); GTEx--Coexpression(rank=1345); Enrichr--Queries(rank=1401); ARCHS4--Coexpression(rank=1520)","1539","0.78110000000000002","ReMap ChIP-seq,0.7811"
"ora","ATF7","MD_SW480","0.3371046938747555566","0.460145634486980092959","ATF7","165","dorothea","165","0.3371046938747555566","0.460145634486980092959",NA,"","4","ReMap--ChIP-seq(rank=65); ARCHS4--Coexpression(rank=735); GTEx--Coexpression(rank=842); Enrichr--Queries(rank=991)","677","0.21890000000000001","ReMap ChIP-seq,0.2189"
"ora","NFIC","MD_SW480","0.3371046938747555566","0.460145634486980092959","NFIC","166","dorothea","166","0.3371046938747555566","0.460145634486980092959",NA,"","5","ENCODE--ChIP-seq(rank=6); ReMap--ChIP-seq(rank=73); Enrichr--Queries(rank=738); GTEx--Coexpression(rank=881); ARCHS4--Coexpression(rank=903)","216","0.05085000000000000","ENCODE ChIP-seq,0.05085"
"ora","FOXA2","MD_SW480","0.3343713414152309493","0.463050821034092841000","FOXA2","167","dorothea","167","0.3343713414152309493","0.463050821034092841000",NA,"","6","Literature--ChIP-seq(rank=35); ENCODE--ChIP-seq(rank=40); ReMap--ChIP-seq(rank=77); Enrichr--Queries(rank=457); ARCHS4--Coexpression(rank=583); GTEx--Coexpression(rank=845)","662","0.21340000000000001","Literature ChIP-seq,0.2134"
"ora","PGR","MD_SW480","0.3343713414152309493","0.463050821034092841000","PGR","168","dorothea","168","0.3343713414152309493","0.463050821034092841000",NA,"","4","GTEx--Coexpression(rank=9); ReMap--ChIP-seq(rank=93); Enrichr--Queries(rank=240); ARCHS4--Coexpression(rank=336)","24","0.00560000000000000","GTEx Coexpression,0.0056"
"ora","SMAD5","MD_SW480","0.3343713414152309493","0.463050821034092841000","SMAD5","169","dorothea","169","0.3343713414152309493","0.463050821034092841000",NA,"","4","ReMap--ChIP-seq(rank=288); ARCHS4--Coexpression(rank=598); GTEx--Coexpression(rank=1178); Enrichr--Queries(rank=1201)","972","0.36730000000000002","ARCHS4 Coexpression,0.3673"
"ora","BCL6","MD_SW480","0.3304876936739033488","0.467210190021859761433","BCL6","170","dorothea","170","0.3304876936739033488","0.467210190021859761433",NA,"","5","ReMap--ChIP-seq(rank=109); Literature--ChIP-seq(rank=112); Enrichr--Queries(rank=367); ARCHS4--Coexpression(rank=439); GTEx--Coexpression(rank=457)","767","0.26140000000000002","Enrichr Queries,0.2614"
"ora","ETV1","MD_SW480","0.3200800614805821565","0.478541865776926422793","ETV1","171","dorothea","171","0.3200800614805821565","0.478541865776926422793",NA,"","4","Enrichr--Queries(rank=41); GTEx--Coexpression(rank=85); ARCHS4--Coexpression(rank=130); ReMap--ChIP-seq(rank=213)","127","0.02920000000000000","Enrichr Queries,0.0292"
"ora","GFI1B","MD_SW480","0.3200800614805821565","0.478541865776926422793","GFI1B","172","dorothea","172","0.3200800614805821565","0.478541865776926422793",NA,"","5","ReMap--ChIP-seq(rank=137); Literature--ChIP-seq(rank=153); ARCHS4--Coexpression(rank=330); GTEx--Coexpression(rank=501); Enrichr--Queries(rank=746)","644","0.20269999999999999","ARCHS4 Coexpression,0.2027"
"ora","ZKSCAN1","MD_SW480","0.3173924334830806604","0.481512500757756700676","ZKSCAN1","173","dorothea","173","0.3173924334830806604","0.481512500757756700676",NA,"","5","ENCODE--ChIP-seq(rank=22); ReMap--ChIP-seq(rank=129); ARCHS4--Coexpression(rank=528); GTEx--Coexpression(rank=814); Enrichr--Queries(rank=1107)","606","0.18640000000000001","ENCODE ChIP-seq,0.1864"
"ora","IRF9","MD_SW480","0.3075299128796917802","0.492572415295113530398","IRF9","174","dorothea","174","0.3075299128796917802","0.492572415295113530398",NA,"","4","GTEx--Coexpression(rank=31); ARCHS4--Coexpression(rank=84); ReMap--ChIP-seq(rank=147); Enrichr--Queries(rank=170)","83","0.01929000000000000","GTEx Coexpression,0.01929"
"ora","TFDP1","MD_SW480","0.3075299128796917802","0.492572415295113530398","TFDP1","175","dorothea","175","0.3075299128796917802","0.492572415295113530398",NA,"","4","ReMap--ChIP-seq(rank=289); Enrichr--Queries(rank=1347); ARCHS4--Coexpression(rank=1595); GTEx--Coexpression(rank=1605)","1630","0.95940000000000003","Enrichr Queries,0.9594"
"ora","BACH1","MD_SW480","0.3040383103301682599","0.496548517585668425234","BACH1","176","dorothea","176","0.3040383103301682599","0.496548517585668425234",NA,"","6","Literature--ChIP-seq(rank=7); ENCODE--ChIP-seq(rank=35); ReMap--ChIP-seq(rank=105); ARCHS4--Coexpression(rank=412); Enrichr--Queries(rank=828); GTEx--Coexpression(rank=1388)","185","0.04268000000000000","Literature ChIP-seq,0.04268"
"ora","E2F3","MD_SW480","0.2836023782385750369","0.520472301006073445606","E2F3","177","dorothea","177","0.2836023782385750369","0.520472301006073445606",NA,"","3","GTEx--Coexpression(rank=805); Enrichr--Queries(rank=1262); ARCHS4--Coexpression(rank=1501)","1197","0.50090000000000001","GTEx Coexpression,0.5009"
"ora","EPAS1","MD_SW480","0.2836023782385750369","0.520472301006073445606","EPAS1","178","dorothea","178","0.2836023782385750369","0.520472301006073445606",NA,"","4","ReMap--ChIP-seq(rank=126); GTEx--Coexpression(rank=153); ARCHS4--Coexpression(rank=215); Enrichr--Queries(rank=297)","363","0.09521000000000000","GTEx Coexpression,0.09521"
"ora","FLI1","MD_SW480","0.2836023782385750369","0.520472301006073445606","FLI1","179","dorothea","179","0.2836023782385750369","0.520472301006073445606",NA,"","6","ENCODE--ChIP-seq(rank=109); ReMap--ChIP-seq(rank=123); Literature--ChIP-seq(rank=147); ARCHS4--Coexpression(rank=174); GTEx--Coexpression(rank=227); Enrichr--Queries(rank=354)","397","0.10690000000000000","ARCHS4 Coexpression,0.1069"
"ora","NR1H2","MD_SW480","0.2836023782385750369","0.520472301006073445606","NR1H2","180","dorothea","180","0.2836023782385750369","0.520472301006073445606",NA,"","4","ReMap--ChIP-seq(rank=36); ARCHS4--Coexpression(rank=721); GTEx--Coexpression(rank=797); Enrichr--Queries(rank=1112)","436","0.12120000000000000","ReMap ChIP-seq,0.1212"
"ora","RELB","MD_SW480","0.2836023782385750369","0.520472301006073445606","RELB","181","dorothea","181","0.2836023782385750369","0.520472301006073445606",NA,"","4","ReMap--ChIP-seq(rank=133); Enrichr--Queries(rank=279); ARCHS4--Coexpression(rank=477); GTEx--Coexpression(rank=526)","636","0.19869999999999999","Enrichr Queries,0.1987"
"ora","MBD2","MD_SW480","0.2746237097092219526","0.531344623298813933943","MBD2","182","dorothea","182","0.2746237097092219526","0.531344623298813933943",NA,"","4","ReMap--ChIP-seq(rank=17); GTEx--Coexpression(rank=965); Enrichr--Queries(rank=1135); ARCHS4--Coexpression(rank=1174)","239","0.05724000000000000","ReMap ChIP-seq,0.05724"
"ora","ELF1","MD_SW480","0.2702095387305639695","0.536772751359532951376","ELF1","183","dorothea","183","0.2702095387305639695","0.536772751359532951376",NA,"","5","ENCODE--ChIP-seq(rank=104); Literature--ChIP-seq(rank=141); ARCHS4--Coexpression(rank=219); ReMap--ChIP-seq(rank=255); GTEx--Coexpression(rank=721)","479","0.13450000000000001","ARCHS4 Coexpression,0.1345"
"ora","KLF1","MD_SW480","0.2702095387305639695","0.536772751359532951376","KLF1","184","dorothea","184","0.2702095387305639695","0.536772751359532951376",NA,"","5","Literature--ChIP-seq(rank=52); ReMap--ChIP-seq(rank=180); Enrichr--Queries(rank=684); ARCHS4--Coexpression(rank=887); GTEx--Coexpression(rank=924)","880","0.31709999999999999","Literature ChIP-seq,0.3171"
"ora","E2F2","MD_SW480","0.2621401329984909268","0.546839486736514279741","E2F2","185","dorothea","185","0.2621401329984909268","0.546839486736514279741",NA,"","3","GTEx--Coexpression(rank=666); ARCHS4--Coexpression(rank=1300); Enrichr--Queries(rank=1337)","1058","0.41439999999999999","GTEx Coexpression,0.4144"
"ora","CREM","MD_SW480","0.2595935505136658938","0.550055421400115096553","CREM","186","dorothea","186","0.2595935505136658938","0.550055421400115096553",NA,"","5","Literature--ChIP-seq(rank=157); ReMap--ChIP-seq(rank=245); Enrichr--Queries(rank=737); ARCHS4--Coexpression(rank=1022); GTEx--Coexpression(rank=1455)","1233","0.52490000000000003","Enrichr Queries,0.5249"
"ora","GATA6","MD_SW480","0.2494064370396472941","0.563110418965247050416","GATA6","187","dorothea","187","0.2494064370396472941","0.563110418965247050416",NA,"","5","ReMap--ChIP-seq(rank=32); Enrichr--Queries(rank=98); Literature--ChIP-seq(rank=102); ARCHS4--Coexpression(rank=225); GTEx--Coexpression(rank=420)","282","0.06980000000000000","Enrichr Queries,0.0698"
"ora","GATA1","MD_SW480","0.2427876741244746617","0.571758099969606137236","GATA1","188","dorothea","188","0.2427876741244746617","0.571758099969606137236",NA,"","6","Literature--ChIP-seq(rank=25); ENCODE--ChIP-seq(rank=37); ReMap--ChIP-seq(rank=181); ARCHS4--Coexpression(rank=526); GTEx--Coexpression(rank=667); Enrichr--Queries(rank=821)","524","0.15240000000000001","Literature ChIP-seq,0.1524"
"ora","NEUROD1","MD_SW480","0.2362900556451598411","0.580376667356377495821","NEUROD1","189","dorothea","189","0.2362900556451598411","0.580376667356377495821",NA,"","4","ReMap--ChIP-seq(rank=79); GTEx--Coexpression(rank=87); ARCHS4--Coexpression(rank=397); Enrichr--Queries(rank=499)","227","0.05414000000000000","GTEx Coexpression,0.05414"
"ora","HINFP","MD_SW480","0.2252585331981727668","0.595307654542205688664","HINFP","190","dorothea","190","0.2252585331981727668","0.595307654542205688664",NA,"","3","ReMap--ChIP-seq(rank=216); ARCHS4--Coexpression(rank=736); GTEx--Coexpression(rank=752)","1128","0.45210000000000000","ARCHS4 Coexpression,0.4521"
"ora","RFX5","MD_SW480","0.2252585331981727668","0.595307654542205688664","RFX5","191","dorothea","191","0.2252585331981727668","0.595307654542205688664",NA,"","5","ENCODE--ChIP-seq(rank=31); ReMap--ChIP-seq(rank=139); GTEx--Coexpression(rank=732); Enrichr--Queries(rank=843); ARCHS4--Coexpression(rank=1303)","772","0.26269999999999999","ENCODE ChIP-seq,0.2627"
"ora","XBP1","MD_SW480","0.2252585331981727668","0.595307654542205688664","XBP1","192","dorothea","192","0.2252585331981727668","0.595307654542205688664",NA,"","4","ReMap--ChIP-seq(rank=192); ARCHS4--Coexpression(rank=430); GTEx--Coexpression(rank=661); Enrichr--Queries(rank=1033)","774","0.26410000000000000","ARCHS4 Coexpression,0.2641"
"ora","BCL11A","MD_SW480","0.2248558494606452129","0.595859887858097958535","BCL11A","193","dorothea","193","0.2248558494606452129","0.595859887858097958535",NA,"","5","ENCODE--ChIP-seq(rank=50); Enrichr--Queries(rank=178); ReMap--ChIP-seq(rank=224); ARCHS4--Coexpression(rank=508); GTEx--Coexpression(rank=567)","459","0.12680000000000000","Enrichr Queries,0.1268"
"ora","USF2","MD_SW480","0.2037525918236508804","0.625528941605736243936","USF2","194","dorothea","194","0.2037525918236508804","0.625528941605736243936",NA,"","5","ENCODE--ChIP-seq(rank=86); ReMap--ChIP-seq(rank=108); GTEx--Coexpression(rank=528); ARCHS4--Coexpression(rank=1113); Enrichr--Queries(rank=1204)","906","0.32860000000000000","GTEx Coexpression,0.3286"
"ora","NFKB2","MD_SW480","0.1947737532011068196","0.638596077778155968296","NFKB2","195","dorothea","195","0.1947737532011068196","0.638596077778155968296",NA,"","4","ReMap--ChIP-seq(rank=50); Enrichr--Queries(rank=552); GTEx--Coexpression(rank=564); ARCHS4--Coexpression(rank=763)","559","0.16839999999999999","ReMap ChIP-seq,0.1684"
"ora","NR2F2","MD_SW480","0.1947737532011068196","0.638596077778155968296","NR2F2","196","dorothea","196","0.1947737532011068196","0.638596077778155968296",NA,"","5","ENCODE--ChIP-seq(rank=55); Enrichr--Queries(rank=77); ARCHS4--Coexpression(rank=110); ReMap--ChIP-seq(rank=233); GTEx--Coexpression(rank=446)","229","0.05484000000000000","Enrichr Queries,0.05484"
"ora","ZNF274","MD_SW480","0.1947737532011068196","0.638596077778155968296","ZNF274","197","dorothea","197","0.1947737532011068196","0.638596077778155968296",NA,"","6","ENCODE--ChIP-seq(rank=102); Literature--ChIP-seq(rank=131); ReMap--ChIP-seq(rank=218); ARCHS4--Coexpression(rank=760); GTEx--Coexpression(rank=827); Enrichr--Queries(rank=860)","1145","0.46679999999999999","ARCHS4 Coexpression,0.4668"
"ora","SIX2","MD_SW480","0.1940117542415767948","0.639717521203153172138","SIX2","198","dorothea","198","0.1940117542415767948","0.639717521203153172138",NA,"","4","ReMap--ChIP-seq(rank=9); ARCHS4--Coexpression(rank=113); Enrichr--Queries(rank=245); GTEx--Coexpression(rank=1063)","132","0.03030000000000000","ReMap ChIP-seq,0.0303"
"ora","EHF","MD_SW480","0.1692459456179774835","0.677257860606863992814","EHF","199","dorothea","199","0.1692459456179774835","0.677257860606863992814",NA,"","4","ReMap--ChIP-seq(rank=45); Enrichr--Queries(rank=70); ARCHS4--Coexpression(rank=87); GTEx--Coexpression(rank=677)","212","0.04986000000000000","Enrichr Queries,0.04986"
"ora","SOX13","MD_SW480","0.1676579252101000894","0.679738822390621666436","SOX13","200","dorothea","200","0.1676579252101000894","0.679738822390621666436",NA,"","4","ReMap--ChIP-seq(rank=26); GTEx--Coexpression(rank=268); Enrichr--Queries(rank=507); ARCHS4--Coexpression(rank=756)","335","0.08754000000000001","ReMap ChIP-seq,0.08754"
"ora","BHLHE22","MD_SW480","0.1580087631503748480","0.695010293599509276774","BHLHE22","201","dorothea","201","0.1580087631503748480","0.695010293599509276774",NA,"","3","GTEx--Coexpression(rank=16); ARCHS4--Coexpression(rank=25); ReMap--ChIP-seq(rank=80)","43","0.00995600000000000","GTEx Coexpression,0.009956"
"ora","CREB3L1","MD_SW480","0.1580087631503748480","0.695010293599509276774","CREB3L1","202","dorothea","202","0.1580087631503748480","0.695010293599509276774",NA,"","4","ARCHS4--Coexpression(rank=36); Enrichr--Queries(rank=106); ReMap--ChIP-seq(rank=158); GTEx--Coexpression(rank=537)","95","0.02211000000000000","ARCHS4 Coexpression,0.02211"
"ora","ZNF384","MD_SW480","0.1484687934672194176","0.710446217777187638553","ZNF384","203","dorothea","203","0.1484687934672194176","0.710446217777187638553",NA,"","5","ENCODE--ChIP-seq(rank=39); ReMap--ChIP-seq(rank=162); GTEx--Coexpression(rank=1022); Enrichr--Queries(rank=1336); ARCHS4--Coexpression(rank=1551)","911","0.33050000000000002","ENCODE ChIP-seq,0.3305"
"ora","TBP","MD_SW480","0.1382484268387957349","0.727363616114920286115","TBP","204","dorothea","204","0.1382484268387957349","0.727363616114920286115",NA,"","5","ENCODE--ChIP-seq(rank=77); Literature--ChIP-seq(rank=146); ReMap--ChIP-seq(rank=248); ARCHS4--Coexpression(rank=1379); GTEx--Coexpression(rank=1440)","1421","0.65249999999999997","ENCODE ChIP-seq,0.6525"
"ora","FOXL2","MD_SW480","0.1380823407656959489","0.727641833025923001621","FOXL2","205","dorothea","205","0.1380823407656959489","0.727641833025923001621",NA,"","3","Enrichr--Queries(rank=71); GTEx--Coexpression(rank=315); ARCHS4--Coexpression(rank=686)","215","0.05057000000000000","Enrichr Queries,0.05057"
"ora","SREBF1","MD_SW480","0.1380823407656959489","0.727641833025923001621","SREBF1","206","dorothea","206","0.1380823407656959489","0.727641833025923001621",NA,"","6","ENCODE--ChIP-seq(rank=73); Literature--ChIP-seq(rank=142); ReMap--ChIP-seq(rank=254); GTEx--Coexpression(rank=594); Enrichr--Queries(rank=809); ARCHS4--Coexpression(rank=1424)","976","0.36959999999999998","GTEx Coexpression,0.3696"
"ora","ARID3A","MD_SW480","0.1210275504889537224","0.756784885074205160294","ARID3A","207","dorothea","207","0.1210275504889537224","0.756784885074205160294",NA,"","5","ENCODE--ChIP-seq(rank=97); ReMap--ChIP-seq(rank=269); GTEx--Coexpression(rank=516); ARCHS4--Coexpression(rank=692); Enrichr--Queries(rank=836)","890","0.32110000000000000","GTEx Coexpression,0.3211"
"ora","CREB3","MD_SW480","0.1210275504889537224","0.756784885074205160294","CREB3","208","dorothea","208","0.1210275504889537224","0.756784885074205160294",NA,"","4","ReMap--ChIP-seq(rank=95); Enrichr--Queries(rank=1050); GTEx--Coexpression(rank=1285); ARCHS4--Coexpression(rank=1457)","887","0.31990000000000002","ReMap ChIP-seq,0.3199"
"ora","SIX5","MD_SW480","0.1210275504889537224","0.756784885074205160294","SIX5","209","dorothea","209","0.1210275504889537224","0.756784885074205160294",NA,"","5","ENCODE--ChIP-seq(rank=107); ReMap--ChIP-seq(rank=282); GTEx--Coexpression(rank=684); Enrichr--Queries(rank=763); ARCHS4--Coexpression(rank=1365)","1074","0.42559999999999998","GTEx Coexpression,0.4256"
"ora","HMBOX1","MD_SW480","0.1063424785132757039","0.782812084711929645486","HMBOX1","210","dorothea","210","0.1063424785132757039","0.782812084711929645486",NA,"","4","ReMap--ChIP-seq(rank=208); GTEx--Coexpression(rank=753); Enrichr--Queries(rank=977); ARCHS4--Coexpression(rank=1449)","1146","0.46860000000000002","GTEx Coexpression,0.4686"
"ora","NFYB","MD_SW480","0.0994569786452374344","0.795322046495804402255","NFYB","211","dorothea","211","0.0994569786452374344","0.795322046495804402255",NA,"","5","ENCODE--ChIP-seq(rank=74); ReMap--ChIP-seq(rank=201); GTEx--Coexpression(rank=933); Enrichr--Queries(rank=1290); ARCHS4--Coexpression(rank=1486)","1319","0.58060000000000000","GTEx Coexpression,0.5806"
"ora","GABPA","MD_SW480","0.0943549013441350448","0.804720562394963589981","GABPA","212","dorothea","212","0.0943549013441350448","0.804720562394963589981",NA,"","6","Literature--ChIP-seq(rank=11); ENCODE--ChIP-seq(rank=61); ReMap--ChIP-seq(rank=242); GTEx--Coexpression(rank=993); Enrichr--Queries(rank=1380); ARCHS4--Coexpression(rank=1582)","273","0.06707000000000000","Literature ChIP-seq,0.06707"
"ora","THAP1","MD_SW480","0.0899739547259227196","0.812879264258483114070","THAP1","213","dorothea","213","0.0899739547259227196","0.812879264258483114070",NA,"","5","ENCODE--ChIP-seq(rank=114); ReMap--ChIP-seq(rank=237); Enrichr--Queries(rank=1263); GTEx--Coexpression(rank=1508); ARCHS4--Coexpression(rank=1519)","1552","0.79800000000000004","ReMap ChIP-seq,0.798"
"ora","ETS2","MD_SW480","0.0879220356772829198","0.816728976966103581425","ETS2","214","dorothea","214","0.0879220356772829198","0.816728976966103581425",NA,"","4","Literature--ChIP-seq(rank=129); ARCHS4--Coexpression(rank=295); Enrichr--Queries(rank=437); GTEx--Coexpression(rank=731)","593","0.18120000000000000","ARCHS4 Coexpression,0.1812"
"ora","ELK1","MD_SW480","0.0825917326265390023","0.826814848489100584494","ELK1","215","dorothea","215","0.0825917326265390023","0.826814848489100584494",NA,"","5","GTEx--Coexpression(rank=59); ENCODE--ChIP-seq(rank=100); Literature--ChIP-seq(rank=138); ReMap--ChIP-seq(rank=284); ARCHS4--Coexpression(rank=1552)","161","0.03671000000000000","GTEx Coexpression,0.03671"
"ora","KLF13","MD_SW480","0.0825917326265390023","0.826814848489100584494","KLF13","216","dorothea","216","0.0825917326265390023","0.826814848489100584494",NA,"","4","ReMap--ChIP-seq(rank=157); ARCHS4--Coexpression(rank=499); GTEx--Coexpression(rank=573); Enrichr--Queries(rank=812)","861","0.30649999999999999","ARCHS4 Coexpression,0.3065"
"ora","KLF5","MD_SW480","0.0780482026979435056","0.835510279118991894265","KLF5","217","dorothea","217","0.0780482026979435056","0.835510279118991894265",NA,"","5","Literature--ChIP-seq(rank=93); ARCHS4--Coexpression(rank=101); ReMap--ChIP-seq(rank=136); Enrichr--Queries(rank=408); GTEx--Coexpression(rank=571)","256","0.06204000000000000","ARCHS4 Coexpression,0.06204"
"ora","PPARA","MD_SW480","0.0776139400043778377","0.836346146075884089299","PPARA","218","dorothea","218","0.0776139400043778377","0.836346146075884089299",NA,"","3","Enrichr--Queries(rank=468); ARCHS4--Coexpression(rank=507); GTEx--Coexpression(rank=839)","871","0.31140000000000001","ARCHS4 Coexpression,0.3114"
"ora","USF1","MD_SW480","0.0744075794503692989","0.842543670861806925920","USF1","219","dorothea","219","0.0744075794503692989","0.842543670861806925920",NA,"","5","ENCODE--ChIP-seq(rank=54); ReMap--ChIP-seq(rank=179); GTEx--Coexpression(rank=296); ARCHS4--Coexpression(rank=688); Enrichr--Queries(rank=1110)","597","0.18420000000000000","GTEx Coexpression,0.1842"
"ora","FOXM1","MD_SW480","0.0686106781910150870","0.853865215594038606817","FOXM1","220","dorothea","220","0.0686106781910150870","0.853865215594038606817",NA,"","6","Literature--ChIP-seq(rank=19); ENCODE--ChIP-seq(rank=46); ReMap--ChIP-seq(rank=279); Enrichr--Queries(rank=1385); ARCHS4--Coexpression(rank=1454); GTEx--Coexpression(rank=1592)","420","0.11590000000000000","Literature ChIP-seq,0.1159"
"ora","MYC","MD_SW480","0.0668149792000648779","0.857403043538316866901","MYC","221","dorothea","221","0.0668149792000648779","0.857403043538316866901",NA,"","6","Literature--ChIP-seq(rank=34); ENCODE--ChIP-seq(rank=45); ReMap--ChIP-seq(rank=235); GTEx--Coexpression(rank=712); Enrichr--Queries(rank=795); ARCHS4--Coexpression(rank=1020)","652","0.20730000000000001","Literature ChIP-seq,0.2073"
"ora","PKNOX1","MD_SW480","0.0607252193772598800","0.869510399526457034014","PKNOX1","222","dorothea","222","0.0607252193772598800","0.869510399526457034014",NA,"","4","ReMap--ChIP-seq(rank=86); ARCHS4--Coexpression(rank=703); GTEx--Coexpression(rank=866); Enrichr--Queries(rank=1007)","827","0.28960000000000002","ReMap ChIP-seq,0.2896"
"ora","ZBTB7A","MD_SW480","0.0563173308509206591","0.878380466122877012758","ZBTB7A","223","dorothea","223","0.0563173308509206591","0.878380466122877012758",NA,"","5","ENCODE--ChIP-seq(rank=13); ReMap--ChIP-seq(rank=28); GTEx--Coexpression(rank=816); ARCHS4--Coexpression(rank=904); Enrichr--Queries(rank=1061)","361","0.09428000000000000","ReMap ChIP-seq,0.09428"
"ora","ZNF740","MD_SW480","0.0538023087650799717","0.883481970680081274416","ZNF740","224","dorothea","224","0.0538023087650799717","0.883481970680081274416",NA,"","4","ReMap--ChIP-seq(rank=176); Enrichr--Queries(rank=1311); GTEx--Coexpression(rank=1530); ARCHS4--Coexpression(rank=1546)","1345","0.59260000000000002","ReMap ChIP-seq,0.5926"
"ora","HBP1","MD_SW480","0.0506603429038650147","0.889896824613684689353","HBP1","225","dorothea","225","0.0506603429038650147","0.889896824613684689353",NA,"","4","ReMap--ChIP-seq(rank=196); Enrichr--Queries(rank=829); GTEx--Coexpression(rank=989); ARCHS4--Coexpression(rank=1133)","1341","0.59050000000000002","Enrichr Queries,0.5905"
"ora","E2F6","MD_SW480","0.0462802307657744216","0.898917363267226154910","E2F6","226","dorothea","226","0.0462802307657744216","0.898917363267226154910",NA,"","5","ENCODE--ChIP-seq(rank=53); ReMap--ChIP-seq(rank=171); ARCHS4--Coexpression(rank=800); Enrichr--Queries(rank=1002); GTEx--Coexpression(rank=1050)","1122","0.44919999999999999","ENCODE ChIP-seq,0.4492"
"ora","CUX1","MD_SW480","0.0449440302669598807","0.901687335139413903562","CUX1","227","dorothea","227","0.0449440302669598807","0.901687335139413903562",NA,"","6","ENCODE--ChIP-seq(rank=84); Literature--ChIP-seq(rank=92); ReMap--ChIP-seq(rank=150); GTEx--Coexpression(rank=578); Enrichr--Queries(rank=959); ARCHS4--Coexpression(rank=1134)","959","0.35970000000000002","GTEx Coexpression,0.3597"
"ora","MAZ","MD_SW480","0.0401227128854586626","0.911753180839453447604","MAZ","228","dorothea","228","0.0401227128854586626","0.911753180839453447604",NA,"","5","ENCODE--ChIP-seq(rank=44); ReMap--ChIP-seq(rank=172); GTEx--Coexpression(rank=1130); Enrichr--Queries(rank=1357); ARCHS4--Coexpression(rank=1511)","985","0.37290000000000001","ENCODE ChIP-seq,0.3729"
"ora","MBD1","MD_SW480","0.0376068042899065438","0.917050381155416149959","MBD1","229","dorothea","229","0.0376068042899065438","0.917050381155416149959",NA,"","3","Enrichr--Queries(rank=1082); GTEx--Coexpression(rank=1418); ARCHS4--Coexpression(rank=1586)","1531","0.77070000000000005","Enrichr Queries,0.7707"
"ora","IRF3","MD_SW480","0.0364748480479297962","0.919443722394622131588","IRF3","230","dorothea","230","0.0364748480479297962","0.919443722394622131588",NA,"","5","ENCODE--ChIP-seq(rank=103); ReMap--ChIP-seq(rank=285); ARCHS4--Coexpression(rank=732); GTEx--Coexpression(rank=1170); Enrichr--Queries(rank=1253)","1123","0.44960000000000000","ARCHS4 Coexpression,0.4496"
"ora","NRF1","MD_SW480","0.0287243946254591084","0.935999475498211719326","NRF1","231","dorothea","231","0.0287243946254591084","0.935999475498211719326",NA,"","5","ENCODE--ChIP-seq(rank=92); ReMap--ChIP-seq(rank=253); ARCHS4--Coexpression(rank=459); GTEx--Coexpression(rank=1157); Enrichr--Queries(rank=1283)","813","0.28189999999999998","ARCHS4 Coexpression,0.2819"
"ora","FOXK2","MD_SW480","0.0249328893836134255","0.944206771307344538968","FOXK2","232","dorothea","232","0.0249328893836134255","0.944206771307344538968",NA,"","4","ReMap--ChIP-seq(rank=256); GTEx--Coexpression(rank=1174); Enrichr--Queries(rank=1279); ARCHS4--Coexpression(rank=1610)","1500","0.73060000000000003","GTEx Coexpression,0.7306"
"ora","ZNF143","MD_SW480","0.0249328893836134255","0.944206771307344538968","ZNF143","233","dorothea","233","0.0249328893836134255","0.944206771307344538968",NA,"","5","ENCODE--ChIP-seq(rank=69); ReMap--ChIP-seq(rank=212); GTEx--Coexpression(rank=1094); Enrichr--Queries(rank=1171); ARCHS4--Coexpression(rank=1432)","1328","0.58470000000000000","ENCODE ChIP-seq,0.5847"
"ora","ZFX","MD_SW480","0.0209392059523361880","0.952929549070520298670","ZFX","234","dorothea","234","0.0209392059523361880","0.952929549070520298670",NA,"","5","Literature--ChIP-seq(rank=158); ReMap--ChIP-seq(rank=278); Enrichr--Queries(rank=1353); GTEx--Coexpression(rank=1353); ARCHS4--Coexpression(rank=1526)","1579","0.84189999999999998","GTEx Coexpression,0.8419"
"ora","NR2C2","MD_SW480","0.0186398714315093583","0.957988131332732750778","NR2C2","235","dorothea","235","0.0186398714315093583","0.957988131332732750778",NA,"","5","ENCODE--ChIP-seq(rank=82); ReMap--ChIP-seq(rank=271); Enrichr--Queries(rank=1254); GTEx--Coexpression(rank=1433); ARCHS4--Coexpression(rank=1597)","1464","0.69489999999999996","ENCODE ChIP-seq,0.6949"
"ora","YY1","MD_SW480","0.0070171567364091976","0.983972233322260025901","YY1","236","dorothea","236","0.0070171567364091976","0.983972233322260025901",NA,"","6","ENCODE--ChIP-seq(rank=101); Literature--ChIP-seq(rank=144); ReMap--ChIP-seq(rank=262); GTEx--Coexpression(rank=602); Enrichr--Queries(rank=1299); ARCHS4--Coexpression(rank=1471)","988","0.37459999999999999","GTEx Coexpression,0.3746"
"ora","THAP11","MD_SW480","0.0047399440333319763","0.989145218495334210829","THAP11","237","dorothea","237","0.0047399440333319763","0.989145218495334210829",NA,"","5","ReMap--ChIP-seq(rank=110); Literature--ChIP-seq(rank=155); ARCHS4--Coexpression(rank=1038); GTEx--Coexpression(rank=1231); Enrichr--Queries(rank=1375)","978","0.37040000000000001","ReMap ChIP-seq,0.3704"
"ora","E2F4","MD_SW480","0.0003400530820833319","0.999217305307782077683","E2F4","238","dorothea","238","0.0003400530820833319","0.999217305307782077683",NA,"","6","ENCODE--ChIP-seq(rank=65); Literature--ChIP-seq(rank=154); ReMap--ChIP-seq(rank=257); GTEx--Coexpression(rank=685); Enrichr--Queries(rank=1310); ARCHS4--Coexpression(rank=1556)","1075","0.42630000000000001","GTEx Coexpression,0.4263"
"ora","ARID2","MD_SW480","0.0000000000000000000","1.000000000000000000000","ARID2","239","dorothea","239","0.0000000000000000000","1.000000000000000000000",NA,"","4","ReMap--ChIP-seq(rank=168); ARCHS4--Coexpression(rank=1314); Enrichr--Queries(rank=1317); GTEx--Coexpression(rank=1569)","1287","0.56569999999999998","ReMap ChIP-seq,0.5657"
"ora","ARNTL","MD_SW480","0.0000000000000000000","1.000000000000000000000","ARNTL","240","dorothea","240","0.0000000000000000000","1.000000000000000000000",NA,"","4","ARCHS4--Coexpression(rank=88); ReMap--ChIP-seq(rank=152); Enrichr--Queries(rank=619); GTEx--Coexpression(rank=1121)","225","0.05405000000000000","ARCHS4 Coexpression,0.05405"
"ora","CEBPD","MD_SW480","0.0000000000000000000","1.000000000000000000000","CEBPD","241","dorothea","241","0.0000000000000000000","1.000000000000000000000",NA,"","5","Literature--ChIP-seq(rank=61); ENCODE--ChIP-seq(rank=72); ReMap--ChIP-seq(rank=277); ARCHS4--Coexpression(rank=294); GTEx--Coexpression(rank=722)","590","0.18060000000000001","ARCHS4 Coexpression,0.1806"
"ora","E2F5","MD_SW480","0.0000000000000000000","1.000000000000000000000","E2F5","242","dorothea","242","0.0000000000000000000","1.000000000000000000000",NA,"","4","ReMap--ChIP-seq(rank=263); ARCHS4--Coexpression(rank=937); Enrichr--Queries(rank=946); GTEx--Coexpression(rank=1188)","1309","0.57560000000000000","ARCHS4 Coexpression,0.5756"
"ora","ELF5","MD_SW480","0.0000000000000000000","1.000000000000000000000","ELF5","243","dorothea","243","0.0000000000000000000","1.000000000000000000000",NA,"","5","Literature--ChIP-seq(rank=109); Enrichr--Queries(rank=153); ReMap--ChIP-seq(rank=215); ARCHS4--Coexpression(rank=260); GTEx--Coexpression(rank=357)","401","0.10900000000000000","Enrichr Queries,0.109"
"ora","ELK4","MD_SW480","0.0000000000000000000","1.000000000000000000000","ELK4","244","dorothea","244","0.0000000000000000000","1.000000000000000000000",NA,"","5","ENCODE--ChIP-seq(rank=111); ReMap--ChIP-seq(rank=266); GTEx--Coexpression(rank=817); Enrichr--Queries(rank=1186); ARCHS4--Coexpression(rank=1226)","1210","0.50839999999999996","GTEx Coexpression,0.5084"
"ora","ESR2","MD_SW480","0.0000000000000000000","1.000000000000000000000","ESR2","245","dorothea","245","0.0000000000000000000","1.000000000000000000000",NA,"","5","ReMap--ChIP-seq(rank=51); Literature--ChIP-seq(rank=83); Enrichr--Queries(rank=632); ARCHS4--Coexpression(rank=650); GTEx--Coexpression(rank=1047)","569","0.17169999999999999","ReMap ChIP-seq,0.1717"
"ora","FOSL1","MD_SW480","0.0000000000000000000","1.000000000000000000000","FOSL1","246","dorothea","246","0.0000000000000000000","1.000000000000000000000",NA,"","5","ENCODE--ChIP-seq(rank=16); ReMap--ChIP-seq(rank=24); ARCHS4--Coexpression(rank=609); GTEx--Coexpression(rank=648); Enrichr--Queries(rank=653)","313","0.08081000000000001","ReMap ChIP-seq,0.08081"
"ora","FOSL2","MD_SW480","0.0000000000000000000","1.000000000000000000000","FOSL2","247","dorothea","247","0.0000000000000000000","1.000000000000000000000",NA,"","5","ENCODE--ChIP-seq(rank=17); ReMap--ChIP-seq(rank=69); Enrichr--Queries(rank=604); GTEx--Coexpression(rank=658); ARCHS4--Coexpression(rank=1068)","507","0.14410000000000001","ENCODE ChIP-seq,0.1441"
"ora","HSF1","MD_SW480","0.0000000000000000000","1.000000000000000000000","HSF1","248","dorothea","248","0.0000000000000000000","1.000000000000000000000",NA,"","5","ENCODE--ChIP-seq(rank=71); Literature--ChIP-seq(rank=134); ReMap--ChIP-seq(rank=151); ARCHS4--Coexpression(rank=1550); GTEx--Coexpression(rank=1585)","1211","0.50839999999999996","ReMap ChIP-seq,0.5084"
"ora","JUND","MD_SW480","0.0000000000000000000","1.000000000000000000000","JUND","249","dorothea","249","0.0000000000000000000","1.000000000000000000000",NA,"","6","ENCODE--ChIP-seq(rank=14); Literature--ChIP-seq(rank=65); ReMap--ChIP-seq(rank=143); Enrichr--Queries(rank=1051); ARCHS4--Coexpression(rank=1112); GTEx--Coexpression(rank=1184)","429","0.11860000000000000","ENCODE ChIP-seq,0.1186"
"ora","KLF3","MD_SW480","0.0000000000000000000","1.000000000000000000000","KLF3","250","dorothea","250","0.0000000000000000000","1.000000000000000000000",NA,"","4","ReMap--ChIP-seq(rank=88); ARCHS4--Coexpression(rank=409); GTEx--Coexpression(rank=508); Enrichr--Queries(rank=720)","745","0.25119999999999998","ARCHS4 Coexpression,0.2512"
"ora","MYCN","MD_SW480","0.0000000000000000000","1.000000000000000000000","MYCN","251","dorothea","251","0.0000000000000000000","1.000000000000000000000",NA,"","5","GTEx--Coexpression(rank=4); Literature--ChIP-seq(rank=114); ReMap--ChIP-seq(rank=223); Enrichr--Queries(rank=497); ARCHS4--Coexpression(rank=969)","11","0.00248900000000000","GTEx Coexpression,0.002489"
"ora","NCOA1","MD_SW480","0.0000000000000000000","1.000000000000000000000","NCOA1","252","dorothea","252","0.0000000000000000000","1.000000000000000000000",NA,"","4","ReMap--ChIP-seq(rank=167); ARCHS4--Coexpression(rank=522); GTEx--Coexpression(rank=542); Enrichr--Queries(rank=785)","889","0.32060000000000000","ARCHS4 Coexpression,0.3206"
"ora","NCOA3","MD_SW480","0.0000000000000000000","1.000000000000000000000","NCOA3","253","dorothea","253","0.0000000000000000000","1.000000000000000000000",NA,"","4","ReMap--ChIP-seq(rank=161); ARCHS4--Coexpression(rank=619); Enrichr--Queries(rank=1020); GTEx--Coexpression(rank=1024)","1000","0.38019999999999998","ARCHS4 Coexpression,0.3802"
"ora","NFE2L2","MD_SW480","0.0000000000000000000","1.000000000000000000000","NFE2L2","254","dorothea","254","0.0000000000000000000","1.000000000000000000000",NA,"","5","Literature--ChIP-seq(rank=10); ARCHS4--Coexpression(rank=194); ReMap--ChIP-seq(rank=205); GTEx--Coexpression(rank=610); Enrichr--Queries(rank=706)","251","0.06098000000000000","Literature ChIP-seq,0.06098"
"ora","NR3C1","MD_SW480","0.0000000000000000000","1.000000000000000000000","NR3C1","255","dorothea","255","0.0000000000000000000","1.000000000000000000000",NA,"","6","ENCODE--ChIP-seq(rank=15); Literature--ChIP-seq(rank=38); ReMap--ChIP-seq(rank=197); ARCHS4--Coexpression(rank=631); Enrichr--Queries(rank=648); GTEx--Coexpression(rank=1176)","461","0.12709999999999999","ENCODE ChIP-seq,0.1271"
"ora","NR5A1","MD_SW480","0.0000000000000000000","1.000000000000000000000","NR5A1","256","dorothea","256","0.0000000000000000000","1.000000000000000000000",NA,"","3","GTEx--Coexpression(rank=428); ARCHS4--Coexpression(rank=457); Enrichr--Queries(rank=1046)","777","0.26629999999999998","GTEx Coexpression,0.2663"
"ora","PAX6","MD_SW480","0.0000000000000000000","1.000000000000000000000","PAX6","257","dorothea","257","0.0000000000000000000","1.000000000000000000000",NA,"","5","GTEx--Coexpression(rank=40); Enrichr--Queries(rank=60); Literature--ChIP-seq(rank=121); ReMap--ChIP-seq(rank=264); ARCHS4--Coexpression(rank=386)","107","0.02489000000000000","GTEx Coexpression,0.02489"
"ora","POU2F1","MD_SW480","0.0000000000000000000","1.000000000000000000000","POU2F1","258","dorothea","258","0.0000000000000000000","1.000000000000000000000",NA,"","4","ReMap--ChIP-seq(rank=280); ARCHS4--Coexpression(rank=490); GTEx--Coexpression(rank=616); Enrichr--Queries(rank=1039)","849","0.30099999999999999","ARCHS4 Coexpression,0.301"
"ora","POU2F2","MD_SW480","0.0000000000000000000","1.000000000000000000000","POU2F2","259","dorothea","259","0.0000000000000000000","1.000000000000000000000",NA,"","5","ENCODE--ChIP-seq(rank=115); ReMap--ChIP-seq(rank=274); ARCHS4--Coexpression(rank=314); Enrichr--Queries(rank=420); GTEx--Coexpression(rank=551)","621","0.19289999999999999","ARCHS4 Coexpression,0.1929"
"ora","RXRA","MD_SW480","0.0000000000000000000","1.000000000000000000000","RXRA","260","dorothea","260","0.0000000000000000000","1.000000000000000000000",NA,"","6","ENCODE--ChIP-seq(rank=21); Literature--ChIP-seq(rank=122); ReMap--ChIP-seq(rank=268); ARCHS4--Coexpression(rank=747); GTEx--Coexpression(rank=747); Enrichr--Queries(rank=782)","582","0.17799999999999999","ENCODE ChIP-seq,0.178"
"ora","SNAPC4","MD_SW480","0.0000000000000000000","1.000000000000000000000","SNAPC4","261","dorothea","261","0.0000000000000000000","1.000000000000000000000",NA,"","4","ReMap--ChIP-seq(rank=115); GTEx--Coexpression(rank=1086); Enrichr--Queries(rank=1169); ARCHS4--Coexpression(rank=1525)","1011","0.38719999999999999","ReMap ChIP-seq,0.3872"
"ora","SOX2","MD_SW480","0.0000000000000000000","1.000000000000000000000","SOX2","262","dorothea","262","0.0000000000000000000","1.000000000000000000000",NA,"","5","Literature--ChIP-seq(rank=2); ReMap--ChIP-seq(rank=48); GTEx--Coexpression(rank=167); Enrichr--Queries(rank=269); ARCHS4--Coexpression(rank=326)","55","0.01220000000000000","Literature ChIP-seq,0.0122"
"ora","SREBF2","MD_SW480","0.0000000000000000000","1.000000000000000000000","SREBF2","263","dorothea","263","0.0000000000000000000","1.000000000000000000000",NA,"","6","ENCODE--ChIP-seq(rank=80); Literature--ChIP-seq(rank=103); GTEx--Coexpression(rank=111); ReMap--ChIP-seq(rank=229); Enrichr--Queries(rank=932); ARCHS4--Coexpression(rank=1315)","279","0.06907000000000001","GTEx Coexpression,0.06907"
"ora","TCF3","MD_SW480","0.0000000000000000000","1.000000000000000000000","TCF3","264","dorothea","264","0.0000000000000000000","1.000000000000000000000",NA,"","6","Literature--ChIP-seq(rank=8); ENCODE--ChIP-seq(rank=24); ReMap--ChIP-seq(rank=114); GTEx--Coexpression(rank=1207); Enrichr--Queries(rank=1248); ARCHS4--Coexpression(rank=1461)","207","0.04878000000000000","Literature ChIP-seq,0.04878"
"ora","TGIF2","MD_SW480","0.0000000000000000000","1.000000000000000000000","TGIF2","265","dorothea","265","0.0000000000000000000","1.000000000000000000000",NA,"","4","ReMap--ChIP-seq(rank=246); GTEx--Coexpression(rank=673); Enrichr--Queries(rank=997); ARCHS4--Coexpression(rank=1192)","1067","0.41880000000000001","GTEx Coexpression,0.4188"
"ora","ZBED1","MD_SW480","0.0000000000000000000","1.000000000000000000000","ZBED1","266","dorothea","266","0.0000000000000000000","1.000000000000000000000",NA,"","4","ReMap--ChIP-seq(rank=283); Enrichr--Queries(rank=725); GTEx--Coexpression(rank=1053); ARCHS4--Coexpression(rank=1406)","1219","0.51639999999999997","Enrichr Queries,0.5164"
"ora","ZBTB11","MD_SW480","0.0000000000000000000","1.000000000000000000000","ZBTB11","267","dorothea","267","0.0000000000000000000","1.000000000000000000000",NA,"","4","ReMap--ChIP-seq(rank=291); ARCHS4--Coexpression(rank=1400); Enrichr--Queries(rank=1400); GTEx--Coexpression(rank=1600)","1593","0.85999999999999999","ARCHS4 Coexpression,0.86"
"ora","ZBTB33","MD_SW480","0.0000000000000000000","1.000000000000000000000","ZBTB33","268","dorothea","268","0.0000000000000000000","1.000000000000000000000",NA,"","5","ENCODE--ChIP-seq(rank=95); ReMap--ChIP-seq(rank=259); GTEx--Coexpression(rank=497); Enrichr--Queries(rank=1308); ARCHS4--Coexpression(rank=1448)","866","0.30930000000000002","GTEx Coexpression,0.3093"
"ora","ZNF217","MD_SW480","0.0000000000000000000","1.000000000000000000000","ZNF217","269","dorothea","269","0.0000000000000000000","1.000000000000000000000",NA,"","6","Literature--ChIP-seq(rank=6); ENCODE--ChIP-seq(rank=33); ReMap--ChIP-seq(rank=94); GTEx--Coexpression(rank=910); Enrichr--Queries(rank=1044); ARCHS4--Coexpression(rank=1081)","160","0.03659000000000000","Literature ChIP-seq,0.03659"
"ora","ZNF592","MD_SW480","0.0000000000000000000","1.000000000000000000000","ZNF592","270","dorothea","270","0.0000000000000000000","1.000000000000000000000",NA,"","4","ReMap--ChIP-seq(rank=132); GTEx--Coexpression(rank=1016); Enrichr--Queries(rank=1338); ARCHS4--Coexpression(rank=1409)","1111","0.44440000000000002","ReMap ChIP-seq,0.4444"
"ora","ZNF639","MD_SW480","0.0000000000000000000","1.000000000000000000000","ZNF639","271","dorothea","271","0.0000000000000000000","1.000000000000000000000",NA,"","4","ReMap--ChIP-seq(rank=184); ARCHS4--Coexpression(rank=612); GTEx--Coexpression(rank=871); Enrichr--Queries(rank=1371)","990","0.37590000000000001","ARCHS4 Coexpression,0.3759"
