"ID","Description","setSize","enrichmentScore","NES","pvalue","p.adjust","qvalue","rank","leading_edge","core_enrichment","log2err"
"GOCC_RIBOSOMAL_SUBUNIT","GOCC_RIBOSOMAL_SUBUNIT","173","-0.5695851039832088","-2.422301784504111","0.00000000010000000000000","0.00000002542500000000","0.00000002074665439177759","3446","tags=58%, list=25%, signal=44%","RPL39/RPS20/MRPS18A/MRPL4/RPL23/AURKAIP1/MRPL57/MRPL23/RPL41/MRPS5/RPS29/RPL27/RPL26L1/RPL35A/MRPS16/RPS16/RPL14/MRPS27/RPL38/MRPL36/RPL36A/MRPS24/RPLP1/RPS27/MRPL22/RPL12/MRPL3/MRPL20/RPS4X/MRPL11/RPS28/RPL11/RPS17/NPM1/RPL18/RPS15/RPL23A/RPL28/RPL31/RPL13/RPL6/MRPS14/RPS24/RPS3/RPS12/MRPL48/RPL36/RPL35/FAU/RPLP2/RPS18/RPS15A/RPL34/RPL9/RPL37A/RPL18A/RPL37/MRPL9/MRPS35/MRPS34/MRPL21/RPL10/RPL26/MRPL42/UBA52/RACK1/RPL7A/RPL7L1/MRPS33/RPS8/RPL19/RPS11/RPL5/RPLP0/RPS19/MRPL30/RPS14/MRPL37/RPS5/RPL4/RPS27A/MRPS15/RPS6/RPS25/RPL27A/RPS13/MRPS2/RPL13A/MRPS31/RPL22/RPL21/DDX3X/MRPS30/RPS23/MRPL18/RBM3/RPS2/RPS21/PTCD3/RPS7",NA
"GOCC_CYTOSOLIC_RIBOSOME","GOCC_CYTOSOLIC_RIBOSOME","112","-0.5878624808479840","-2.329301590869028","0.00000000010000000000000","0.00000002542500000000","0.00000002074665439177759","3446","tags=64%, list=25%, signal=49%","RPL39/RPS20/RPL23/RPL41/RPS29/RPL27/RPL26L1/RPL35A/RPS16/RPL14/ISG15/RPL38/RPL36A/RPLP1/RPS27/RPL12/RPS4X/RPS28/RPL11/RPS17/RPL18/RPS15/RPL23A/RPL28/RPL31/RPL13/RPL6/RPS24/RPS3/RPS12/GSPT1/RPL36/RPL35/FAU/RPLP2/RPS18/RPS15A/RPL34/RPL9/RPL37A/RPL18A/RPL37/RPL10/RPL26/RIOK3/UBA52/RACK1/RPL7A/RPL7L1/RPS8/RPL19/RPS11/RPL5/RPLP0/RPS19/RPS14/RPS5/RPL4/RPS27A/RPS6/RPS25/RPL27A/RPS13/RPL13A/RPL22/RPL21/ETF1/DDX3X/RPS23/RPS2/RPS21/RPS7",NA
"GOCC_SMALL_RIBOSOMAL_SUBUNIT","GOCC_SMALL_RIBOSOMAL_SUBUNIT","71","-0.5975889608540633","-2.241931151347391","0.00000016244504857160627","0.00002360094491390337","0.00001925823588783222423","3431","tags=63%, list=25%, signal=48%","RPS20/MRPS18A/AURKAIP1/MRPS5/RPS29/MRPS16/RPS16/MRPS27/MRPS24/RPS27/RPS4X/RPS28/RPS17/NPM1/RPS15/MRPS14/RPS24/RPS3/RPS12/FAU/RPS18/RPS15A/MRPS35/MRPS34/MRPL42/RACK1/MRPS33/RPS8/RPS11/RPS19/RPS14/RPS5/RPS27A/MRPS15/RPS6/RPS25/RPS13/MRPS2/MRPS31/DDX3X/RPS23/RPS2/RPS21/PTCD3/RPS7","0.6901324587967956"
"GOCC_CYTOSOLIC_SMALL_RIBOSOMAL_SUBUNIT","GOCC_CYTOSOLIC_SMALL_RIBOSOMAL_SUBUNIT","38","-0.6907545985162357","-2.231144279369421","0.00000111134838918542265","0.00014128016397519687","0.00011528380469644349958","3164","tags=74%, list=23%, signal=57%","RPS29/RPS16/RPS27/RPS4X/RPS28/RPS17/RPS15/RPS24/RPS3/RPS12/FAU/RPS18/RPS15A/RACK1/RPS8/RPS11/RPS19/RPS14/RPS5/RPS27A/RPS6/RPS25/RPS13/DDX3X/RPS23/RPS2/RPS21/RPS7","0.6435518361507222"
"GOCC_RIBOSOME","GOCC_RIBOSOME","218","-0.5007049748844151","-2.187622872742524","0.00000000010000000000000","0.00000002542500000000","0.00000002074665439177759","3667","tags=51%, list=26%, signal=38%","MRPL1/MRPL32/HSPA14/FUBP3/GADD45GIP1/RPL39/RPS20/MRPS18A/MRPL4/RPL23/AURKAIP1/MRPL57/MRPL23/RPL41/MRPS5/RPS29/RPL27/RPL26L1/RPL35A/MRPS16/RPS16/RPL14/MRPS27/ISG15/RPL38/MRPL36/RPL36A/MRPS24/RPLP1/RPS27/MRPL22/RPL12/MRPL3/MRPL20/RPS4X/MRPL11/RPS28/RPL11/RPS17/NPM1/RPL18/RPS15/RPL23A/RPL28/RPL31/RPL13/RPL6/MRPS14/RPS24/RPS3/RPS12/MRPL48/GSPT1/RPL36/RPL35/FAU/RPLP2/RPS18/RPS15A/RPL34/RPL9/RPL37A/RPL18A/RPL37/MRPL9/MRPS35/EEF2/MRPS34/MRPL21/RPL10/RPL26/MRPL42/RIOK3/UBA52/RACK1/RPL7A/RPL7L1/MRPS33/PNPT1/RPS8/RPL19/RPS11/RPL5/RPLP0/RPS19/MRPL30/RPS14/MRPL37/RPS5/RPL4/RPS27A/MRPS15/MTG2/RPS6/RPS25/RPL27A/RPS13/MRPS2/RPL13A/MRPS31/RPL22/RPL21/ETF1/DDX3X/MRPS30/RPS23/MRPL18/RBM3/RPS2/RPS21/PTCD3/RPS7",NA
"GOCC_LARGE_RIBOSOMAL_SUBUNIT","GOCC_LARGE_RIBOSOMAL_SUBUNIT","105","-0.5544682243583552","-2.176839614968733","0.00000003431437886163557","0.00000586644225451422","0.00000478698328274246016","3839","tags=60%, list=28%, signal=44%","RPL3/RPL3L/MRPL1/MRPL32/GADD45GIP1/RPL39/MRPS18A/MRPL4/RPL23/MRPL57/MRPL23/RPL41/RPL27/RPL26L1/RPL35A/RPL14/RPL38/MRPL36/RPL36A/RPLP1/MRPL22/RPL12/MRPL3/MRPL20/MRPL11/RPL11/NPM1/RPL18/RPL23A/RPL28/RPL31/RPL13/RPL6/MRPL48/RPL36/RPL35/RPLP2/RPL34/RPL9/RPL37A/RPL18A/RPL37/MRPL9/MRPL21/RPL10/RPL26/MRPL42/UBA52/RPL7A/RPL7L1/RPL19/RPL5/RPLP0/MRPL30/MRPL37/RPL4/RPL27A/RPL13A/RPL22/RPL21/MRPS30/MRPL18/RBM3","0.7195128263389107"
"GOCC_PRERIBOSOME","GOCC_PRERIBOSOME","104","-0.5490685450158104","-2.167297051402986","0.00000003461027878769451","0.00000586644225451422","0.00000478698328274246016","3182","tags=53%, list=23%, signal=41%","UTP14A/DIMT1/RPS16/RPS27/PNO1/UTP4/WDR46/NOP14/RPS19BP1/SNU13/WDR36/RPS4X/NOC4L/RPS28/MRTO4/RPS17/UTP20/NGDN/FBL/IMP4/RPS24/NOB1/RPS12/PPAN/HEATR1/NOL7/RPS15A/WDR12/EBNA1BP2/RRP7A/PDCD11/MAK16/RIOK3/WDR74/RPS8/RPS11/KRR1/WDR3/RPS19/RIOK1/RPS14/DHX37/RPS5/NOC2L/RPS27A/RRP15/RPS6/RPS13/PES1/TSR1/WDR43/RPS23/LTV1/NOL10/RPS7","0.7195128263389107"
"GOCC_MITOCHONDRIAL_PROTEIN_CONTAINING_COMPLEX","GOCC_MITOCHONDRIAL_PROTEIN_CONTAINING_COMPLEX","176","-0.5135345417247487","-2.159529856639151","0.00000000010000000000000","0.00000002542500000000","0.00000002074665439177759","3404","tags=43%, list=24%, signal=33%","MRPS18A/MRPL4/AURKAIP1/IMMP1L/MRPL57/MRPL23/MRPS5/FXN/MRPS16/MCUB/TIMM23/PDSS1/MRPS27/MRPL36/MRPS24/MRPL22/NDUFAB1/CLPX/ROMO1/DNAJC11/MRPL3/MRPL20/MRPL11/PRORP/PHB2/TOMM20/MRPS14/PMPCA/TRMT10B/MRPL48/TIMM44/TIMM13/TOMM5/TOMM22/MRPL9/MRPS35/MRPS34/MRPL21/MRPL42/TIMM10/TOMM40/NFS1/ECSIT/VDAC1/GRPEL1/MRPS33/SUPV3L1/PNPT1/HSPA9/MRPL30/TOMM7/PMPCB/MRPL37/TIMM10B/COA1/IMMP2L/MRPS15/LYRM4/MRPS2/TIMM50/GRPEL2/MRPS31/AGK/HADHA/CHCHD3/MRPS30/MICU2/MRPL18/HADHB/PPIF/APOO/MPC1/PTCD3/DNAJC15/TIMM17B/HSD17B10",NA
"GOCC_CYTOSOLIC_LARGE_RIBOSOMAL_SUBUNIT","GOCC_CYTOSOLIC_LARGE_RIBOSOMAL_SUBUNIT","52","-0.6089087112437042","-2.125537448401239","0.00000534804668866082486","0.00049445122566982357","0.00040346936843904245441","3446","tags=75%, list=25%, signal=57%","RPL39/RPL23/RPL41/RPL27/RPL26L1/RPL35A/RPL14/RPL38/RPL36A/RPLP1/RPL12/RPL11/RPL18/RPL23A/RPL28/RPL31/RPL13/RPL6/RPL36/RPL35/RPLP2/RPL34/RPL9/RPL37A/RPL18A/RPL37/RPL10/RPL26/UBA52/RPL7A/RPL7L1/RPL19/RPL5/RPLP0/RPL4/RPL27A/RPL13A/RPL22/RPL21","0.6105268783859310"
"GOCC_PROTEIN_COMPLEX_INVOLVED_IN_CELL_ADHESION","GOCC_PROTEIN_COMPLEX_INVOLVED_IN_CELL_ADHESION","37","0.6506633707311535","2.108116367099965","0.00001855591844396745622","0.00145164377365499236","0.00118453300578155121953","3010","tags=54%, list=22%, signal=42%","ITGB5/LAMC1/LAMB2/ITGB4/TNC/ITGA6/ITGAV/ITGA3/ITGB1/ITGB8/ITGA1/NID1/ITGA10/LAMB1/LGALS1/ITGAX/PLAU/ITGA9/ITGB7/ITGB2","0.5756102610711286"
"GOCC_SMALL_SUBUNIT_PROCESSOME","GOCC_SMALL_SUBUNIT_PROCESSOME","73","-0.5616154548044628","-2.058723180609967","0.00000367721063198546338","0.00037397232127292165","0.00030515927243028980386","3182","tags=56%, list=23%, signal=44%","UTP14A/DIMT1/RPS16/RPS27/PNO1/UTP4/WDR46/NOP14/RPS19BP1/SNU13/WDR36/RPS4X/NOC4L/RPS28/RPS17/UTP20/NGDN/FBL/IMP4/RPS24/RPS12/HEATR1/NOL7/RPS15A/RRP7A/PDCD11/RPS8/RPS11/KRR1/WDR3/RPS19/RPS14/DHX37/RPS5/RPS27A/RPS6/RPS13/WDR43/RPS23/NOL10/RPS7","0.6272567397185284"
"GOCC_BASEMENT_MEMBRANE","GOCC_BASEMENT_MEMBRANE","73","0.5507003002296843","2.030810927388289","0.00000314686056817898230","0.00035559524420422498","0.00029016368278720976702","658","tags=27%, list=5%, signal=26%","LAMC2/TIMP3/COL4A4/LAMC1/COL13A1/LAMB2/HSPG2/DST/ITGB4/DLG1/DAG1/TNC/COL4A3/LOXL2/COL2A1/FN1/ANXA2/COL4A5/SPARC/MATN2","0.6272567397185284"
"GOCC_INNER_MITOCHONDRIAL_MEMBRANE_PROTEIN_COMPLEX","GOCC_INNER_MITOCHONDRIAL_MEMBRANE_PROTEIN_COMPLEX","55","-0.5736635783051138","-2.010140772995645","0.00002726551913714229174","0.00198064521160526506","0.00161619514957339724566","3040","tags=44%, list=22%, signal=34%","MCUB/TIMM23/PDSS1/ROMO1/DNAJC11/PHB2/TRMT10B/TIMM44/TIMM10/ECSIT/GRPEL1/HSPA9/TIMM10B/COA1/IMMP2L/TIMM50/GRPEL2/AGK/CHCHD3/MICU2/APOO/MPC1/DNAJC15/TIMM17B","0.5756102610711286"
"GOCC_NUCLEOID","GOCC_NUCLEOID","49","-0.5692083120190090","-1.965728144326840","0.00006621747693868634572","0.00448954493644293431","0.00366344295664647540481","2935","tags=57%, list=21%, signal=45%","MTERF1/CLPX/TERT/DDX28/GRSF1/PRORP/TFAM/LONP1/POLDIP2/VDAC2/LRRC59/TUFM/FASTKD2/TFB2M/SHMT2/VDAC1/ATAD3A/SUPV3L1/HSPA9/TWNK/LRPPRC/DNAJA3/TFB1M/HADHA/HADHB/SSBP1/HSD17B10/SOD2","0.5384340963099162"
"GOCC_TIM23_MITOCHONDRIAL_IMPORT_INNER_MEMBRANE_TRANSLOCASE_COMPLEX","GOCC_TIM23_MITOCHONDRIAL_IMPORT_INNER_MEMBRANE_TRANSLOCASE_COMPLEX","15","-0.7455800533229726","-1.954740343685793","0.00080770504336877550940","0.03042355663355720760","0.02482544797817439266585","3033","tags=67%, list=22%, signal=52%","TIMM23/ROMO1/TIMM44/TIMM10/GRPEL1/HSPA9/TIMM50/GRPEL2/DNAJC15/TIMM17B","0.4772708153628621"
"GOCC_FILOPODIUM_TIP","GOCC_FILOPODIUM_TIP","15","-0.7377351430927681","-1.934172783634758","0.00108622017447990832327","0.03792514902484032946","0.03094670440806384856258","1518","tags=53%, list=11%, signal=48%","ABI2/MYO3B/ABITRAM/CIB1/FZD3/MYO5A/OSBPL3/VIL1","0.4550598673872295"
"GOCC_ACTOMYOSIN","GOCC_ACTOMYOSIN","81","0.4993266732880680","1.929396293398322","0.00011391636679459183593","0.00681487911941764096","0.00556090233283380083046","2131","tags=32%, list=15%, signal=27%","SORBS1/KAT2B/DST/FSCN1/TPM1/MYLK/FLNB/ACTN1/LUZP1/PALLD/PDLIM2/AFAP1L1/CTTNBP2NL/SEPTIN7/PPP1R12A/FBLIM1/BAG3/SEPTIN11/PDLIM1/AMOT/MYO1C/CDC42BPA/PDCD6IP/MYH10/PXN/MYH9","0.5384340963099162"
"GOCC_HEMIDESMOSOME","GOCC_HEMIDESMOSOME","8","0.8719018274100681","1.917975581210041","0.00019120158490825347867","0.00972260059258468930","0.00793358640250330614252","1572","tags=75%, list=11%, signal=67%","DST/ITGB4/EPPK1/PLEC/JUP/LAMA3","0.5188480777437918"
"GOCC_BLOOD_MICROPARTICLE","GOCC_BLOOD_MICROPARTICLE","60","0.5295210491990090","1.912363774406989","0.00018020530662252000407","0.00964572614921593852","0.00787085729697206692990","2840","tags=45%, list=20%, signal=36%","F13A1/YWHAZ/PROS1/POTEF/FN1/APOE/SLC2A1/GSN/C1RL/C1R/MSN/APOL1/A2M/SERPING1/POTEE/CLU/KDM4D/TGFB1/SDCBP/C1S/SERPINF2/ZBTB38/HSPA1B/C3/HSPA1A/ENG/ANXA5","0.5188480777437918"
"GOCC_INTEGRIN_COMPLEX","GOCC_INTEGRIN_COMPLEX","22","0.6603050563281310","1.880543456730851","0.00071632066368299918222","0.02860194781532354735","0.02333902561479550552548","3010","tags=59%, list=22%, signal=46%","ITGB5/ITGB4/ITGA6/ITGAV/ITGA3/ITGB1/ITGB8/ITGA1/ITGA10/ITGAX/ITGA9/ITGB7/ITGB2","0.4772708153628621"
"GOCC_PLATELET_ALPHA_GRANULE_LUMEN","GOCC_PLATELET_ALPHA_GRANULE_LUMEN","45","0.5475908455725973","1.876423687591139","0.00047089627467265901973","0.02176825051554973772","0.01776276775456223089300","2049","tags=49%, list=15%, signal=42%","THBS1/F13A1/SERPINA1/PROS1/APP/FN1/ACTN1/QSOX1/PDGFB/SPARC/TGFB2/TEX264/PCYOX1L/A2M/EGF/CYRIB/SERPING1/FERMT3/CLU/TGFB1/SERPINF2/SERPINE1","0.4984931087665903"
"GOCC_CEREBELLAR_CLIMBING_FIBER_TO_PURKINJE_CELL_SYNAPSE","GOCC_CEREBELLAR_CLIMBING_FIBER_TO_PURKINJE_CELL_SYNAPSE","6","0.9229420987794424","1.866601672936797","0.00015019667171532613960","0.00848611195191592733","0.00692461875305144022169","992","tags=83%, list=7%, signal=77%","PLXNA4/SORT1/GRN/PLXNC1/ITGB1","0.5188480777437918"
"GOCC_ASYMMETRIC_GLUTAMATERGIC_EXCITATORY_SYNAPSE","GOCC_ASYMMETRIC_GLUTAMATERGIC_EXCITATORY_SYNAPSE","10","0.7876340343776068","1.827434064419893","0.00209862343066468315031","0.06098000082817093409","0.04975933144512777184243","1550","tags=60%, list=11%, signal=53%","PLXNA4/SORT1/GRN/PLXNC1/ITGB1/NLGN3","0.4317076958033464"
"GOCC_LAMININ_COMPLEX","GOCC_LAMININ_COMPLEX","8","0.8167233228111048","1.796596062207469","0.00204062713727565020125","0.06098000082817093409","0.04975933144512777184243","108","tags=38%, list=1%, signal=37%","LAMC2/LAMC1/LAMB2","0.4317076958033464"
"GOCC_CELL_CELL_CONTACT_ZONE","GOCC_CELL_CELL_CONTACT_ZONE","57","0.4979666601868118","1.795205511162612","0.00110981720254805442220","0.03792514902484032946","0.03094670440806384856258","2279","tags=39%, list=16%, signal=32%","NECTIN3/NECTIN2/TIAM1/DLG1/ACTN1/ATP1B1/CTNNB1/FLOT2/SLC2A1/ITGB1/DSC2/GJC1/JUP/ATP2A2/AHNAK/SLC9A1/AKAP6/PIK3CA/SCRIB/TMEM65/OBSL1/BAIAP2L2","0.4550598673872295"
"GOCC_PLATELET_ALPHA_GRANULE","GOCC_PLATELET_ALPHA_GRANULE","60","0.4963696586409010","1.792637620988833","0.00111873595943481809328","0.03792514902484032946","0.03094670440806384856258","2049","tags=42%, list=15%, signal=36%","THBS1/F13A1/SERPINA1/PROS1/APP/FN1/ACTN1/QSOX1/PDGFB/SPARC/SERPINE2/TGFB2/TEX264/SYTL4/PCYOX1L/APLP2/A2M/EGF/CYRIB/SERPING1/FERMT3/CLU/TGFB1/SERPINF2/SERPINE1","0.4550598673872295"
"GOCC_EXORIBONUCLEASE_COMPLEX","GOCC_EXORIBONUCLEASE_COMPLEX","26","-0.6018965299105308","-1.791604405013988","0.00270527278605357844946","0.07243965041855861264","0.05911033988181010889740","3901","tags=62%, list=28%, signal=44%","EXOSC3/MPHOSPH6/LAS1L/DIS3L/EXOSC2/MTREX/NVL/PAN3/EXOSC5/EXOSC1/GTPBP1/WDR74/SUPV3L1/PNPT1/EXOSC8/DIS3","0.4317076958033464"
"GOCC_LYSOSOMAL_LUMEN","GOCC_LYSOSOMAL_LUMEN","78","0.4676548455830497","1.755115223103776","0.00071305451504763970368","0.02860194781532354735","0.02333902561479550552548","1773","tags=31%, list=13%, signal=27%","NPC2/CTSB/GPC4/HSPG2/MAN2B1/FUCA1/HYAL1/TPP1/SDC3/HEXB/SGSH/GBA1/TCN2/GLB1/LGMN/GNS/GAA/HSP90AA1/GM2A/HPSE/IDS/NSG1/LAMP2/PPT1","0.4772708153628621"
"GOCC_MHC_PROTEIN_COMPLEX","GOCC_MHC_PROTEIN_COMPLEX","18","0.6281813126415534","1.750073951142277","0.00809027856004445461435","0.14168949443823139478","0.11561781601005623187906","3419","tags=61%, list=25%, signal=46%","MR1/HLA-B/HFE/HLA-DQB1/HLA-DPA1/HLA-DRA/HLA-DRB1/HLA-DQA1/CD74/HLA-E/B2M","0.3807304007227924"
"GOCC_FLOTILLIN_COMPLEX","GOCC_FLOTILLIN_COMPLEX","8","0.7911902768797368","1.740429465154053","0.00585138338957860021372","0.11862767990276230912","0.09679950742344267666795","1507","tags=62%, list=11%, signal=56%","SORBS1/CORO1C/CTNNB1/FLOT2/CBL","0.4070179189239539"
"GOCC_PSEUDOPODIUM","GOCC_PSEUDOPODIUM","11","0.7111229475257040","1.724872142475874","0.00992676850436667937427","0.16024640585620494870","0.13076014945224026519988","1155","tags=36%, list=8%, signal=33%","ARRB1/ACTN1/RAF1/MSN","0.3807304007227924"
"GOCC_PROTEIN_COMPLEX_INVOLVED_IN_CELL_MATRIX_ADHESION","GOCC_PROTEIN_COMPLEX_INVOLVED_IN_CELL_MATRIX_ADHESION","13","0.6914261789712420","1.707853359897716","0.00744098519287585830062","0.13419192766106968762","0.10949984445823528200759","2349","tags=46%, list=17%, signal=38%","LAMC1/LAMB2/TNC/NID1/LAMB1/PLAU","0.4070179189239539"
"GOCC_EXTERNAL_SIDE_OF_PLASMA_MEMBRANE","GOCC_EXTERNAL_SIDE_OF_PLASMA_MEMBRANE","198","0.3916424935477053","1.694000543312062","0.00001682558133119617922","0.00142596801781887626","0.00116358173606357414437","1803","tags=22%, list=13%, signal=20%","NCAM1/THBS1/ALCAM/TNFRSF18/CTSB/MCAM/NT5E/TGFBR2/GPC4/CD24/LDLR/DAG1/PRNP/MR1/APP/CCR7/ITGAV/HEG1/ANTXR2/HLA-B/BTN3A1/HFE/ITGA3/TMEM123/TCN2/TGFBR3/BTN3A2/BCAM/IL2RB/FAS/ITGB1/ICAM1/ANTXR1/FOLR1/ERMAP/AMOT/CXCR6/TNFRSF13C/CD83/IL7R/IL6ST/CD163L1/ITGA1/P2RX7","0.5756102610711286"
"GOCC_IMMUNOLOGICAL_SYNAPSE","GOCC_IMMUNOLOGICAL_SYNAPSE","38","0.5109355038742468","1.691348501679351","0.00606552542275677532974","0.11862767990276230912","0.09679950742344267666795","2281","tags=42%, list=16%, signal=35%","NEDD9/ALCAM/PTPRJ/ZAP70/DLG1/PRKAR1A/SKAP1/ICAM1/NPTN/ATP2B1/PDCD6IP/HLA-DRA/PRKCQ/MYH9/SCRIB/HLA-DRB1","0.4070179189239539"
"GOCC_INTERCALATED_DISC","GOCC_INTERCALATED_DISC","38","0.5104432472937129","1.689718985970196","0.00606552542275677532974","0.11862767990276230912","0.09679950742344267666795","2711","tags=45%, list=19%, signal=36%","DLG1/ACTN1/ATP1B1/CTNNB1/SLC2A1/ITGB1/DSC2/GJC1/JUP/ATP2A2/SLC9A1/AKAP6/PIK3CA/TMEM65/OBSL1/YWHAH/SLC8A1","0.4070179189239539"
"GOCC_PROTEIN_LIPID_COMPLEX","GOCC_PROTEIN_LIPID_COMPLEX","26","0.5694148463675311","1.688865858816554","0.00922400747591923218793","0.15247760751150737923","0.12442085449464519719687","1644","tags=38%, list=12%, signal=34%","LDLR/VLDLR/APP/SAA1/SAA2/APOE/LSR/APOL1/SAA4/CLU","0.3807304007227924"
"GOCC_ENDOCYTIC_VESICLE_LUMEN","GOCC_ENDOCYTIC_VESICLE_LUMEN","12","0.6579798993971481","1.687255550830219","0.02363376076974567710498","0.26036894025282369958","0.21245956412109029409763","1132","tags=33%, list=8%, signal=31%","SAA1/SPARC/APOE/HSP90AA1","0.3524878575836192"
"GOCC_HIGH_DENSITY_LIPOPROTEIN_PARTICLE","GOCC_HIGH_DENSITY_LIPOPROTEIN_PARTICLE","16","0.6137551872883067","1.681620100950969","0.01470186766685331603011","0.21590385911886647574","0.17617631256598473288300","1644","tags=44%, list=12%, signal=39%","APP/SAA1/SAA2/APOE/APOL1/SAA4/CLU","0.3807304007227924"
"GOCC_PAM_COMPLEX_TIM23_ASSOCIATED_IMPORT_MOTOR","GOCC_PAM_COMPLEX_TIM23_ASSOCIATED_IMPORT_MOTOR","5","-0.8609047767293896","-1.660612788858516","0.00583059593340797769484","0.11862767990276230912","0.09679950742344267666795","1366","tags=60%, list=10%, signal=54%","GRPEL1/GRPEL2/DNAJC15","0.4070179189239539"
"GOCC_UDP_N_ACETYLGLUCOSAMINE_TRANSFERASE_COMPLEX","GOCC_UDP_N_ACETYLGLUCOSAMINE_TRANSFERASE_COMPLEX","6","0.8209402740273828","1.660308367022381","0.00929558669195030239096","0.15247760751150737923","0.12442085449464519719687","18","tags=33%, list=0%, signal=33%","EXT1/HAS2","0.3807304007227924"
"GOCC_OMEGASOME","GOCC_OMEGASOME","5","0.8473457275511506","1.656022549723306","0.00672285752865790873362","0.12661381678972394305","0.10331614938683379711915","530","tags=40%, list=4%, signal=38%","TRIM5/ZFYVE1","0.4070179189239539"
"GOCC_CARDIAC_MYOFIBRIL","GOCC_CARDIAC_MYOFIBRIL","5","-0.8569528284012498","-1.652989813458671","0.00634129636202198764677","0.12168110189012003308","0.09929108227826922983272","7","tags=20%, list=0%, signal=20%","MYH7B","0.4070179189239539"
"GOCC_ORGANELLAR_RIBOSOME","GOCC_ORGANELLAR_RIBOSOME","83","-0.4394794228155572","-1.648502883580156","0.00178419537034702900720","0.05498565732251298188","0.04486798147393870894728","3667","tags=41%, list=26%, signal=30%","MRPL1/MRPL32/GADD45GIP1/MRPS18A/MRPL4/AURKAIP1/MRPL57/MRPL23/MRPS5/MRPS16/MRPS27/MRPL36/MRPS24/MRPL22/MRPL3/MRPL20/MRPL11/MRPS14/MRPL48/MRPL9/MRPS35/MRPS34/MRPL21/MRPL42/MRPS33/MRPL30/MRPL37/MRPS15/MTG2/MRPS2/MRPS31/MRPS30/MRPL18/PTCD3","0.4550598673872295"
"GOCC_SYNAPTIC_CLEFT","GOCC_SYNAPTIC_CLEFT","17","0.6065678773432758","1.648357047392556","0.01891057133766075107340","0.24032100219614588310","0.19610056148078905402521","3193","tags=47%, list=23%, signal=36%","LAMB2/APP/APOE/CDH8/COLQ/LAMA5/ACHE/PRSS12","0.3524878575836192"
"GOCC_NEUROMUSCULAR_JUNCTION","GOCC_NEUROMUSCULAR_JUNCTION","72","0.4304622298199096","1.635956117320068","0.00431806604437599134139","0.10340649800129915470","0.08437911016310692402520","3316","tags=44%, list=24%, signal=34%","TUBA1A/LAMB2/HSPG2/DLG1/DAG1/NGFR/DLG4/ITGA3/COL4A5/PRKAR1A/SERPINE2/CHRNB1/PSEN1/CD2AP/ITGB1/PRKACA/SLC8A3/P2RX7/SV2A/PLS3/MYH10/MYH9/SYNGR4/FCHSD1/STX1B/COLQ/LAMA5/ACHE/SNTB1/SGCB/DLG3/UNC13B","0.4070179189239539"
"GOCC_CILIARY_ROOTLET","GOCC_CILIARY_ROOTLET","10","0.7044003181667327","1.634318833648786","0.02256642600069910797878","0.25500061380789995624","0.20807904048627914872505","1747","tags=30%, list=13%, signal=26%","PSEN1/KIF5B/SPAG5","0.3524878575836192"
"GOCC_CELL_BODY_FIBER","GOCC_CELL_BODY_FIBER","4","-0.9137879236367601","-1.632148752903444","0.00561789879535637588781","0.11862767990276230912","0.09679950742344267666795","1198","tags=75%, list=9%, signal=69%","SRD5A1/SACS/ASS1","0.4070179189239539"
"GOCC_NUCLEAR_EXOSOME_RNASE_COMPLEX","GOCC_NUCLEAR_EXOSOME_RNASE_COMPLEX","16","-0.6211393366907468","-1.627105481191546","0.01391041916764180520760","0.20804259255134874285","0.16976156406813119881249","3901","tags=62%, list=28%, signal=45%","EXOSC3/MPHOSPH6/EXOSC2/MTREX/NVL/EXOSC5/EXOSC1/WDR74/EXOSC8/DIS3","0.3807304007227924"
"GOCC_APICAL_JUNCTION_COMPLEX","GOCC_APICAL_JUNCTION_COMPLEX","134","0.3947359435660653","1.620886563042230","0.00143147739254677959682","0.04696169381355080191","0.03832047320362706732677","2128","tags=26%, list=15%, signal=22%","SORBS1/NECTIN3/MAGI1/NECTIN2/DLG1/CGN/CCND1/EPPK1/PALS1/POF1B/LUZP1/SHROOM3/CTNNB1/AMOTL2/TJP3/AMOTL1/LSR/OCEL1/FRMD6/ILDR1/MARVELD2/CLDN11/RHOA/OCLN/APC/MTDH/ASH1L/AMOT/JUP/ECT2/PDCD6IP/PKN2/CYTH1/STRN/PLXDC1","0.4550598673872295"
"GOCC_COLLAGEN_TRIMER","GOCC_COLLAGEN_TRIMER","46","0.4774860165323115","1.619115730790739","0.00752108149132838920553","0.13419192766106968762","0.10949984445823528200759","517","tags=17%, list=4%, signal=17%","COL4A4/CTHRC1/COL13A1/COL6A3/COL4A3/COL1A1/COL2A1/COL4A5","0.4070179189239539"
"GOCC_ACTIN_FILAMENT_BUNDLE","GOCC_ACTIN_FILAMENT_BUNDLE","82","0.4308140756915118","1.615893229499824","0.00270669293599334025158","0.07243965041855861264","0.05911033988181010889740","2411","tags=32%, list=17%, signal=26%","SORBS1/DST/FSCN1/TPM1/MYLK/FLNB/ACTN1/LUZP1/PALLD/PDLIM2/AFAP1L1/CTTNBP2NL/SEPTIN7/PPP1R12A/FBLIM1/BAG3/SEPTIN11/PDLIM1/AMOT/MYO1C/PLS3/MYH10/PXN/MYH9/GAS2L1/DIAPH3","0.4317076958033464"
"GOCC_MCM_COMPLEX","GOCC_MCM_COMPLEX","11","0.6655965380050983","1.614445055567386","0.02406556576574771233457","0.26036894025282369958","0.21245956412109029409763","3288","tags=64%, list=24%, signal=49%","TONSL/MCM5/MCM2/MMS22L/MCM6/MCM8/MCM7","0.3524878575836192"
"GOCC_SPERM_HEAD_TAIL_COUPLING_APPARATUS","GOCC_SPERM_HEAD_TAIL_COUPLING_APPARATUS","15","0.6148051731495779","1.611721798565926","0.03048892696834588217358","0.28978727782063329332","0.23646475909847450291856","1835","tags=40%, list=13%, signal=35%","CEP128/PRKAR1A/FSIP2/SPATC1L/CNTLN/DNAJB13","0.3524878575836192"
"GOCC_A_BAND","GOCC_A_BAND","26","0.5433262076021281","1.611487807304619","0.01783288367612770319859","0.23071608196419163272","0.18826300157860825779110","2749","tags=38%, list=20%, signal=31%","KAT2B/DST/OBSCN/PPP1R12A/SPTBN1/SLMAP/NBR1/OBSL1/ATP2A1/SMTNL1","0.3524878575836192"
"GOCC_MITOCHONDRIAL_LARGE_RIBOSOMAL_SUBUNIT","GOCC_MITOCHONDRIAL_LARGE_RIBOSOMAL_SUBUNIT","51","-0.4682421863787513","-1.606613154168097","0.00536367729492552829801","0.11858390888998396329","0.09676379052769082389496","4416","tags=47%, list=32%, signal=32%","MRPL28/MRPL2/MRPL19/MRPL45/MRPL1/MRPL32/GADD45GIP1/MRPS18A/MRPL4/MRPL57/MRPL23/MRPL36/MRPL22/MRPL3/MRPL20/MRPL11/MRPL48/MRPL9/MRPL21/MRPL42/MRPL30/MRPL37/MRPS30/MRPL18","0.4070179189239539"
"GOCC_ADHERENS_JUNCTION","GOCC_ADHERENS_JUNCTION","168","0.3748133736352072","1.603887651080342","0.00045615033766946015735","0.02176825051554973772","0.01776276775456223089300","1581","tags=24%, list=11%, signal=21%","NDRG1/SORBS1/NECTIN3/ANXA1/MAGI1/NECTIN2/FAT1/DLG1/DAG1/FRMD5/EHD4/DLG4/PALS1/POF1B/PDLIM2/ANXA2/SHROOM3/BMPR2/CTNNB1/ADAM10/NIBAN2/FLOT2/CDC42EP4/FRS2/DCHS2/PIP5K1C/FER/AHI1/NF2/BAIAP2L1/DSC2/MSN/TRPV4/APC/PDLIM1/JUP/PAK4/PACSIN2/LAMA3/RND1","0.4984931087665903"
"GOCC_EUKARYOTIC_TRANSLATION_INITIATION_FACTOR_2_COMPLEX","GOCC_EUKARYOTIC_TRANSLATION_INITIATION_FACTOR_2_COMPLEX","5","-0.8312757165113351","-1.603460827747460","0.01216224405700907194861","0.18991344949860400337","0.15496828716215710342041","2098","tags=80%, list=15%, signal=68%","EIF2S3B/EIF2A/EIF2S2/EIF2S3","0.3807304007227924"
"GOCC_EXOSOME_RNASE_COMPLEX","GOCC_EXOSOME_RNASE_COMPLEX","21","-0.5702691605316946","-1.597388941479417","0.01648561633229255959932","0.22732003635225234150","0.18549184780831848295968","3901","tags=57%, list=28%, signal=41%","EXOSC3/MPHOSPH6/DIS3L/EXOSC2/MTREX/NVL/EXOSC5/EXOSC1/GTPBP1/WDR74/EXOSC8/DIS3","0.3524878575836192"
"GOCC_U12_TYPE_PRECATALYTIC_SPLICEOSOME","GOCC_U12_TYPE_PRECATALYTIC_SPLICEOSOME","35","-0.4996207958521154","-1.596200324642361","0.01949876650552849130515","0.24032100219614588310","0.19610056148078905402521","5172","tags=69%, list=37%, signal=43%","PHF5A/SNRNP40/PRPF4/PRPF8/DDX23/CENATAC/PRPF3/SNRPD3/SNRPG/SART1/PDCD7/SF3B3/USP39/TXNL4B/SNRNP25/SNU13/SNRPD1/PRP4K/ZMAT5/SNRPE/SNRPF/SF3B6/PRPF6/SF3B5","0.3524878575836192"
"GOCC_CLATHRIN_COAT_OF_COATED_PIT","GOCC_CLATHRIN_COAT_OF_COATED_PIT","16","0.5821366568905531","1.594988888082025","0.02832038815913938065161","0.27922950643959337791","0.22784967811559012074163","3175","tags=50%, list=23%, signal=39%","CLTC/SYNJ1/TBC1D5/AP2M1/AP2B1/BTBD8/AP2A1/STON1","0.3524878575836192"
"GOCC_MHC_CLASS_I_PROTEIN_COMPLEX","GOCC_MHC_CLASS_I_PROTEIN_COMPLEX","9","0.6910142616855283","1.591756412790234","0.01759008041977576028425","0.23071608196419163272","0.18826300157860825779110","477","tags=33%, list=3%, signal=32%","MR1/HLA-B/HFE","0.3524878575836192"
"GOCC_PLASMA_MEMBRANE_RAFT","GOCC_PLASMA_MEMBRANE_RAFT","81","0.4118522820708825","1.591395591232057","0.00821994117193279409672","0.14168949443823139478","0.11561781601005623187906","1542","tags=28%, list=11%, signal=25%","HAS2/SORBS1/CAV1/ATP2B4/TGFBR2/DAG1/EHD2/CORO1C/KCNMA1/BMPR2/ATP1B1/CTNNB1/PRKAR1A/FLOT2/IRS1/SLC2A1/SELPLG/SKAP1/STIM1/SPRED1/PRKACA/CBL/PACSIN2","0.3807304007227924"
"GOCC_TRIGLYCERIDE_RICH_PLASMA_LIPOPROTEIN_PARTICLE","GOCC_TRIGLYCERIDE_RICH_PLASMA_LIPOPROTEIN_PARTICLE","11","0.6542172319827853","1.586843853796455","0.03202958952089649674599","0.29884488571331868645","0.24385571526625349214612","1210","tags=45%, list=9%, signal=42%","VLDLR/APP/APOE/LSR/APOL1","0.3217759180753611"
"GOCC_FASCIA_ADHERENS","GOCC_FASCIA_ADHERENS","5","0.8111992635804001","1.585379177741814","0.01654049428718453590426","0.22732003635225234150","0.18549184780831848295968","564","tags=40%, list=4%, signal=38%","ACTN1/CTNNB1","0.3524878575836192"
"GOCC_NUCLEAR_LAMINA","GOCC_NUCLEAR_LAMINA","15","-0.6039417272829699","-1.583397053466920","0.02666728209478931230225","0.27314692446061000775","0.22288632605550662280081","935","tags=27%, list=7%, signal=25%","LBR/EIF6/SUV39H1/CASK","0.3524878575836192"
"GOCC_COLLAGEN_TYPE_IV_TRIMER","GOCC_COLLAGEN_TYPE_IV_TRIMER","5","0.8095112953843274","1.582080272342254","0.01706008629119042455113","0.22829089155448240023","0.18628406009327919123919","517","tags=60%, list=4%, signal=58%","COL4A4/COL4A3/COL4A5","0.3524878575836192"
"GOCC_OUTER_MITOCHONDRIAL_MEMBRANE_PROTEIN_COMPLEX","GOCC_OUTER_MITOCHONDRIAL_MEMBRANE_PROTEIN_COMPLEX","24","-0.5373387719285161","-1.577109045169205","0.01963340816601033544941","0.24032100219614588310","0.19610056148078905402521","2671","tags=38%, list=19%, signal=30%","DNAJC11/TOMM20/TOMM5/TOMM22/TOMM40/HSPA9/TOMM7/CHCHD3/APOO","0.3524878575836192"
"GOCC_METHYLOSOME","GOCC_METHYLOSOME","14","-0.6124806051871879","-1.576664614591681","0.03773270410951809483713","0.32162957887044368865","0.26244789439520421758800","2584","tags=50%, list=19%, signal=41%","SNRPD1/WDR77/SNRPE/CLNS1A/PRMT1/SNRPF/RIOK1","0.3217759180753611"
"GOCC_PRERIBOSOME_LARGE_SUBUNIT_PRECURSOR","GOCC_PRERIBOSOME_LARGE_SUBUNIT_PRECURSOR","16","-0.6011164771151067","-1.574654601589835","0.02189788574372578816574","0.25261394017583904681","0.20613152847092675035157","3972","tags=75%, list=29%, signal=54%","RPF1/ZNF622/NSA2/MRTO4/PPAN/WDR12/EBNA1BP2/MAK16/WDR74/NOC2L/RRP15/PES1","0.3524878575836192"
"GOCC_CILIARY_TIP","GOCC_CILIARY_TIP","47","-0.4709393009275218","-1.574528572761140","0.00895735888434743589281","0.15182723308968903986","0.12389015269111647299383","1556","tags=26%, list=11%, signal=23%","CDKL5/IFT22/CYLD/IFT172/KIF3C/IFT88/IFT52/DYNC2I1/IFT56/KIF3B/SMO/WDR35","0.3807304007227924"
"GOCC_RNA_POLYMERASE_III_COMPLEX","GOCC_RNA_POLYMERASE_III_COMPLEX","18","-0.5768490020493555","-1.568710647197884","0.02120009942643803074747","0.24782185191594802154","0.20222121189500325000310","2357","tags=61%, list=17%, signal=51%","POLR3K/POLR3E/POLR3A/POLR3F/POLR2E/POLR1C/POLR3D/POLR3H/CRCP/POLR2F/POLR1D","0.3524878575836192"
"GOCC_LAMELLIPODIUM","GOCC_LAMELLIPODIUM","183","0.3625871225424255","1.565695931663258","0.00073121990481653123626","0.02860194781532354735","0.02333902561479550552548","2056","tags=32%, list=15%, signal=27%","NEDD9/FGD5/RAPGEF3/KITLG/FSCN1/SRGAP2/ANKRD28/RAC2/DAG1/PABPC1/SSH1/APP/MYLK/ITGAV/CORO1C/PLXND1/ITSN1/PALLD/CTNNB1/IQGAP2/CARMIL1/FLOT2/SH3RF1/BRK1/CTTNBP2NL/ARAP3/GSN/ARHGAP31/FER/ITGB1/NF2/RHOA/ANTXR1/ALS2/SORBS2/TRPV4/APC/KLHL2/RAPH1/SNX2/PKD2/TWF2/AMOT/FGD6/IGF2BP1/CARMIL2/PLEK2/ARPIN/CDC42BPA/KCNA2/SWAP70/SLC9A1/CCDC88A/ROCK1/MYH10/PKN2/PIK3CA/PXN","0.4772708153628621"
"GOCC_CHYLOMICRON","GOCC_CHYLOMICRON","4","0.8832986216626836","1.559694285473521","0.01486063927071844086025","0.21590385911886647574","0.17617631256598473288300","737","tags=50%, list=5%, signal=47%","APOE/LSR","0.3807304007227924"
"GOCC_P_BODY","GOCC_P_BODY","94","0.4000496544238116","1.559071893516732","0.00474010044368831841982","0.10956095798252317441","0.08940111426137559158533","3352","tags=37%, list=24%, signal=28%","SAMD4A/APOBEC3B/YTHDF3/TRIM21/TRIM5/LSM6/GARRE1/ZFP36L1/APOBEC3F/IGF2BP2/MOV10/TNRC6B/APOBEC3G/APOBEC3H/IGF2BP1/SQSTM1/DCP1B/PUM1/XRN1/LSM3/DCP1A/DDX6/PATL1/PATL2/APOBEC3C/DCP2/APOBEC3D/AGO1/AGO3/TNRC6C/RC3H1/AGO4/CNOT8/TNRC6A/ISG20","0.4070179189239539"
"GOCC_SOLID_PHASE_OF_BASEMENT_MEMBRANE","GOCC_SOLID_PHASE_OF_BASEMENT_MEMBRANE","6","0.7701769374830970","1.557642198643317","0.03258699320774027796688","0.30128156447519877092","0.24584403118116049391517","517","tags=50%, list=4%, signal=48%","COL4A4/COL4A3/COL4A5","0.3217759180753611"
"GOCC_NETWORK_FORMING_COLLAGEN_TRIMER","GOCC_NETWORK_FORMING_COLLAGEN_TRIMER","7","0.7395231539839955","1.554949897460856","0.03846823440405060939851","0.32204873982970388946","0.26278992733743816723191","517","tags=43%, list=4%, signal=41%","COL4A4/COL4A3/COL4A5","0.3217759180753611"
"GOCC_HIPPOCAMPAL_MOSSY_FIBER","GOCC_HIPPOCAMPAL_MOSSY_FIBER","5","0.7938595081758999","1.551490972463992","0.02577193346093096734672","0.27264773500199768197","0.22247899031612222708887","56","tags=20%, list=0%, signal=20%","SLC4A8","0.3524878575836192"
"GOCC_EXTERNAL_SIDE_OF_APICAL_PLASMA_MEMBRANE","GOCC_EXTERNAL_SIDE_OF_APICAL_PLASMA_MEMBRANE","6","-0.7536883493397268","-1.550034630262772","0.03153170482797450213663","0.29692355379675988702","0.24228791942575250706327","56","tags=33%, list=0%, signal=33%","ABCB1/ABCC4","0.3217759180753611"
"GOCC_SCHMIDT_LANTERMAN_INCISURE","GOCC_SCHMIDT_LANTERMAN_INCISURE","9","0.6686029968462001","1.540131900092441","0.03048646576111745457038","0.28978727782063329332","0.23646475909847450291856","1018","tags=33%, list=7%, signal=31%","PALS1/ANXA2/MARVELD2","0.3524878575836192"
"GOCC_PRECATALYTIC_SPLICEOSOME","GOCC_PRECATALYTIC_SPLICEOSOME","69","-0.4099778136173799","-1.533459909422103","0.01988539178170094581799","0.24032100219614588310","0.19610056148078905402521","5172","tags=64%, list=37%, signal=40%","PHF5A/LSM2/SNRNP40/SNRPC/PRPF4/PRPF8/SNRPA/DDX23/CENATAC/RNF113A/PRPF3/SNRPD3/SNRPG/SART1/PRPF38B/PDCD7/ZMAT2/LSM7/DHX16/SNRNP27/SF3B3/USP39/CWC27/SF3A3/SNRPB2/SNRNP70/TXNL4B/MAGOHB/SNRNP25/LSM4/SNU13/SNRPD1/PRP4K/ZMAT5/LSM5/SNRPE/SNRPF/TXNL4A/WBP4/SNRPA1/LSM8/SF3B6/PRPF6/SF3B5","0.3524878575836192"
"GOCC_LOW_DENSITY_LIPOPROTEIN_PARTICLE","GOCC_LOW_DENSITY_LIPOPROTEIN_PARTICLE","9","0.6655377576455792","1.533071099143958","0.03431901064393481914916","0.30612238250495632519","0.24979411097022108378951","737","tags=44%, list=5%, signal=42%","LDLR/APP/APOE/LSR","0.3217759180753611"
"GOCC_CELL_SUBSTRATE_JUNCTION","GOCC_CELL_SUBSTRATE_JUNCTION","377","0.3278261141660033","1.528079818200839","0.00008963792355789407045","0.00569761051614864171","0.00464921755113051685115","1935","tags=25%, list=14%, signal=22%","TGM2/NEDD9/ALCAM/SORBS1/ITGB5/ANXA1/CAV1/SPRY4/MCAM/CLTC/NECTIN2/MRC2/YWHAZ/HSPG2/PRAG1/DST/FAT1/ITGB4/RAC2/DAB2/DAG1/ANXA6/PABPC1/TNC/VIM/ITGA6/TGFB1I1/EPPK1/RHOU/ITGAV/FLNB/SSH2/TNS4/PTK7/CORO1C/ACTN1/NUMB/THSD1/PALLD/PDLIM2/ITGA3/CTNNB1/ADAM10/TLN2/FLOT2/MMP14/STARD8/GSN/PIP5K1C/ARHGAP31/PTPRA/PARVA/PPP1R12A/ITGB1/PLEC/NCSTN/ICAM1/RHOA/FBLIM1/ITGB8/PRUNE1/MSN/GNA13/LPXN/SORBS2/TRPV4/JAK1/PDLIM1/MAP4K4/SVIL/CD46/EPB41L2/TNS3/LIMS1/LASP1/CBL/JUP/CORO2B/PAK4/PACSIN2/LAMA3/LAP3/FERMT3/GIT2/FLRT3/CLASP2/AHNAK/IQGAP1/ITGA1/BCAR3/SLC9A1/LIMS2/SDCBP/FZD2/PDCD6IP","0.5384340963099162"
"GOCC_INTERPHASE_MICROTUBULE_ORGANIZING_CENTER","GOCC_INTERPHASE_MICROTUBULE_ORGANIZING_CENTER","4","-0.8547787131608620","-1.526750326423101","0.03681379652088150739031","0.31728500899776690414","0.25890275026032300020873","822","tags=50%, list=6%, signal=47%","DYNC2I1/MZT1","0.3217759180753611"
"GOCC_REPLICATION_FORK","GOCC_REPLICATION_FORK","75","0.4029625014982002","1.524902823054588","0.01554888884930577357124","0.22272140788371788678","0.18173939331420349563295","2693","tags=39%, list=19%, signal=31%","NBN/PRIMPOL/SMARCA5/TONSL/DONSON/BRIP1/HMCES/RAD51B/TEX264/SMARCAL1/RADX/TIMELESS/PRIM2/RAD18/BCL6/CHEK1/DNMT1/PCNA/RPA2/WDHD1/PRIM1/ZMIZ2/ZRANB3/PLRG1/RFC1/MMS22L/EME1/UHRF1/MCM10","0.3807304007227924"
"GOCC_EARLY_PHAGOSOME","GOCC_EARLY_PHAGOSOME","11","-0.6393929824850273","-1.514368911538253","0.04145833957747863812715","0.33462802658964901914","0.27305455329235045480729","491","tags=27%, list=4%, signal=26%","RAB31/SYT7/SYK","0.3217759180753611"
"GOCC_90S_PRERIBOSOME","GOCC_90S_PRERIBOSOME","27","-0.4977947480288286","-1.500230743222078","0.03436807477394204085597","0.30612238250495632519","0.24979411097022108378951","2831","tags=48%, list=20%, signal=38%","UTP4/NOP14/WDR36/NOC4L/UTP20/IMP4/HEATR1/WDR12/RRP7A/WDR3/NOC2L/PES1/TSR1","0.3217759180753611"
"GOCC_MYELIN_SHEATH_ADAXONAL_REGION","GOCC_MYELIN_SHEATH_ADAXONAL_REGION","4","0.8483974313328253","1.498067123629616","0.03795039278707300345328","0.32162957887044368865","0.26244789439520421758800","483","tags=50%, list=3%, signal=48%","PALS1/ANXA2","0.3217759180753611"
"GOCC_COMPLEX_OF_COLLAGEN_TRIMERS","GOCC_COMPLEX_OF_COLLAGEN_TRIMERS","21","0.5342362632368823","1.486391231997450","0.03301367906622660469695","0.30247668117434645119","0.24681923956326703994968","517","tags=29%, list=4%, signal=28%","COL4A4/COL6A3/COL4A3/COL1A1/COL2A1/COL4A5","0.3217759180753611"
"GOCC_SITE_OF_DNA_DAMAGE","GOCC_SITE_OF_DNA_DAMAGE","139","0.3535894780229591","1.475611492598621","0.00586322358844790572641","0.11862767990276230912","0.09679950742344267666795","3286","tags=34%, list=24%, signal=26%","CBX5/NBN/SMARCA5/RAD54B/TONSL/HPF1/DDB2/PARP9/EXD2/PARP3/XPC/PHF1/SMARCAL1/TIMELESS/RAD18/CBX1/KAT7/EPC1/SLF2/TDP1/REV3L/RPA2/KDM4D/ATM/HELLS/ADPRS/WDR76/XRCC1/SETMAR/HTATSF1/SMC5/LMNA/ATF2/ZGRF1/MMS22L/STK38/OARD1/RAD51/HROB/RFWD3/HELQ/INIP/POLH/RPA1/TOPBP1/TP53BP1/XRCC4","0.4070179189239539"
"GOCC_CAVEOLA","GOCC_CAVEOLA","60","0.4073157213415967","1.471019577821117","0.02935210558788119150631","0.28429610840833496876","0.23198399630580374131128","711","tags=22%, list=5%, signal=21%","SORBS1/CAV1/ATP2B4/TGFBR2/EHD2/CORO1C/KCNMA1/BMPR2/ATP1B1/CTNNB1/FLOT2/IRS1/SLC2A1","0.3524878575836192"
"GOCC_BASAL_PART_OF_CELL","GOCC_BASAL_PART_OF_CELL","229","0.3305769228951393","1.470400419055106","0.00292033631297833979820","0.07615338539228132253","0.06214072635191758564588","2005","tags=27%, list=14%, signal=24%","NEDD9/SLC6A6/ANXA1/SLC4A8/CAV1/ATP2B4/SLC5A3/LDLR/DST/ITGB4/DLG1/DAG1/EPPK1/EDN1/SLC4A11/NUMB/DSTYK/ATP7A/SLC12A6/HFE/ANXA2/ITGA3/PDGFB/BMPR2/ATP1B1/CTNNB1/FLOT2/SLC2A1/TGFBR3/ERBB3/SLC9A2/SLC13A3/SLC16A6/MARVELD2/CLDN11/HSP90AA1/MSN/FOLR1/GM2A/ATP2B1/SVOP/KRT14/NDRG4/PKD2/MYO1C/ALPK2/SLC29A4/ABCC1/CLASP2/SLCO2A1/ENPP1/IQGAP1/ITGA1/CNNM2/SLC26A6/SLC9A1/C5AR1/SLC27A1/SLC26A5/SLC17A5/MUC20/TGFA","0.4317076958033464"
"GOCC_OTHER_ORGANISM_CELL_MEMBRANE","GOCC_OTHER_ORGANISM_CELL_MEMBRANE","2","0.9772652509734508","1.469702864804359","0.00366381564219240164065","0.09088050019779689292","0.07415796769146772160486","213","tags=50%, list=2%, signal=49%","C5","0.4317076958033464"
"GOCC_GOLGI_LUMEN","GOCC_GOLGI_LUMEN","61","0.4078704692384015","1.464200519168695","0.02648939579734018931467","0.27314692446061000775","0.22288632605550662280081","1087","tags=21%, list=8%, signal=20%","GPC4/HSPG2/PROS1/DAG1/APP/SDC3/TPST1/PDGFB/RAB33B/MMP14/WNT7A/WNT5A/FCGBP","0.3524878575836192"
"GOCC_ENDOPLASMIC_RETICULUM_LUMEN","GOCC_ENDOPLASMIC_RETICULUM_LUMEN","237","0.3265439800865250","1.459850924700360","0.00234881907724059394924","0.06635413893204678004","0.05414459736036061898723","1644","tags=20%, list=12%, signal=18%","THBS1/COL4A4/CCN1/LAMC1/COL13A1/SERPINA1/LAMB2/IGFBP4/COL6A3/DAG1/IGFBP7/TNC/COL4A3/SUMF1/APP/PDGFC/FAM20C/EDN1/COL1A1/COL2A1/VCPIP1/FN1/PTGS2/ARSK/QSOX1/PDGFB/COL4A5/ADAM10/ADAMTS7/LTBP1/APOE/WNT7A/WNT5A/P4HA3/SERPINH1/P4HA2/ERAP1/RCN2/POGLUT1/APOL1/IGFBP3/APLP2/CCDC134/SERPING1/EOGT/GGCX/NUCB1/CLU","0.4317076958033464"
"GOCC_PODOSOME","GOCC_PODOSOME","37","0.4503978661904824","1.459266275210956","0.04612348905795067566249","0.36935108954280188032","0.30138837380416944045081","1643","tags=35%, list=12%, signal=31%","ASAP1/FSCN1/RHOU/PALLD/SCN8A/AFAP1L1/AMOTL2/CD2AP/PLEC/LPXN/SVIL/TNS3/FERMT3","0.3217759180753611"
"GOCC_CYTOPLASMIC_SIDE_OF_PLASMA_MEMBRANE","GOCC_CYTOPLASMIC_SIDE_OF_PLASMA_MEMBRANE","131","-0.3562701342338395","-1.453885400118657","0.01939299160424930515423","0.24032100219614588310","0.19610056148078905402521","2437","tags=27%, list=18%, signal=23%","SNX5/C2CD2L/LDLRAP1/RGS17/GNAT2/GNAQ/GNB2/G6PD/RGS16/LYN/SAMD10/GNG7/CYLD/NTSR1/PPP3CA/CACNB4/TRAF5/GNA12/RGS19/SPTB/TH/GNAL/CHMP4B/GNAZ/KCNAB2/PLEKHA4/DNAJA3/ASPSCR1/OSBPL2/RASA3/MCF2L/ESYT2/ACP1/CDK16/SYAP1/GNG4","0.3524878575836192"
"GOCC_EXCITATORY_SYNAPSE","GOCC_EXCITATORY_SYNAPSE","45","0.4237859007503787","1.452182608720645","0.02793470008665554019101","0.27852539204047732646","0.22727512479835368375269","1598","tags=24%, list=11%, signal=22%","CADPS2/PLXNA4/DLG4/PALLD/ITGA3/SORT1/GRN/PLXNC1/ITGB1/NLGN3/NLGN2","0.3524878575836192"
"GOCC_VESICLE_LUMEN","GOCC_VESICLE_LUMEN","252","0.3226060489206213","1.450096882365375","0.00171870410693581495559","0.05462256489855386865","0.04457170013540762837367","2049","tags=25%, list=15%, signal=21%","ADM/THBS1/TIMP3/NPC2/F13A1/SERPINA1/AMPD3/PROS1/MAN2B1/GMFG/FUCA1/GSDMD/APP/SERPINB1/ECM1/HEXB/FN1/ACTN1/ANXA2/QSOX1/PDGFB/ATG7/SPARC/NAPRT/MVP/GLB1/GRN/ARHGAP9/GSN/GNS/SPTAN1/TGFB2/PFKL/GCA/NHLRC3/TEX264/CSTB/HSP90AA1/PCYOX1L/GM2A/ITIH3/HPSE/A2M/EGF/CYRIB/SERPING1/AGA/JUP/TIMP4/GHDC/FERMT3/CLU/DYNC1H1/TGFB1/CANT1/BPI/ROCK1/SDCBP/ARMC8/OSCAR/SERPINF2/SERPINE1","0.4550598673872295"
"GOCC_CLATHRIN_COATED_PIT","GOCC_CLATHRIN_COATED_PIT","70","0.3882078430989045","1.448640796775588","0.03461560864117008834429","0.30612238250495632519","0.24979411097022108378951","636","tags=20%, list=5%, signal=19%","CEMIP/CLTC/LDLR/DAB2/ARRB1/VLDLR/APP/LRP12/SYNJ1/NUMB/ITSN1/BMPR2/SORT1/SH3BP4","0.3217759180753611"
"GOCC_CHROMOSOMAL_REGION","GOCC_CHROMOSOMAL_REGION","391","0.3094093324944415","1.435817702894560","0.00057496191935831845055","0.02542331617336564611","0.02074528039888718158879","3359","tags=31%, list=24%, signal=24%","ZNF827/KAT2B/TEP1/CBX5/RAD21/MTBP/NBN/SPC24/SMARCA5/TERF1/CENPU/LUZP1/ZBTB10/SGO1/MACROH2A2/SUMO3/ZNF330/NSMCE2/MCM5/TINF2/SMARCA4/SEC13/PHF6/MCM2/PSEN1/MIS18A/SEPTIN7/PPP1R12A/KNL1/RECQL4/RCC2/PBRM1/KIF2C/HJURP/CENPK/DSCC1/NDC80/BRCA2/SPDL1/CBX1/KAT7/ERCC6L/CDK2/APC/UHRF2/ZNF618/HMBOX1/SMARCC1/CHEK1/SLF2/KANSL1/KNTC1/PML/CHMP4C/GPATCH11/CENPC/ATF7/SMARCC2/CLASP2/DNMT1/WDR82/PCNA/HSF1/SPAG5/RPA2/KDM4D/ORC1/MSH2/TOP2A/ZWILCH/BUB1/ATM/HELLS/CHMP2B/TTK/DYNC1LI1/CDCA8/CENPB/SKA2/ERCC1/CDC73/CENPN/XRCC1/STAG1/SMC5/DYNC1I1/DCLRE1B/SIN3A/DCTN2/DCTN1/RAD51/MTCL1/TPR/CENPF/CENPQ/GTF2B/NCAPD2/H4C1/STAG2/SMC4/CTC1/CENPI/THOC7/RPA1/DHX36/EZH1/NSL1/PDS5B/MCM6/GATAD2B/ZWINT/CLASP1/NSMCE3/SMARCE1/AURKB/PPP1R10/TP53BP1/MCM7/CDT1/TNKS2/PURA/NUP98","0.4772708153628621"
"GOCC_TRANS_SYNAPTIC_PROTEIN_COMPLEX","GOCC_TRANS_SYNAPTIC_PROTEIN_COMPLEX","3","-0.8839850488786659","-1.431446351727356","0.02363376076974567710498","0.26036894025282369958","0.21245956412109029409763","1618","tags=100%, list=12%, signal=88%","EGFLAM/NRXN3/GRID1","0.3524878575836192"
"GOCC_GLYCOPROTEIN_IB_IX_V_COMPLEX","GOCC_GLYCOPROTEIN_IB_IX_V_COMPLEX","2","-0.9440194736021092","-1.429863924665354","0.03908188408963896715020","0.32204873982970388946","0.26278992733743816723191","319","tags=50%, list=2%, signal=49%","FLNA","0.3217759180753611"
"GOCC_INTERMEDIATE_DENSITY_LIPOPROTEIN_PARTICLE","GOCC_INTERMEDIATE_DENSITY_LIPOPROTEIN_PARTICLE","2","0.9503342197944369","1.429201461898131","0.01695545221848570455192","0.22829089155448240023","0.18628406009327919123919","693","tags=100%, list=5%, signal=95%","APP/APOE","0.3524878575836192"
"GOCC_OUTER_MEMBRANE","GOCC_OUTER_MEMBRANE","238","-0.3227277581288996","-1.427258183181593","0.00514966331486581708338","0.11638239091596747077","0.09496736446892163618916","3571","tags=36%, list=26%, signal=27%","SARM1/EPHA4/SMPD4/VAT1/PPTC7/SAMM50/BNIP1/DMPK/SMIM26/BRI3BP/PGAM5/OPA1/ENO1/RHOT1/ZNFX1/BCL2L1/SYNE1/GRK2/DNM1L/DHCR7/ACSL4/NUTF2/BCL2/FIS1/DNAJC11/MIEF1/LETMD1/SPIRE1/COASY/BMF/AGPAT5/PHB2/ANKH/TOMM20/ARMC10/CISD1/STARD7/VDAC2/STMP1/SLC44A2/BOK/TUFM/HK2/DELE1/TOMM5/TOMM22/AKAP1/THG1L/SLC22A3/FUNDC1/SEPTIN4/MIGA2/TRIM14/TOMM40/UBA52/NEU4/VDAC1/HSPA9/PLD6/MTARC1/TOMM7/FUNDC2/RPS27A/LPIN1/LRPPRC/RMDN3/NIPSNAP2/CYB5B/SIGMAR1/AGK/CHCHD3/PDE2A/CPT1A/SERAC1/HADHB/GK/RAB32/APOO/RHOD/MIMS2/TOMM34/EMD/IFI27/ASS1/MAOB","0.4070179189239539"
"GOCC_CLATHRIN_COATED_ENDOCYTIC_VESICLE","GOCC_CLATHRIN_COATED_ENDOCYTIC_VESICLE","64","0.3912490679428542","1.427030774627778","0.02210682465648935307589","0.25261394017583904681","0.20613152847092675035157","3224","tags=42%, list=23%, signal=33%","CEMIP/CLTC/AVPR2/LDLR/RAB5A/APOE/ROR2/WNT5A/HLA-DQB1/TBC1D5/HLA-DPA1/AP2M1/EGF/AP2B1/IL7R/FZD2/TGFA/HLA-DRA/BTBD8/HLA-DRB1/MYO6/BTC/AP2A1/HLA-DQA1/CD74/STON1/TGOLN2","0.3524878575836192"
"GOCC_CONDENSED_CHROMOSOME","GOCC_CONDENSED_CHROMOSOME","266","0.3198615521939644","1.424981392341402","0.00301581211348720713838","0.07667702298541224926","0.06256801162905542557091","3359","tags=33%, list=24%, signal=26%","TUBA1A/KAT2B/FANCD2/CBX5/RAD21/ESRRB/MTBP/SPC24/SMARCA5/CENPU/SGO1/SUMO3/NOL6/NSMCE2/SMARCA4/SEC13/PHF6/CDCA2/HMGB2/PSEN1/SEPTIN7/PPP1R12A/KNL1/PBRM1/KIF2C/HJURP/MLH1/CENPK/NDC80/BRCA2/SPDL1/ERCC6L/CDK2/APC/SMARCC1/CHEK1/SLF2/KANSL1/KNTC1/CHMP4C/NCAPH/GPATCH11/CENPC/SMARCC2/CLASP2/HSF1/SPAG5/TOP2A/ZWILCH/BUB1/CHMP2B/TTK/DYNC1LI1/CENPB/SKA2/CENPN/TUBG1/SETMAR/SMC5/DYNC1I1/SIN3A/DCTN2/DCTN1/RAD51/MTCL1/TPR/CENPF/CENPQ/GTF2B/NCAPD2/SYCE2/BRCA1/SMC4/RNF212B/CENPI/RPA1/AGO3/NSL1/ZWINT/CLASP1/NSMCE3/RRS1/SMARCE1/AURKB/TOPBP1/TP53BP1/XRCC4/CDT1/NUP98","0.4317076958033464"
"GOCC_PLASMA_MEMBRANE_SIGNALING_RECEPTOR_COMPLEX","GOCC_PLASMA_MEMBRANE_SIGNALING_RECEPTOR_COMPLEX","139","0.3386626117868060","1.413318192781821","0.01226120733576028555556","0.18991344949860400337","0.15496828716215710342041","1890","tags=24%, list=14%, signal=21%","ALCAM/ITGB5/TGFBR2/ZAP70/ITGB4/ITGA6/ITGAV/DLG4/IGF1R/ACVR1/HFE/ITGA3/GRIN2D/TRAF6/IRS1/IL1RAP/ERBB3/CHRNB1/IL2RB/BIRC2/SKAP1/TGFB2/ITGB1/CSF2/ITGB8/JAK1/GRIN2B/ACVR1C/IL6ST/ITGA1/TGFB1/ITGA10/SDCBP","0.3807304007227924"
"GOCC_CLATHRIN_COATED_ENDOCYTIC_VESICLE_MEMBRANE","GOCC_CLATHRIN_COATED_ENDOCYTIC_VESICLE_MEMBRANE","53","0.4096431389944508","1.410385166671913","0.02855444313639892914281","0.27922950643959337791","0.22784967811559012074163","3224","tags=47%, list=23%, signal=36%","CLTC/AVPR2/LDLR/RAB5A/APOE/ROR2/WNT5A/HLA-DQB1/TBC1D5/HLA-DPA1/AP2M1/EGF/AP2B1/IL7R/FZD2/TGFA/HLA-DRA/BTBD8/HLA-DRB1/BTC/AP2A1/HLA-DQA1/CD74/STON1/TGOLN2","0.3524878575836192"
"GOCC_PML_BODY","GOCC_PML_BODY","100","0.3552916490264647","1.407591433383753","0.03429906257560079441138","0.30612238250495632519","0.24979411097022108378951","2735","tags=32%, list=20%, signal=26%","CBX5/NBN/CHD3/TP53INP1/SATB1/MORC3/SUMO3/NSMCE2/HIPK1/CDK9/IKBKE/SKI/SKIL/HMBOX1/WDFY3/SLF2/PML/SQSTM1/HSF1/RPA2/RNF111/KAT6A/EIF3E/HIPK3/SMC5/PATL1/LRCH4/RAD51/SENP2/ANKRD2/CASP8AP2/RFWD3","0.3217759180753611"
"GOCC_I_BAND","GOCC_I_BAND","110","0.3472350073398067","1.404965768427815","0.02593081126370925734714","0.27264773500199768197","0.22247899031612222708887","2749","tags=35%, list=20%, signal=28%","ATP2B4/KAT2B/FBXO32/DST/JPH2/FLNB/FRG1/CACNA1D/ACTN1/PALLD/PDLIM2/SCN8A/CTNNB1/OBSCN/SLC2A1/PARVA/PPP1R12A/PRKD1/PLEC/SORBS2/BAG3/PDLIM1/JUP/JPH1/SLMAP/CACNA1C/FKBP1A/KCNN3/KCNN2/DNAJB4/KRT19/OBSL1/PDE4B/SYNE2/ATP2A1/ANKRD2/SLC8A1/SMTNL1","0.3524878575836192"
"GOCC_BASOLATERAL_PLASMA_MEMBRANE","GOCC_BASOLATERAL_PLASMA_MEMBRANE","188","0.3233063088015677","1.402686549335388","0.01580912129866653831334","0.22330383834366485107","0.18221465323395819035923","2005","tags=27%, list=14%, signal=23%","NEDD9/SLC6A6/ANXA1/SLC4A8/CAV1/ATP2B4/SLC5A3/LDLR/DLG1/DAG1/EPPK1/SLC4A11/NUMB/DSTYK/ATP7A/SLC12A6/ANXA2/ITGA3/PDGFB/ATP1B1/CTNNB1/FLOT2/SLC2A1/TGFBR3/ERBB3/SLC9A2/SLC13A3/SLC16A6/MARVELD2/HSP90AA1/MSN/FOLR1/GM2A/ATP2B1/NDRG4/PKD2/ALPK2/SLC29A4/ABCC1/SLCO2A1/ENPP1/IQGAP1/CNNM2/SLC26A6/SLC9A1/C5AR1/SLC26A5/SLC17A5/MUC20/TGFA","0.3524878575836192"
"GOCC_CHROMOSOME_CENTROMERIC_REGION","GOCC_CHROMOSOME_CENTROMERIC_REGION","257","0.3092718123216177","1.383109473924751","0.01368138701966094966656","0.20767120297007740648","0.16945851229675087945559","2787","tags=28%, list=20%, signal=23%","KAT2B/CBX5/RAD21/MTBP/SPC24/SMARCA5/CENPU/LUZP1/SGO1/SUMO3/ZNF330/SMARCA4/SEC13/PHF6/PSEN1/MIS18A/SEPTIN7/PPP1R12A/KNL1/RCC2/PBRM1/KIF2C/HJURP/CENPK/DSCC1/NDC80/SPDL1/CBX1/KAT7/ERCC6L/APC/UHRF2/ZNF618/SMARCC1/KANSL1/KNTC1/CHMP4C/GPATCH11/CENPC/SMARCC2/CLASP2/DNMT1/HSF1/SPAG5/KDM4D/TOP2A/ZWILCH/BUB1/HELLS/CHMP2B/TTK/DYNC1LI1/CDCA8/CENPB/SKA2/CENPN/STAG1/SMC5/DYNC1I1/SIN3A/DCTN2/DCTN1/MTCL1/TPR/CENPF/CENPQ/GTF2B/NCAPD2/H4C1/STAG2/SMC4","0.3807304007227924"
"GOCC_NUCLEAR_PORE","GOCC_NUCLEAR_PORE","91","-0.3600094858737711","-1.381080795861174","0.02600474955279623995308","0.27264773500199768197","0.22247899031612222708887","3312","tags=33%, list=24%, signal=25%","NUP50/MAD2L1/NPIPA1/NUP155/CHMP2A/NUTF2/CETN2/NXT1/VPS4A/RANBP2/KPNA3/RANBP17/RAN/ZC3HC1/RGPD3/NUP58/RANBP1/IPO7/XPOT/CHMP4B/NUP88/NUP42/NUP205/EIF5A/UBE2I/NUP43/RAE1/PCID2/XPO4/IPO5","0.3524878575836192"
"GOCC_CENTRIOLAR_SATELLITE","GOCC_CENTRIOLAR_SATELLITE","84","0.3598870615822436","1.379788565147517","0.03891663299412252696730","0.32204873982970388946","0.26278992733743816723191","4496","tags=54%, list=32%, signal=36%","ASAP1/C2CD3/CHD3/CENPU/CCDC14/CSPP1/BBS9/NEK1/FNIP2/PJA2/CCDC18/TTC8/WDR62/SPAG5/TBC1D31/CCDC15/MYOF/PRKCQ/PATJ/RAB11A/MICALL1/TEX9/FLII/TACC3/MIB1/CCDC66/WDR90/CEP162/PCM1/PIK3R5/EXOC7/BBS4/PARD6A/CFAP263/TLN1/TMEM63A/PLK1/ZMYND10/FAM184A/LRRC49/SDCCAG8/CEP20/PCNT/CFAP53/SPAG9","0.3217759180753611"
"GOCC_VACUOLAR_LUMEN","GOCC_VACUOLAR_LUMEN","139","0.3286564933183945","1.371560322918588","0.02103578634758447238329","0.24782185191594802154","0.20222121189500325000310","1890","tags=24%, list=14%, signal=21%","NPC2/CTSB/GPC4/HSPG2/MAN2B1/FUCA1/HYAL1/TPP1/SDC3/HEXB/SGSH/ANXA2/GBA1/NAPRT/TCN2/GLB1/LGMN/GRN/GNS/GAA/GCA/NHLRC3/HSP90AA1/GM2A/HPSE/IDS/NSG1/AGA/LAMP2/DYNC1H1/PPT1/BPI/SDCBP","0.3524878575836192"
"GOCC_RESPIRATORY_CHAIN_COMPLEX","GOCC_RESPIRATORY_CHAIN_COMPLEX","102","-0.3489252354266678","-1.370501818605552","0.03654482268384807303052","0.31728500899776690414","0.25890275026032300020873","4552","tags=51%, list=33%, signal=35%","COX6B2/MT-CO1/SDHA/COX7A2/SURF1/NDUFC2/ATP5MJ/NDUFA11/UQCR10/UQCRHL/MT-ATP6/MT-ATP8/NDUFS8/COX7A2L/NDUFA8/ATP5F1D/UQCR11/COX6B1/COX5B/COX8A/UQCRQ/ATP5F1B/COX15/ATP5MG/ATP5MK/MT-CO2/COX4I1/ATP5PB/UQCRH/NDUFAB1/NDUFS6/ATP5ME/COXFA4L2/SDHD/NDUFS3/ATP5F1A/NDUFA10/COX5A/NDUFS1/NDUFA9/STMP1/SDHB/MT-CO3/COXFA4/NDUFV1/ATP5MF/ATP5F1E/BCS1L/NDUFA5/NDUFB2/NDUFAF2/NDUFB11","0.3217759180753611"
"GOCC_TIGHT_JUNCTION","GOCC_TIGHT_JUNCTION","115","0.3386117636740088","1.370011572089336","0.04670852231873139082108","0.37111380623554551805","0.30282674053042191175678","2128","tags=23%, list=15%, signal=20%","MAGI1/DLG1/CGN/CCND1/EPPK1/PALS1/POF1B/LUZP1/CTNNB1/AMOTL2/TJP3/AMOTL1/LSR/OCEL1/ILDR1/MARVELD2/CLDN11/OCLN/APC/MTDH/ASH1L/AMOT/ECT2/PDCD6IP/CYTH1/STRN/PLXDC1","0.3217759180753611"
"GOCC_9PLUS2_MOTILE_CILIUM","GOCC_9PLUS2_MOTILE_CILIUM","171","0.3177506690001821","1.352369955503377","0.03996452685374974472809","0.32515139048210789374","0.26532167250101135191898","2703","tags=26%, list=19%, signal=21%","TUBA1A/ATP2B4/KATNIP/CALM2/CIBAR1/ATP1B1/TLE6/CABYR/GARIN2/DNHD1/SEPTIN7/BBS9/FSIP2/DRC9/SEPTIN10/AK7/HSP90AA1/AKAP3/CFAP68/PRKACA/CFAP45/LRRC23/SQSTM1/DNAH5/NEK5/CATSPERG/SLC26A6/DNAJB13/DNAH10/CALM1/QRICH2/SPACA9/DDX6/TTLL3/EFHB/FHAD1/CFAP70/CFAP43/TSGA10/CD52/CUL3/RIBC2/CATSPER1/DYNC2H1/CFAP210","0.3217759180753611"
"GOCC_CELL_LEADING_EDGE","GOCC_CELL_LEADING_EDGE","371","0.2888319409698173","1.350755519265242","0.00437215281618079029680","0.10340649800129915470","0.08437911016310692402520","1818","tags=22%, list=13%, signal=20%","NEDD9/FGD5/PTPRJ/SPRY4/RAPGEF3/DST/KITLG/FSCN1/ITGB4/SRGAP2/ANKRD28/RAC2/DAG1/PABPC1/KCNN4/VIM/CDK6/SSH1/TPM1/APP/MYLK/RAB5A/ITGAV/BCAS3/CORO1C/ACTN1/PLXND1/ITSN1/PALLD/OPRD1/CTNNB1/IQGAP2/CARMIL1/TLN2/MTMR14/FLOT2/SH3RF1/BRK1/CTTNBP2NL/ARAP3/GSN/PIP5K1C/ARHGAP31/CD2AP/MACF1/FER/ARF4/ITGB1/NF2/SPTBN1/ACAP2/ADGRV1/RHOA/ANTXR1/OCLN/ALS2/SORBS2/TRPV4/KCNC3/APC/KLHL2/RAPH1/SNX2/PSD4/PKD2/TWF2/AMOT/MYO1C/FGD6/PACSIN2/IGF2BP1/RASGRP2/DIAPH1/CARMIL2/PLEK2/CLASP2/IQGAP1/ARPIN/CDC42BPA/KCNA2/SWAP70/SLC9A1/CCDC88A","0.4070179189239539"
"GOCC_CELL_CORTEX","GOCC_CELL_CORTEX","277","0.2989432506894333","1.350052353943364","0.00723682367423490388592","0.13381544866721631348","0.10919263975533498312043","1791","tags=20%, list=13%, signal=18%","LAMC2/NEDD9/CAV1/FRY/RAPGEF3/DST/RIMS2/FSCN1/MLPH/GMFG/FLNB/DLG4/POTEF/CORO1C/ACTN1/SHROOM3/FRYL/CTNNB1/TRAF6/STIL/IQGAP2/TLE6/FLOT2/SLC2A1/IQGAP3/GSN/SPTAN1/AKAP13/PSEN1/SEPTIN7/FER/NF2/PRKD1/SPTBN1/SEPTIN10/STIM1/RHOA/TRPV4/SEPTIN11/KCNC3/ERC2/CNKSR1/PKD2/EPB41L2/COBLL1/MYO1C/LASP1/MYO7A/SEPTIN3/CLASP2/DYNC1H1/IQGAP1/PCLO/FNBP1L/PLA2G4C/EXOC6B","0.4070179189239539"
"GOCC_SPLICEOSOMAL_COMPLEX","GOCC_SPLICEOSOMAL_COMPLEX","208","-0.3101632402704412","-1.344994148664046","0.01232476663412769395112","0.18991344949860400337","0.15496828716215710342041","3802","tags=34%, list=27%, signal=25%","HNRNPH1/USP39/CWC27/SF3A3/LUC7L3/HNRNPA2B1/HNRNPA1/SNRPB2/SART3/SYNCRIP/RBMX/CRIPT/API5/PPIH/SNRNP70/NCL/HNRNPA3/PRPF40A/TXNL4B/MAGOHB/PNN/GPATCH1/TRA2B/PPIL2/SNRNP25/HNRNPR/MTREX/LSM4/WAC/SNU13/U2AF2/SNRPD1/SREK1/CWF19L1/SLU7/PRP4K/ZMAT5/DDX41/DDX46/PPIE/SRSF1/LSM5/TRA2A/PRPF39/RBM8A/SNRPE/CLNS1A/RBM17/AAR2/GCFC2/RALY/YBX1/BUD31/SNRPF/TXNL4A/CTNNBL1/WBP4/SNRPA1/ZRSR2/LUC7L2/RHEB/RBM28/PPIL4/GPKOW/DHX35/RBM3/LSM8/SF3B6/PRPF6/BCLAF3/SF3B5","0.3807304007227924"
"GOCC_CONDENSED_CHROMOSOME_CENTROMERIC_REGION","GOCC_CONDENSED_CHROMOSOME_CENTROMERIC_REGION","181","0.3110898076560348","1.333883475190722","0.02385305411370130385107","0.26036894025282369958","0.21245956412109029409763","2694","tags=28%, list=19%, signal=23%","KAT2B/CBX5/MTBP/SPC24/CENPU/SGO1/SUMO3/SMARCA4/SEC13/PHF6/PSEN1/SEPTIN7/PPP1R12A/KNL1/PBRM1/KIF2C/HJURP/CENPK/NDC80/SPDL1/ERCC6L/APC/SMARCC1/KANSL1/KNTC1/CHMP4C/GPATCH11/CENPC/SMARCC2/CLASP2/HSF1/SPAG5/ZWILCH/BUB1/CHMP2B/TTK/DYNC1LI1/CENPB/SKA2/CENPN/DYNC1I1/SIN3A/DCTN2/DCTN1/MTCL1/TPR/CENPF/CENPQ/GTF2B/NCAPD2","0.3524878575836192"
"GOCC_MEMBRANE_MICRODOMAIN","GOCC_MEMBRANE_MICRODOMAIN","216","0.3029130952846697","1.329928175477432","0.02008582614225408111142","0.24032100219614588310","0.19610056148078905402521","2030","tags=25%, list=15%, signal=21%","HAS2/SORBS1/CAV1/ATP2B4/TGFBR2/CD24/ZAP70/DLG1/DAG1/PRNP/EHD2/APP/RAB5A/TPP1/CORO1C/KCNMA1/SMURF2/ANXA2/BMPR2/ATP1B1/CTNNB1/PRKAR1A/FLOT2/IRS1/SLC2A1/EFNB1/PSEN1/FAS/ERLIN1/SELPLG/SKAP1/EFHD2/SERPINH1/ITGB1/RFTN1/STIM1/ICAM1/SPRED1/HPSE/PRKACA/MYO1C/CBL/PACSIN2/LAMP2/AHNAK/PLSCR1/IL6ST/PPT1/SLC9A1/SDCBP/MYOF/UNC5B/AKAP6","0.3524878575836192"
"GOCC_CONTRACTILE_MUSCLE_FIBER","GOCC_CONTRACTILE_MUSCLE_FIBER","186","0.3077399732084254","1.321945318186658","0.02752169327670935319863","0.27712437685557833600","0.22613190443104866367285","2080","tags=24%, list=15%, signal=20%","ATP2B4/KAT2B/FBXO32/DST/DAG1/TPM1/JPH2/FLNB/CALM2/FRG1/TNNT1/CACNA1D/CORO1C/ACTN1/PALLD/PDLIM2/SCN8A/CTNNB1/OBSCN/SLC2A1/PARVA/PPP1R12A/PRKD1/SPTBN1/PLEC/SORBS2/BAG3/PDLIM1/SVIL/FXR1/TWF2/JUP/SQSTM1/JPH1/AHNAK/SLMAP/CACNA1C/FKBP1A/KCNN3/KCNN2/DNAJB4/CALM1/NBR1/KRT19","0.3524878575836192"
"GOCC_CYTOPLASMIC_SIDE_OF_MEMBRANE","GOCC_CYTOPLASMIC_SIDE_OF_MEMBRANE","188","-0.3071104689416872","-1.310563234397123","0.03639481972655132097083","0.31728500899776690414","0.25890275026032300020873","2810","tags=27%, list=20%, signal=22%","ALG2/PALM/MIEN1/S100A6/PKP4/KDSR/RPS28/SNX5/C2CD2L/LDLRAP1/RGS17/SPPL2B/GNAT2/GNAQ/CDIP1/GNB2/G6PD/DEGS1/EEF1A2/RGS16/ALG5/LYN/SAMD10/GNG7/CYLD/NTSR1/PPP3CA/CACNB4/TRAF5/GNA12/RGS19/SPTB/TH/GNAL/CHMP4B/GNAZ/KCNAB2/PLEKHA4/EPM2A/DNAJA3/HM13/ASPSCR1/OSBPL2/RASA3/MCF2L/ESYT2/ACP1/CDK16/SYAP1/GNG4","0.3217759180753611"
"GOCC_NEURON_TO_NEURON_SYNAPSE","GOCC_NEURON_TO_NEURON_SYNAPSE","307","0.2829432424480791","1.294690431630624","0.01792189820567467034573","0.23071608196419163272","0.18826300157860825779110","2191","tags=22%, list=16%, signal=19%","NECTIN3/CLSTN2/KALRN/SLC4A8/YWHAZ/SRGAP2/DLG1/PLXNA4/CASP3/SLITRK5/STAT3/PRNP/CAMK2N1/IQSEC1/ARHGEF9/NGFR/DLG4/CAMK2D/ATP7A/ITPR1/BMPR2/GRIN2D/OPRD1/CTNNB1/ADAM10/SORT1/LZTS3/PRR12/NTM/GRN/EFNB3/PLXNC1/CLSTN3/CAP2/ITGB1/SPTBN1/SYT12/NPTN/PRICKLE1/ALS2/SLC8A3/GRIN2B/PJA2/AMOT/MINK1/SEMA4B/PRICKLE2/NLGN3/NLGN2/HOMER2/LZTS1/KPNA1/PCLO/PLEKHA5/CACNA1C/CAMK2G/GNAI2/SIPA1L1/EIF3E/PTPRS/NEO1/RTN3/RPL30/STRN/RPL7/SCRIB/PAK2/CPEB3","0.3524878575836192"
"GOCC_ENDOCYTIC_VESICLE","GOCC_ENDOCYTIC_VESICLE","278","0.2791015414089353","1.275556646541194","0.03926651301758435352873","0.32204873982970388946","0.26278992733743816723191","3266","tags=32%, list=23%, signal=25%","ITGB5/CAV1/RAB11FIP5/CEMIP/CLTC/AVPR2/LDLR/SRGAP2/RAC2/VIM/CD82/EHD4/ARRB1/EHD2/RAB5A/ITGAV/FLNB/DLG4/CAMK2D/HLA-B/SAA1/ATP7A/SPARC/SLC48A1/FLOT2/RAB8B/CDC42EP4/APOE/ROR2/GSN/WNT7A/WNT5A/PIK3R4/RIN2/HLA-DQB1/HSP90AA1/OCLN/TBC1D5/HLA-DPA1/TAPBP/AP2M1/KIF5B/EGF/AMOT/MYO1C/NLGN3/AP2B1/LAMP2/RAB5B/IL7R/CAMK2G/FZD2/PLD1/DYNC1LI1/TGFA/SPHK1/HLA-DRA/BTBD8/HLA-DRB1/RAB11A/GPR161/RAB23/ATP6V0A1/SCARF1/RAB43/MYO6/PIP4P2/SLC15A2/BTC/AP2A1/MTMR4/RAPGEF2/HEATR5B/FMNL1/DNM1/RAB11B/HLA-DQA1/HPX/DNM2/CD74/LRP1/BECN1/RAB7A/STON1/MDM2/TGOLN2/ANG/PIKFYVE/HLA-E","0.3217759180753611"
"GOCC_MICROTUBULE","GOCC_MICROTUBULE","424","0.2653748442011436","1.253698551161110","0.02685810466672664681420","0.27314692446061000775","0.22288632605550662280081","3128","tags=31%, list=22%, signal=25%","NDRG1/TUBA1A/STAU2/SNPH/CLTC/DST/DLG1/RASSF5/RMDN1/CALM2/STMN1/SYNJ1/BCAS3/SAA1/LUZP1/KIF15/SHROOM3/DYRK1A/MAP1LC3B2/IQGAP2/TUBB6/ARHGAP4/TUBB2A/CAPN6/FHDC1/GABARAPL1/PBXIP1/CSPP1/MACF1/HAUS8/KIF4A/RCC2/PARP4/KIF2C/STIM1/CASP1/CFAP68/MX1/TRPV4/MAP4/APC/PSRC1/APPBP2/KIF18B/CFAP45/SLC8A3/SVIL/MTUS1/KIF5B/KIF12/KANSL1/TUBD1/CEP170/KNTC1/KATNAL1/CHMP4C/FEZ1/TUBB2B/EML5/DNAH5/CLASP2/ASPM/DYNC1I2/DYNC1H1/IQGAP1/SPAG5/ZWILCH/REEP1/DNAH10/MTCL2/TTLL5/RACGAP1/KIF20A/CHMP2B/CALM1/DYNC1LI1/NEK7/KIF23/SKA2/WDR47/BCL2L11/CEP295/EML4/EML2/TUBG1/SPACA9/FAM161B/KIF11/DYNC1I1/RASSF1/SNTB2/GAS2L1/TTLL3/RAB11A/KIF1B/EFHB/CDK5RAP2/HAUS5/DPYSL2/TUBB/DCTN2/DCTN1/KIF13B/MTCL1/TUBGCP5/KIF24/CUL3/RIBC2/DYNC2H1/KIFC2/CFAP210/CCSAP/CEP170B/KIF27/CCDC66/HOOK2/RUSC1/DNM1/DNAH6/BCL10/WDR90/CEP57L1/FAM110A/GOLGA2/KIFC1/CLASP1/CEP162/DNM2/TTLL6/NAV3","0.3524878575836192"
NA,NA,NA,NA,NA,NA,NA,NA,NA,NA,"",NA
NA,NA,NA,NA,NA,NA,NA,NA,NA,NA,"",NA
NA,NA,NA,NA,NA,NA,NA,NA,NA,NA,"",NA
NA,NA,NA,NA,NA,NA,NA,NA,NA,NA,"",NA
NA,NA,NA,NA,NA,NA,NA,NA,NA,NA,"",NA
NA,NA,NA,NA,NA,NA,NA,NA,NA,NA,"",NA
NA,NA,NA,NA,NA,NA,NA,NA,NA,NA,"",NA
NA,NA,NA,NA,NA,NA,NA,NA,NA,NA,"",NA
NA,NA,NA,NA,NA,NA,NA,NA,NA,NA,"",NA
