"Query Name","Rank","Scaled Rank","Set_name","TF","Intersect","Set length","FET p-value","FDR","Odds Ratio","Library","Overlapping_Genes"
"DEG_LD_SW480","1","0.00847500000000000","REST_MCF7_HG19","REST","56","642","0.00000168300000000","0.000929","2.0990000000000002","ENCODE--ChIP-seq","HPCAL4,SFN,MMP24,TMEM43,TMEM40,KCNMA1,PIGH,FSTL4,OLFM1,ZNF655,APLN,BSN,SCN3B,TMEM151A,PCLO,SYP,CRYBA2,PERP,KCNV1,COL5A3,CNTN1,VGF,CRMP1,GNG4,CHGB,UNC13A,DKK3,SLC6A6,XKR7,PRUNE2,WDR17,NMNAT2,ANKRD37,CEMIP,CACNG4,TRMT61A,ACSL6,MAPK8IP2,MAPK8IP1,TMTC1,CARMIL3,PDE2A,RAB39A,CAMKV,AP3B2,ZDHHC22,SPTSSB,APBB1,CHCHD4,CPLX1,COQ6,ELAVL2,KRT86,GNA13,CADPS,GDAP1"
"DEG_LD_SW480","2","0.01695000000000000","CBX2_K562_HG19","CBX2","118","1781","0.00001856000000000","0.003420","1.5580000000000001","ENCODE--ChIP-seq","PPP4R4,EML1,MYL2,ATF3,KCNMB4,RHBDL3,NGFR,LRRC3,HOXC11,OLR1,PPARG,PELI2,PRAME,ERO1B,UBE2E1,UBE2E2,SLC9A2,TPST1,STK31,ATXN1,FBXO32,RLBP1,UPP1,ADGRV1,BEND6,APLN,ZNF853,RASSF2,SLPI,NKAIN1,PAG1,GREB1,DCLK2,TG,WNK2,WFDC2,TMEM150C,GAL,ARHGEF3,NEDD9,SERTAD4,TMEM176B,XG,CLGN,NXPH4,ARHGEF33,TFAP2A,ARHGEF38,GNB2,SOBP,GALNT8,CHI3L1,TMEM45A,CRMP1,GNG4,CNTFR,CHGB,DKK3,SYTL2,DKK4,SLAIN1,TNFSF4,EDARADD,METTL21C,GPR155,TMEM229B,DACH1,COL27A1,ANKRD44,CYS1,ITPR1,ILDR2,SLC15A3,DAB2,CDK6,RNF182,SLC26A9,SLC26A4,ANKRD33B,EIF4E3,DUSP15,LBP,ADAMTS7,NOD2,CACNG8,CACNG4,BET1,NECTIN1,OXTR,KATNAL2,MAOB,TSHZ2,CYP4X1,NAALAD2,TRPM6,BCL11B,BCL11A,GNG11,SESTD1,SLC44A2,SLC22A17,EDN1,ZDHHC11,PALD1,BEGAIN,EGFLAM,APBB1,MPZL2,SAA2,FCGBP,LTBP2,MARK1,MCF2L,OAS1,KLRG2,PDX1,SLC4A8,FAM167A"
"DEG_LD_SW480","3","0.02542000000000000","FOSL1_C2C12_MM9","FOSL1","18","221","0.00900800000000000","0.710000","1.9470000000000001","ENCODE--ChIP-seq","OLR1,ATXN1,ITGB2,UPP1,SERTAD4,VDR,PLEK2,NR1D1,ANXA8,SERPINB8,F2R,CORO6,TMCC3,TLR4,MPP4,KRT13,TBCE,KRT86"
"DEG_LD_SW480","4","0.03390000000000000","ESR1_ECC1_HG19","ESR1","36","554","0.01359000000000000","0.911000","1.5260000000000000","ENCODE--ChIP-seq","FAT2,TEX19,JMJD7-PLA2G4B,KCNE3,ITGB2,TNFRSF18,SYT17,HERC5,KCNK15,TNFSF15,GREB1,IL24,NEDD9,GDA,PLAT,ALPI,SLIT3,SSPN,FMN1,RPS6KL1,ANXA1,TNNC1,CKB,CPM,KLHDC7A,PTGDS,TLN2,KRT13,APBA2,FCGBP,TMEM144,ZC3H14,NR4A3,MCF2L,KLF15,MLPH"
"DEG_LD_SW480","5","0.04237000000000000","FOSL2_SKNSH_HG19","FOSL2","28","412","0.01575000000000000","0.911000","1.6010000000000000","ENCODE--ChIP-seq","ATF3,ADAMTS14,IL31RA,EIF5,S100A3,SHC4,UPP1,ZBED2,SERTAD4,MSMO1,RASGRP3,ISG20,XYLT1,ALCAM,DUS4L,SYTL3,SYTL2,NR1D1,TRIP6,ANXA1,SERPINB8,ANKRD52,MYBPH,F2R,RNF182,PLEKHG4,COG5,MPP4"
"DEG_LD_SW480","6","0.05085000000000000","CTCF_BONEMARROW_MM9","CTCF","93","1688","0.01798000000000000","0.911000","1.2809999999999999","ENCODE--ChIP-seq","ATF3,MEPCE,SFN,VTI1B,BTBD16,PPFIBP2,FASN,GSTO2,TMC6,PTGR2,SLC7A7,AADAT,SLCO3A1,ACAP1,ROR1,FBXO32,ARRB1,NKPD1,TNFRSF18,CPNE8,FBXO6,SLC12A9,PPP1R3B,KCTD12,BST2,ARMC10,SELPLG,CRYBA2,PNMA1,KIF26A,GDA,TTC7B,CNMD,GGT5,FGF13,RND3,LYL1,GATAD1,CYTIP,CAT,PTGES3L,FAM156A,SPOCK1,CNTFR,ACOT2,ST3GAL5,GTF2IRD2,LFNG,ZCWPW1,EDARADD,TIGD2,PLCB2,PHLPP1,OLFML3,ANKRD52,TMEM229B,ATP8A1,CSGALNACT1,RNF43,COL27A1,ANKRD44,MTNR1A,ERH,IGFBP7,RCAN2,TDRD12,MCM7,UFSP1,DUSP10,PHACTR3,ADAMTS7,PLEKHG4,CEBPD,CHADL,NECTIN1,SLC46A3,VIPR1,DPH3,BCL11A,RYR2,SH3PXD2A,EDN1,MATN2,KBTBD8,GALNT10,SPNS2,ARHGAP45,SGO1,STEAP1,CPSF4,ABCD4,GNA13,SLC4A8"
"DEG_LD_SW480","7","0.05932000000000000","TAL1_MEGAKARYOCYTE_MM9","TAL1","42","680","0.01815000000000000","0.911000","1.4460000000000000","ENCODE--ChIP-seq","GMFG,MEPCE,SLC5A3,ACHE,F13A1,RORA,IL1RAP,RINT1,ACAP1,PIWIL4,ITGB2,ARRB1,TRIM58,SYT17,EGR3,MC1R,ECM1,MRPS6,SLC43A3,GDA,GGT5,TFAP2A,LYL1,NAV1,TMEM45A,RBPMS2,HAVCR2,GRAP2,F2R,RAB30,ORC5,WFS1,VWF,KCNJ10,TSC22D4,EDN3,METTL6,SAA1,FAIM2,SPNS2,GNA13,OGFRL1"
"DEG_LD_SW480","8","0.06780000000000000","CEBPB_HCT116_HG19","CEBPB","20","277","0.02077000000000000","0.955000","1.7090000000000001","ENCODE--ChIP-seq","IL31RA,MMP19,FBXO32,SLPI,CLGN,ISG20,CNTN1,BUD31,PDAP1,TIGD2,ANXA1,TNNC1,SERPINB8,PHLPP1,SLC26A4,HMGCS1,MAOB,TRPM6,DTX4,CASP4"
"DEG_LD_SW480","9","0.07627000000000000","TCF12_SKNSH_HG19","TCF12","43","744","0.04263000000000000","1.000000","1.3470000000000000","ENCODE--ChIP-seq","FAM133A,ADAMTS14,IL31RA,DAB2IP,ATXN1,ITGB2,MDK,UPP1,FURIN,PRRX1,MXRA8,ZBED2,SFTPB,SERTAD4,XG,PNPLA3,PCOLCE,RASGRP3,RTP3,LASP1,MRGPRF,XYLT1,SYTL3,ST3GAL5,FMN1,ANXA1,METTL21C,GPNMB,OLFML3,SALL4,RAB30,DAB2,CDK6,EFHB,BNC2,PLEKHG4,CDRT4,PTPN13,MPP4,TGFBI,CASP4,NCAM1,XPNPEP2"
"DEG_LD_SW480","10","0.08475000000000001","NR3C1_ECC1_HG19","NR3C1","14","204","0.06525000000000000","1.000000","1.6180000000000001","ENCODE--ChIP-seq","KCNK15,SLPI,NEDD9,GGT5,CDK15,FMN1,OCA2,ADAMTS8,KLHDC7A,KRT13,ARHGAP45,UPK3B,KLF15,PON2"
"DEG_LD_SW480","11","0.09322000000000000","ZNF263_HEK293_HG19","ZNF263","94","1830","0.06936000000000000","1.000000","1.1890000000000001","ENCODE--ChIP-seq","MTERF1,STARD8,NYAP1,ZNF273,SHOX2,ADAMTS14,ABCA1,PSMG3,DZIP3,TMC8,ZNF239,CHST2,STYXL1,DCBLD2,FAM200A,NUDT17,SLC16A9,SLC16A2,FRMD3,TPST1,DLX3,POMT2,KRIT1,HERC5,RASSF2,EREG,CYP39A1,TMEM63C,RAB27B,ECM1,SYP,SERTAD4,PERP,PCDHB13,ZNF92,RTN1,KCNV1,ISG20,GNB2,RND3,ACOXL,LASP1,HUNK,VGF,RBM24,XYLT1,PRKCG,ZSCAN21,PRR15,XPC,SDSL,GJC3,FLRT3,TTPA,PLEK2,SIVA1,TRIP6,LFNG,RPS6KL1,TET1,ZNF107,WDR17,CARD6,ANKRD63,RNF43,ORC5,CDK6,RNF182,ABLIM3,ZNF501,BET1,SLC46A3,TSHZ2,DPH3,PDE2A,FEZF1,VGLL3,PTGER2,METTL6,APBB1,CAMK1,ZMAT1,TBCE,ULBP2,UPK3B,COL6A3,PON2,GNA13,KLRG2,NCAM1,CADPS,PDX1,SLC4A8,PMP22"
"DEG_LD_SW480","12","0.10170000000000000","STAT2_K562_HG19","STAT2","16","252","0.08846999999999999","1.000000","1.4890000000000001","ENCODE--ChIP-seq","PRAME,HERC5,LGALS9,IFI27,NKAIN1,BST2,ISG20,NAMPT,WDR25,ZNF107,IFITM3,IFITM1,ARRDC4,IFI6,CMPK2,OAS1"
"DEG_LD_SW480","13","0.11020000000000001","JUN_HELAS3_HG19","JUN","26","452","0.09712999999999999","1.000000","1.3400000000000001","ENCODE--ChIP-seq","ATF3,SFN,TMEM43,SLC7A2,SHC4,SLPI,GREB1,IL24,MRPS24,PNPLA3,EEF1A2,ISG20,PLEK2,NR1D1,TRIP6,STON2,ANXA1,SALL4,RAB30,PLEKHG4,HMGCS1,PRR5L,TLN2,CORO6,CHCHD4,ARHGAP45"
"DEG_LD_SW480","14","0.11860000000000000","BACH1_H1HESC_HG19","BACH1","91","1814","0.10630000000000001","1.000000","1.1599999999999999","ENCODE--ChIP-seq","ORAI2,ADAMTS17,ABCA1,PSMG3,KCND3,TMC6,PTGR2,STYXL1,DCBLD2,UBE2E1,UBE2E2,PLA2R1,ZC4H2,ZNF655,MDK,BICC1,CPNE8,RASSF6,KCNK10,KCNK15,EREG,MXRA8,PAG1,MC1R,ARMC10,MKX,GRIK4,PCLO,CRTAC1,SEC13,MRPS24,SYP,SLC43A1,CLGN,EEF1A2,TFAP2A,AUTS2,ISG20,RERE,GNG4,SPOCK1,ALCAM,NAMPT,SOX14,DAAM2,ZSCAN21,XPC,SDSL,TTPA,AFAP1L1,TRIP6,PRUNE2,HOXD13,ZNF331,GYG2,ANKRD44,ORC5,DAB2,LHX2,RNF182,SLC26A4,RAB5A,ZNF763,ZNF501,SLC46A3,PTGDS,MAPK8IP1,TIAM1,RUBCNL,TSHZ2,MGST1,RAB39A,SLC22A17,TSC22D4,VGLL3,METTL6,APBB1,LHFPL1,PDP1,CAMK1,CADPS2,CHRNB4,DNAJC30,STEAP2,ASPSCR1,NR4A3,CDH11,OGFRL1,NCAM1,VAT1L,CADPS"
"DEG_LD_SW480","15","0.12709999999999999","TEAD4_MCF7_HG19","TEAD4","9","133","0.12859999999999999","1.000000","1.5940000000000001","ENCODE--ChIP-seq","HES7,ITGB2,GREB1,LMCD1,AFAP1,SALL4,KRTAP3-1,MACC1,BATF"
"DEG_LD_SW480","16","0.13560000000000000","ZBTB7A_ECC1_HG19","ZBTB7A","87","1753","0.13030000000000000","1.000000","1.1470000000000000","ENCODE--ChIP-seq","POP7,CLDN1,ORAI2,TEX22,KCNMB4,VTI1B,NGFR,EIF5,VANGL2,DZIP3,ACHE,HEY1,TMC6,PTGR2,CHST2,CHST3,PELI2,SLC7A2,AADAT,KCNG1,RORA,ATP12A,FRMD3,TPST1,PLA2R1,KCNE3,RASL10B,ARPC4,DYSF,PRRX2,SYT17,BSN,EPHB4,ENTPD8,ZNF711,KCTD12,APH1B,DCLK2,GAL,ARHGEF3,SLC43A1,PRKX,PERP,NPNT,NXPH4,MFAP3L,VDR,RERE,SH3TC1,PRKCG,UNC13A,PRR15,ST3GAL5,AFAP1L1,TRIP6,COL2A1,OCA2,HOXD13,COL27A1,F2R,AK5,NKX6-1,OSBPL5,CDK6,LHX2,RAB5A,BNC2,DUSP15,LMF1,KCNJ10,IFITM3,ISCA2,STXBP1,RABGAP1L,KLHDC8B,CX3CL1,SH3PXD2A,MATN2,VGLL3,EGFLAM,GABRE,CHRNB4,LTBP2,TRPV4,UPK3B,OGFRL1,CRYGN"
"DEG_LD_SW480","17","0.14410000000000001","STAT5A_K562_HG19","STAT5A","12","200","0.16710000000000000","1.000000","1.4019999999999999","ENCODE--ChIP-seq","TFR2,GTF2IRD2B,TMEM60,YPEL1,TRIM58,LYL1,CAT,WDR25,TLE2,RHCE,DAB2,CASS4"
"DEG_LD_SW480","18","0.15250000000000000","JUND_SKNSH_HG19","JUND","68","1403","0.20940000000000000","1.000000","1.1190000000000000","ENCODE--ChIP-seq","ATF3,ADAMTS14,SFN,IL31RA,VANGL2,MBLAC1,DLST,S100A3,SHC4,ARPC4,ZNF512B,UPP1,ADGRV1,TNFRSF18,NPC2,FURIN,ZBED2,IGF1,ECM1,IL24,MRPS24,SYP,PNMA1,XG,PNPLA3,PLAT,GXYLT2,KIF5C,EEF1A2,CNN3,RASGRP3,VDR,ISG20,GNB2,BUD31,VGF,FAM156A,CRYM,PDAP1,DUS4L,SYTL3,SDSL,FLRT3,PLEK2,TRIP6,RPS6KL1,ANXA1,SERPINB8,METTL21C,GPNMB,ANKRD52,ATP8A1,RAB30,RNF182,MCM7,DUSP10,PLEKHG4,PTPN13,ISCA2,COG5,ZNF839,TLN2,KRT38,MPP4,FAIM2,GALNT10,TRNT1,DBP"
"DEG_LD_SW480","19","0.16100000000000000","NFIC_ECC1_HG19","NFIC","29","576","0.24229999999999999","1.000000","1.1639999999999999","ENCODE--ChIP-seq","FAM133B,VTI1B,CDKL2,KCNE3,TNFRSF11B,QKI,APLN,HERC5,ENTPD8,CYP39A1,SLPI,MC1R,SECTM1,PLAT,SLIT3,DUS4L,PRKRIP1,SDSL,ST3GAL5,TRIP6,HOXD11,ZNF331,PARM1,ZNF502,KLHDC7A,TNS4,TSC22D4,EDN1,MLPH"
"DEG_LD_SW480","20","0.16950000000000001","MYOD1_C2C12_MM9","MYOD1","42","860","0.25130000000000002","1.000000","1.1279999999999999","ENCODE--ChIP-seq","EML1,HS3ST3A1,FASN,TMEM40,EGLN3,FSCN2,PLA2R1,SH2B2,PRRX2,SYT17,TNFSF15,IGF1,BST2,MC1R,LMCD1,SERTAD4,KIF26B,CD82,MFAP3L,IFT22,COL5A3,COL5A2,CYGB,GNG4,CD7,SSPN,STON2,MYBPH,NOTUM,F2R,RNF182,BET1,IFITM3,TIAM1,CORO6,RYR1,METTL6,MPP4,KRT13,CHRNA1,CDH13,PMP22"
"DEG_LD_SW480","21","0.17799999999999999","PRDM1_HELAS3_HG19","PRDM1","70","1487","0.27870000000000000","1.000000","1.0850000000000000","ENCODE--ChIP-seq","FZD10,CLDN1,ATF3,MEPCE,PSMG3,ACHE,TMEM43,OLR1,PELI2,SLC7A2,UST,ITGB2,MDK,CPNE8,HERC5,BCAP29,EPHB4,SLC12A9,KCNK15,EPAS1,TNFSF15,GREB1,XRCC3,ARMC10,IL24,SECTM1,KIF12,ARHGEF3,CD82,TFAP2A,RND3,BUD31,TMEM45A,FAM156A,PDAP1,MAML2,ALCAM,AP1S1,PLEK2,SIVA1,NR1D1,TRIP6,CDK15,STON2,ZCWPW1,SERPINB8,SERPINB5,MOCOS,NMNAT2,CSGALNACT1,RAB30,ERH,IGFBP7,CDK6,DUSP10,CEBPD,PRR5L,NOD2,ABLIM3,BET1,ACSL5,EDN1,BTN3A2,TLR3,VGLL3,GABRE,CHCHD4,NR4A3,DBP,CASP4"
"DEG_LD_SW480","22","0.18640000000000001","FOXA1_ECC1_HG19","FOXA1","20","395","0.28000000000000003","1.000000","1.1710000000000000","ENCODE--ChIP-seq","EXPH5,FAT2,MBLAC1,PELI2,DLST,ARPC4,ADGRV1,MRPS24,GNB2,AFAP1,FMN1,ATP8A1,MTNR1A,MCM7,TRMT61A,VIPR1,KRT13,SELENOP,EFNA5,DBP"
"DEG_LD_SW480","23","0.19489999999999999","GATA1_MEGAKARYOCYTE_MM9","GATA1","29","590","0.28289999999999998","1.000000","1.1350000000000000","ENCODE--ChIP-seq","POP7,HES7,MEPCE,ACHE,RINT1,ARPC4,ITGB2,ARRB1,NPC2,TRIM58,VIPAS39,ECM1,MFAP3L,GGT5,LYL1,CAT,CCDC174,SSPN,CDK15,ZCWPW1,RBPMS2,HAVCR2,RAB5A,MCM7,ISCA2,MAPK8IP2,METTL6,SPNS2,GNA13"
"DEG_LD_SW480","24","0.20340000000000000","STAT1_K562_HG19","STAT1","16","321","0.32869999999999999","1.000000","1.1519999999999999","ENCODE--ChIP-seq","TEX19,PRAME,IFI27,NKAIN1,BST2,ISG20,NAMPT,WDR25,CCDC71L,IFITM3,IFITM1,ARRDC4,IFI6,CMPK2,OAS1,PRTFDC1"
"DEG_LD_SW480","25","0.21190000000000001","MAFK_GM12878_HG19","MAFK","9","172","0.33660000000000001","1.000000","1.2130000000000001","ENCODE--ChIP-seq","DBF4,NPC2,IGF1,SECTM1,SPOCK1,ISCA2,RYR1,SELENOP,STEAP1"
"DEG_LD_SW480","26","0.22030000000000000","GATA2_G1E_MM9","GATA2","16","331","0.37300000000000000","1.000000","1.1160000000000001","ENCODE--ChIP-seq","ACHE,KCNE3,NPC2,TRIM58,MC1R,IL1B,SELPLG,SLC43A3,SLC30A2,LYL1,UNC13A,SSPN,RPS6KL1,ATP8A1,RNF182,ISCA2"
"DEG_LD_SW480","27","0.22880000000000000","ZKSCAN1_MELCELLLINE_MM9","ZKSCAN1","10","204","0.39839999999999998","1.000000","1.1319999999999999","ENCODE--ChIP-seq","SPN,LDLRAD4,SH3BGRL,CD74,MPZ,FAM156A,AP1S1,MAP2K6,SLC22A3,TRNT1"
"DEG_LD_SW480","28","0.23730000000000001","TCF7L2_HEPG2_HG19","TCF7L2","23","496","0.41149999999999998","1.000000","1.0680000000000001","ENCODE--ChIP-seq","DCBLD2,EPAS1,GREB1,MC1R,SPTLC3,ANO4,BAHCC1,CHI3L1,CHGB,DKK1,NR1D1,KRTAP3-1,RNF43,COL27A1,TLE1,CDK6,ACSL5,ZNF839,SLC22A3,SH3PXD2A,SELENOP,STEAP2,SEM1"
"DEG_LD_SW480","29","0.24579999999999999","ZNF217_MCF7_HG19","ZNF217","64","1423","0.41909999999999997","1.000000","1.0340000000000000","ENCODE--ChIP-seq","MEPCE,ABCA1,B3GALNT1,PSMG3,FAT2,DZIP3,TMEM40,SLC9A2,KCNE3,ATXN1,ITGB2,DYSF,ADGRV1,NPC2,AGXT,ZNF853,KCNK15,TNFSF15,GREB1,DCLK2,MC1R,IL24,PERP,XG,KCNS3,KCNV1,ISG20,CFAP45,ALCAM,AFAP1,DKK1,NR1D1,FMN1,ZCWPW1,TIGD2,GPNMB,SALL4,GRB10,KRTAP3-1,RNF43,TLE1,ORC5,NBEA,UFSP1,MACC1,ISCA2,VIPR1,CBLC,STXBP1,MGST1,FEZF1,EDN1,SPTSSB,BATF,SELENOP,CMPK2,SEM1,NR4A3,TGFBI,PDE3B,SIX2,UPK3B,CADPS,MLPH"
"DEG_LD_SW480","30","0.25419999999999998","RELA_GM12878_HG19","RELA","32","724","0.49290000000000000","1.000000","1.0160000000000000","ENCODE--ChIP-seq","ATF3,PPFIBP2,DZIP3,ITGB2,SPN,CPNE8,TNFSF15,GRIK4,SELPLG,NEDD9,CD74,CYTIP,ACTA2,ASB2,MAML2,ALCAM,SYTL3,TNFSF4,CYS1,LHX2,EFHB,ANKRD33B,DUSP10,NOD2,MACC1,OXTR,RUBCNL,RAB39A,BATF,SGO1,DTX4,NFKBIZ"
"DEG_LD_SW480","31","0.26269999999999999","FOXP2_PFSK1_HG19","FOXP2","7","152","0.49519999999999997","1.000000","1.0600000000000001","ENCODE--ChIP-seq","GMFG,MEPCE,BAIAP3,TM4SF1,SLC43A1,TRMT61A,TSC22D4"
"DEG_LD_SW480","32","0.27120000000000000","GATA3_MCF7_HG19","GATA3","82","1890","0.53090000000000004","1.000000","0.9961000000000000","ENCODE--ChIP-seq","GTF2IRD2B,B3GALNT1,DZIP3,OLR1,KCND3,PTGR2,GPRC5C,SLC7A2,STYXL1,KCNE3,PTPRB,ITGB2,ADGRV1,TNFRSF18,NPC2,AGXT,ZNF853,BCAP29,MED12L,APH1B,TNFSF15,GREB1,DCLK2,BST2,IL24,KIF12,LMCD1,GNAI1,PERP,BAHCC1,NPNT,TANC2,EEF1A2,KCNV1,TFAP2A,ISG20,RND3,CFAP45,ZP1,XYLT1,NAMPT,AFAP1,DKK1,SYTL2,ACOT2,PRR15,PLAC1,FMN1,STON2,LFNG,OLFML3,ZNF107,TMEM229B,ZNF331,ATP8A1,SALL4,KRTAP3-1,RNF43,TLE1,DAB2,TDRD12,EFHB,SLC26A9,THSD4,MACC1,ZNF737,ISCA2,OXTR,VIPR1,ARRDC4,MGST1,ADCK1,EDN1,SPTSSB,MPP4,KRT13,BATF,SELENOP,CMPK2,PDE3B,CADPS,MLPH"
"DEG_LD_SW480","33","0.27970000000000000","FOXA2_HEPG2_HG19","FOXA2","14","328","0.56889999999999996","1.000000","0.9792000000000000","ENCODE--ChIP-seq","EXPH5,KCND3,CPB2,TM4SF1,CLGN,PHLPP1,KRTAP3-1,RNF43,ALB,DUSP10,TRMT61A,FEZF1,CST5,SELENOP"
"DEG_LD_SW480","34","0.28810000000000002","ZNF143_H1HESC_HG19","ZNF143","78","1832","0.59530000000000005","1.000000","0.9767000000000000","ENCODE--ChIP-seq","POP7,GMFG,HES7,EML1,LYPD5,VTI1B,DZIP3,ZNF486,SUMF1,ZNF239,PTAFR,STYXL1,PRAME,EGLN3,AADAT,FAM200A,YPEL1,ERO1B,RORA,NUDT17,CDKL2,PLA2R1,DLX4,POMT2,ADGRV1,GTPBP10,LRP2,KRIT1,RASSF2,ENTPD8,EREG,KCTD12,MC1R,GRIK4,CRTAC1,SEC13,SYP,GPC2,PCDHB13,LOXL2,ZNF93,EEF1A2,HTRA3,LASP1,GATAD1,BUD31,VGF,SPOCK1,DUS4L,SOX14,PRR15,PRKRIP1,SLC16A14,XKR5,COL2A1,OCA2,WDR17,RAB30,AK5,MAP2K6,CDK6,ZNF763,ZNF502,CBLC,ARC,BEX4,RAB39A,RYR1,METTL6,TRNT1,ARHGAP45,NR4A3,FES,TRPV4,KLF15,PON2,OGFRL1,GDAP1"
"DEG_LD_SW480","35","0.29659999999999997","MAZ_K562_HG19","MAZ","78","1839","0.60809999999999997","1.000000","0.9728000000000000","ENCODE--ChIP-seq","GMFG,HES7,SLC5A3,ABCA1,PPFIBP2,PTGR2,JMJD7-PLA2G4B,PELI2,AADAT,DCBLD2,FAM200A,YPEL1,SLC16A9,RINT1,ACAP1,QKI,ALAS2,PIWIL4,DYSF,SH2B2,BEND6,APLN,FCGR2A,RASSF2,RASSF6,BSN,EPHB4,KCTD12,IGF1,GRIK4,CCDC116,MRPS6,GAL,SELPLG,ACTL8,PLAT,GXYLT2,TTC7B,SPOCD1,VDR,IFT22,LYL1,ACTA2,ASAP3,SPOCK1,DUS4L,CLEC11A,AFAP1,ZSCAN21,EDARADD,OCA2,ZNF107,CARD6,ZNF331,F2R,NBEA,CSAG1,PLEKHG4,ZNF502,ZNF501,PTPN13,CTH,OXTR,CBLC,SH2D2A,STXBP1,MAGEC2,BEX5,CAMKV,IFI6,MPP1,CAMK1,KBTBD8,SELENOP,ASPSCR1,ULBP2,MEIS3,FAM167A"
"DEG_LD_SW480","36","0.30509999999999998","E2F6_H1HESC_HG19","E2F6","75","1802","0.66749999999999998","1.000000","0.9538000000000000","ENCODE--ChIP-seq","POP7,HPCAL4,TEX22,ADAMTS14,DZIP3,KCND3,SUMF1,ODC1,SLC7A2,DCBLD2,TMEM60,KCNG1,CDKL2,SLC9A2,OLFM1,ROR1,FBXO32,COL26A1,PRRX2,BICC1,CPNE8,KCNK15,TM4SF1,XRCC3,RAB27B,ARMC10,NAT16,MRPS24,SYP,GAL,ARHGEF3,ACTL8,GDA,CLGN,SLC30A2,CNN3,VDR,ISG20,FGF13,GATAD1,HS3ST3B1,NAMPT,WDR72,SYTL2,PLEK2,DNAH10,OCA2,ZNF107,WDR17,ANKRD37,ERH,LHX2,TDRD12,EIF4E3,HMGCS1,DNAJC2,ABLIM3,ZNF502,ZNF501,PTPN13,TRMT61A,CBLC,KLHDC7A,PDK4,RUBCNL,VGLL3,GABRE,PCP4L1,TRNT1,SGO1,NFKBIZ,PRTFDC1,PON2,NCAM1,MLPH"
"DEG_LD_SW480","37","0.31359999999999999","RXRA_H1HESC_HG19","RXRA","4","106","0.68289999999999995","1.000000","0.8613000000000000","ENCODE--ChIP-seq","ABCA1,FASN,PCOLCE,CPLX1"
"DEG_LD_SW480","38","0.32200000000000001","ETS1_MELCELLLINE_MM9","ETS1","65","1614","0.75080000000000002","1.000000","0.9216000000000000","ENCODE--ChIP-seq","TFR2,ATF3,MEPCE,ACHE,TMC8,TMEM40,TMC6,SLC38A5,ITGB2,ARRB1,SPN,UPP1,SPTB,TRIM58,LGALS9,EGR3,IL1B,SELPLG,SLC43A3,SH3BGRL,CD74,CD82,ISG20,PLEK,LYL1,NAV1,CAT,FAM156A,NAMPT,ACOT2,ST3GAL5,NR1D1,ZCWPW1,HAVCR2,RIPPLY3,WDR25,LPCAT2,ATP8A1,GRAP2,ANKRD44,F2R,RAB5A,ANKRD33B,MCM7,DUSP10,ACSS1,PTPN13,CTH,SLC46A3,ACSL5,SLC22A3,STXBP1,CYP4X1,DPH3,BCL11A,TSC22D4,METTL6,MPZL2,MPP1,TMEM144,ARHGAP45,ZMAT1,DBP,GNA13,OGFRL1"
"DEG_LD_SW480","39","0.33050000000000002","FOS_ENDOTHELIALCELLOFUMBILICALVEIN_HG19","FOS","73","1814","0.76300000000000001","1.000000","0.9209000000000001","ENCODE--ChIP-seq","UNC5A,RNASE1,MEPCE,NGFR,IL31RA,DZIP3,SRPX,MMP19,ZNF239,TMEM60,FAM200A,IL1RAP,S100A3,ARL8B,SHC4,DLX4,UPP1,APLN,CPNE8,HERC5,TM4SF1,ECM1,SEC13,IL1B,PERP,PLAT,ISG20,LYL1,GALNT8,BUD31,SH3TC1,PDAP1,MAML2,NAMPT,CHGB,DKK1,ZSCAN21,PRR15,PRKRIP1,XPC,SDSL,ST3GAL5,NR1D1,TRIP6,ZCWPW1,SERPINB8,CARD6,F2R,RAB30,ASNS,DAB2,RAB5A,PLEKHG4,HMGCS1,SLC46A3,COG5,ARC,GNG11,ADCK1,EDN1,TLR4,MPP4,KBTBD8,GALNT10,TMEM144,CA13,TRNT1,DNAJC30,ZMAT1,ULBP2,CASP4,GNA13,OGFRL1"
"DEG_LD_SW480","40","0.33900000000000002","TCF3_MYOCYTE_MM9","TCF3","68","1708","0.78369999999999995","1.000000","0.9106000000000000","ENCODE--ChIP-seq","EML1,HSPG2,ATF3,ADAMTS17,PDGFC,EIF5,VANGL2,LRRC10B,TMEM40,GPRC5C,ODC1,EGLN3,CDKL2,SLC9A2,PLA2R1,ATXN1,KRIT1,MYO1D,BCAP29,NKAIN1,TNFSF15,SERTAD4,CD82,PCOLCE,TANC2,CNN3,COL5A3,SOBP,RND3,ACTA2,RBM24,ASAP3,ASB2,FRMPD1,ALCAM,NAMPT,CHGB,NR1D1,XKR7,SSPN,FMN1,STON2,TNNC1,PRUNE2,MYBPH,TLE2,TLE1,ANKRD44,OSBPL5,NBEA,BNC2,TIAM1,CORO6,TMCC3,RYR1,TSC22D4,VGLL3,APBB1,MPP4,PDP1,GALNT10,CMPK2,CHRNA1,PSPN,ASPSCR1,CDH13,GNA13,NCAM1"
"DEG_LD_SW480","41","0.34749999999999998","RFX5_SKNSH_HG19","RFX5","36","938","0.79840000000000000","1.000000","0.8764999999999999","ENCODE--ChIP-seq","ZNF273,PDGFC,GTF2IRD2B,FASN,LRRC10B,ZNF680,TPST1,ZNF429,DSE,NPC2,IFI27,NAT16,LMCD1,CD74,ZNF92,NXPH4,SYT1,CPS1,CAT,CRYM,AP1S1,GTF2IRD2,RPS6KL1,ZNF107,ZNF556,DUSP10,HMGCS1,PTPN13,ZNF737,ISCA2,ARRDC4,RAB39A,CAMKV,BTN3A2,AKAP6,CA13"
"DEG_LD_SW480","42","0.35589999999999999","ZNF384_K562_HG19","ZNF384","73","1841","0.80030000000000001","1.000000","0.9068000000000001","ENCODE--ChIP-seq","POP7,MTERF1,HS3ST3A1,MEPCE,EIF5,FASN,ZNF239,PIGH,FAM200A,RORA,LEPR,NUDT17,TPST1,ARL8B,ATXN1,QKI,DYSF,UPP1,MYO1D,BCAP29,EREG,ARMC10,MOGAT3,SEC13,CCDC116,MRPS24,PNMA1,PERP,ZNF92,GATAD1,VGF,CAT,NAMPT,AP1S1,PRKCG,PRKRIP1,ABO,GJC3,ST3GAL5,SIVA1,SLC16A14,ZNF107,CARD6,CCDC71L,RNF43,MITF,OSBPL5,ANKRD33B,CSAG1,DUSP10,DNAJC2,ABLIM3,VPS50,BET1,TNS4,MAPK8IP1,SH2D2A,DPH3,GNG11,ADCK1,TSC22D4,METTL6,GABRE,MPP1,STEAP1,ASPSCR1,SEM1,TBCE,ABCD4,PDE3B,PON2,BICRA,FAM167A"
"DEG_LD_SW480","43","0.36440000000000000","FOXM1_MCF7_HG19","FOXM1","5","156","0.81320000000000003","1.000000","0.7272000000000000","ENCODE--ChIP-seq","ITGB2,GREB1,SALL4,KRTAP3-1,BATF"
"DEG_LD_SW480","44","0.37290000000000001","STAT3_HELAS3_HG19","STAT3","70","1780","0.81540000000000001","1.000000","0.8990000000000000","ENCODE--ChIP-seq","SAMD15,ATF3,OLR1,ODC1,SLC7A2,IL1RAP,ZNF680,ATXN1,FURIN,CPNE8,HERC5,BCAP29,KCNK15,TM4SF1,SLPI,GREB1,RAB27B,BST2,ECM1,IL24,IL1B,SH3BGRL,PERP,MSMO1,CLGN,ISG20,GNB2,LASP1,GATAD1,MAML2,NAMPT,XPC,SDSL,PLEK2,GSDMA,NR1D1,FMN1,STON2,TIMP4,ANXA1,SERPINB5,WDR25,PHLPP1,METTL21C,CARD6,ANKRD37,SALL4,RAB30,ITPR1,SLC26A4,RAB5A,DUSP10,HMGCS1,DNAJC2,PRR5L,CTH,IFITM3,PDK4,TLN2,MGST1,TMTC1,SESTD1,EDN1,IFI6,MPZL2,EFNA5,NR4A3,TBCE,CASP4,OAS1"
"DEG_LD_SW480","45","0.38140000000000002","IKZF1_GM12878_HG19","IKZF1","72","1836","0.82450000000000001","1.000000","0.8964000000000000","ENCODE--ChIP-seq","CLDN1,FEZ1,ATF3,NAPSA,PPFIBP2,TMC8,SLC7A7,KCNA6,ERO1B,UBE2E1,ACAP1,ARL8B,TNFRSF11B,ITGB2,SPN,UPP1,FURIN,BEND6,MYO1D,CPNE8,TNFSF15,BST2,MC1R,SELPLG,NEDD9,CD74,ISG20,RERE,PLEK,LASP1,ASB2,MAML2,ALCAM,NAMPT,SYTL3,SDSL,TNFSF4,HAVCR2,ANXA1,GRAP2,RNF43,CYS1,RAB30,PARM1,ITPR1,SLC15A3,CDK6,SLC26A4,NOD2,MACC1,PTPN13,NECTIN1,IFITM1,OXTR,VIPR1,TBC1D10C,RUBCNL,RABGAP1L,TSC22D4,EDN1,LHFPL1,BATF,SAA2,CA13,CHRNA1,DTX4,EFNA5,NLRP3,CASP4,NFKBIZ,OAS1,OGFRL1"
"DEG_LD_SW480","46","0.38979999999999998","NANOG_H1HESC_HG19","NANOG","3","102","0.82589999999999997","1.000000","0.6655000000000000","ENCODE--ChIP-seq","ZNF429,PAG1,CNN3"
"DEG_LD_SW480","47","0.39829999999999999","GABPA_MELCELLLINE_MM9","GABPA","3","102","0.82589999999999997","1.000000","0.6655000000000000","ENCODE--ChIP-seq","MMP19,MOCOS,POLR2J"
"DEG_LD_SW480","48","0.40679999999999999","SPI1_GM12891_HG19","SPI1","37","985","0.83679999999999999","1.000000","0.8572000000000000","ENCODE--ChIP-seq","EIF5,DZIP3,GSTO2,SDHAF3,GPA33,PRAME,SIGLEC6,UBE2E1,RINT1,ZNF655,GTPBP10,LGALS9,MRPS24,IL1B,SELPLG,ZNF93,RSPH14,PLEK,LYL1,GATAD1,ACTA2,PRKRIP1,XKR7,WDR25,MYBPH,RAB5A,MACC1,IFITM1,TBC1D10C,RYR1,CAMKV,EDN1,TLR4,CMPK2,CASP4,OAS1,PON2"
"DEG_LD_SW480","49","0.41530000000000000","NR2F2_HEPG2_HG19","NR2F2","4","134","0.83930000000000005","1.000000","0.6758000000000000","ENCODE--ChIP-seq","ZNF512B,MXRA8,MOGAT3,ACSL5"
"DEG_LD_SW480","50","0.42370000000000002","BCL11A_GM12878_HG19","BCL11A","39","1038","0.84179999999999999","1.000000","0.8574000000000001","ENCODE--ChIP-seq","ATF3,MEPCE,GTF2IRD2B,NAPSA,PPFIBP2,SPN,BEND6,SELPLG,CD74,ISG20,GNB2,ACTA2,SH3TC1,ASB2,ALCAM,SYTL3,SDSL,GTF2IRD2,ZCWPW1,ZNF596,WDR25,MYBPH,RNF43,SERF1B,ITPR1,ANKRD33B,POLR2J,TRMT61A,VIPR1,TSHZ2,RABGAP1L,KRT36,SAA1,SAA2,CA13,NR4A3,NFKBIZ,FAM86B1,FAM167A"
"DEG_LD_SW480","51","0.43219999999999997","ESRRA_HEPG2_HG19","ESRRA","3","108","0.85380000000000000","1.000000","0.6274999999999999","ENCODE--ChIP-seq","MOGAT3,ACSS1,ZNF839"
"DEG_LD_SW480","52","0.44069999999999998","MEF2A_K562_HG19","MEF2A","9","279","0.85940000000000005","1.000000","0.7321000000000000","ENCODE--ChIP-seq","STYXL1,TMEM60,TSPAN1,NAV1,MRAS,CKB,PLEKHG4,KLHDC8B,NR4A3"
"DEG_LD_SW480","53","0.44919999999999999","MAX_ECC1_HG19","MAX","54","1425","0.86129999999999995","1.000000","0.8650000000000000","ENCODE--ChIP-seq","STARD8,ABCA1,SRPX,TMEM43,FAM200A,KCNG1,CDKL2,FRMD3,ROR1,ARL8B,DLX3,KCNE3,FBXO32,POMT2,PRRX2,HERC5,SLPI,TMEM63C,XRCC3,PCLO,SERTAD4,ACTL8,PLAT,NPNT,RND3,HS3ST3B1,VGF,SH3TC1,SDSL,ZNF107,GPR155,WDR17,ANKRD44,ZNF556,ORC5,MAP2K6,LHX2,HMGCS1,ZNF502,ZNF501,TRMT61A,BET1,CBLC,KLHDC7A,PDK4,ARRDC4,RAB39A,EDN1,AP3B2,METTL6,CHCHD4,SPNS2,PDX1,FAM167A"
"DEG_LD_SW480","54","0.45760000000000001","ZEB1_HEPG2_HG19","ZEB1","5","169","0.86270000000000002","1.000000","0.6696000000000000","ENCODE--ChIP-seq","SLC7A7,ATXN1,KCNS3,CA8,SELENOP"
"DEG_LD_SW480","55","0.46610000000000001","SREBF2_GM12878_HG19","SREBF2","12","366","0.87409999999999999","1.000000","0.7445000000000001","ENCODE--ChIP-seq","HES7,FASN,PSMG3,TPST1,MSMO1,LASP1,GATAD1,LHX2,MCM7,HMGCS1,ZNF839,METTL6"
"DEG_LD_SW480","56","0.47460000000000002","NFE2_K562_HG19","NFE2","8","258","0.87609999999999999","1.000000","0.7028000000000000","ENCODE--ChIP-seq","EIF5,SUMF1,TEX19,DYSF,BEND6,RSPH14,SGO1,CASS4"
"DEG_LD_SW480","57","0.48309999999999997","TBP_GM12878_HG19","TBP","70","1843","0.88370000000000004","1.000000","0.8671000000000000","ENCODE--ChIP-seq","ZNF273,SLC5A3,FASN,SUMF1,TEX19,PIGH,STYXL1,DCBLD2,IL1RAP,ZNF442,ZNF680,TPST1,ARL8B,ZNF429,SPN,GTPBP10,ZNF610,LGALS9,SLC12A9,ARMC10,LMCD1,CTSB,MRPS24,IL1B,SH3BGRL,PNMA1,CD82,MSMO1,ZNF92,CALHM1,CHCHD10,RERE,RND3,GATAD1,VGF,CRYM,MAML2,ALCAM,ZSCAN21,SIVA1,SLC16A14,TRIP6,SERPINB8,ZNF107,CKB,GRAP2,RNF43,ANKRD44,ORC5,CDK6,ZNF501,ZNF737,SLC46A3,RUBCNL,BEX4,SH2D2A,TSHZ2,CX3CL1,METTL6,PCP4L1,TRNT1,DNAJC30,ZMAT1,NLRP1,NR4A3,TBCE,ULBP2,DBP,PON2,FAM167A"
"DEG_LD_SW480","58","0.49149999999999999","USF2_H1HESC_HG19","USF2","69","1819","0.88439999999999996","1.000000","0.8659000000000000","ENCODE--ChIP-seq","POP7,HPCAL4,FAM133B,ORAI2,HS3ST3A1,MEPCE,ADAMTS14,VTI1B,ABCA1,PSMG3,DZIP3,HOXC11,ZNF486,TMEM60,IL1RAP,CDKL2,TPST1,ARL8B,RASL10B,FBXO32,ZNF655,NPC2,HERC5,BCAP29,ZNF711,NKAIN1,XRCC3,ARMC10,GRIK4,PCLO,LMCD1,CTSB,SEC13,SYP,SPOCD1,ZNF92,ZNF93,CALHM1,GATAD1,SYTL2,PRR15,SIVA1,TRIP6,WDR25,WDR17,ZNF331,ANKRD37,ITPR1,CDK6,LHX2,TDRD12,RAB5A,DUSP15,ZNF763,BEX4,RAB39A,SLC22A17,TSC22D4,AP3B2,NT5E,KBTBD8,TRNT1,SGO1,DNAJC30,ZC3H14,ULBP2,KLF15,PON2,MLPH"
"DEG_LD_SW480","59","0.50000000000000000","KDM5B_H1HESC_HG19","KDM5B","70","1846","0.88639999999999997","1.000000","0.8656000000000000","ENCODE--ChIP-seq","FZD10,UNC5A,RHBDL3,TMC8,MBLAC1,GPRC5C,ADAM23,TMEM60,CDKL2,ROR1,KANK4,DBF4,IL1RAPL1,LRP2,PTPRZ1,KRIT1,BEND6,SPON1,TMEM63C,MED12L,PAG1,WNK2,MKX,SEC13,ARHGEF3,GNAI1,KIF26A,LOXL2,GPRIN2,KCNV1,TFAP2A,SOBP,PRKCG,PRR15,ACOT4,SLAIN1,ABO,SLC16A14,TIGD2,TET1,PHLPP1,NMNAT2,ANKRD37,F2R,RAB30,ERH,AK5,NBEA,ANKRD33B,EIF4E3,BNC2,UFSP1,ADAMTS7,ABLIM3,PTPN13,TIAM1,ZNF839,CORO6,TSC22D4,PALD1,SPTSSB,CADPS2,CHRNB4,DNAJC30,STEAP2,FBLN1,EFNA5,FES,DOCK4,CADPS"
"DEG_LD_SW480","60","0.50849999999999995","EGR1_K562_HG19","EGR1","67","1773","0.88759999999999994","1.000000","0.8625000000000000","ENCODE--ChIP-seq","GMFG,FAM133B,NGFR,DZIP3,PTGR2,STYXL1,FAM200A,SLCO3A1,ERO1B,SLC16A9,RINT1,RASL10B,PIWIL4,SH2B2,CPNE8,EPHB4,KCTD12,DCLK2,MRPS24,SYP,PRKX,PNMA1,LOXL2,PCOLCE,SPOCD1,EEF1A2,CNN3,ISG20,ACTA2,ASAP3,SPOCK1,GJA5,AP1S1,DUS4L,CHGB,ZSCAN21,PRKRIP1,ABO,ST3GAL5,OCA2,WDR25,ANKRD52,RAB30,ITPR1,ORC5,OSBPL5,RNF182,CEBPD,MAPK8IP2,BEX4,MAOB,STXBP1,KLK7,CX3CL1,CAMKV,TSC22D4,ALDOC,IFI6,METTL6,MPP1,PDP1,GALNT10,ARHGAP45,DNAJC30,CPLX1,COQ6,ABCD4"
"DEG_LD_SW480","61","0.51690000000000003","USF1_H1HESC_HG19","USF1","90","2344","0.88959999999999995","1.000000","0.8769000000000000","ENCODE--ChIP-seq","FEZ1,ORAI2,HS3ST3A1,ADAMTS17,ABCA1,PPFIBP2,HOXC11,GSTO2,SUMF1,ZNF239,SLC7A2,TMEM60,YPEL1,KCNG1,SLC16A9,CDKL2,SLC9A2,ARL8B,FBXO32,ADGRV1,NPC2,APLN,HERC5,SLC12A9,ENTPD8,NKAIN1,XRCC3,ARMC10,GRIK4,PCLO,CTSB,SLC43A1,GNAI1,ACTL8,ADAM11,SPOCD1,ZNF93,CALHM1,ISG20,GNB2,ACOXL,GATAD1,VGF,ALCAM,NAMPT,PRR15,GJC3,ST3GAL5,NR1D1,TRIP6,WDR25,PRUNE2,HOXD13,HOXD11,HOXD10,GPNMB,WDR17,ZNF331,ANKRD37,MITF,ITPR1,TDRD12,RAB5A,DUSP15,HMGCS1,LMF1,VPS50,ZNF737,TRMT61A,VIPR1,CBLC,SOX2,ARRDC4,COG5,BEX4,RAB39A,ADCK1,ALDOC,PDP1,KBTBD8,TMEM144,ARHGAP45,SGO1,ZMAT1,TBCE,KLF15,GNA13,PDX1,MEIS3,MLPH"
"DEG_LD_SW480","62","0.52539999999999998","SREBF1_HEPG2_HG19","SREBF1","15","455","0.89129999999999998","1.000000","0.7487000000000000","ENCODE--ChIP-seq","FASN,TMEM60,DBF4,PNPLA3,MSMO1,CNN3,RSPH14,NAMPT,AP1S1,ACOT1,NR1D1,ZNF556,HMGCS1,ARRDC4,MGST1"
"DEG_LD_SW480","63","0.53390000000000004","PBX3_GM12878_HG19","PBX3","44","1226","0.91510000000000002","1.000000","0.8175000000000000","ENCODE--ChIP-seq","HPCAL4,ZNF273,MEPCE,GTF2IRD2B,EIF5,FASN,HEY1,CHST2,TMEM60,ZNF442,ZNF681,ZNF680,ZNF429,ZNF655,LGALS9,APOBEC3G,XRCC3,IGSF9B,SELPLG,MSMO1,ZNF92,ZNF93,GNB2,CNTN1,HS3ST3B1,TMEM45A,FAM156A,GTF2IRD2,ZCWPW1,ZNF596,ZNF107,WFS1,MCM7,DUSP10,ZNF763,PTPN13,ZNF737,SLC46A3,KATNAL2,PALD1,IFI6,PCP4L1,FAM86B1,GDAP1"
"DEG_LD_SW480","64","0.54239999999999999","MAFF_K562_HG19","MAFF","67","1814","0.92020000000000002","1.000000","0.8423000000000000","ENCODE--ChIP-seq","POP7,TFR2,MEPCE,EXPH5,EIF5,DZIP3,PTGR2,TEX19,MMP19,DLST,STYXL1,PRAME,TMEM60,ARL8B,ZNF512B,DYSF,DSE,ADGRV1,SPTB,TRIM58,GTPBP10,FURIN,BEND6,FCGR2A,ECM1,CCDC116,MRPS24,ZNF92,ISG20,GNB2,RSPH14,LYL1,BUD31,CRYM,GALNT5,PDAP1,XPC,SDSL,TRIP6,CDK15,ZCWPW1,TET1,OLFML3,CARD6,LPCAT2,RNF43,TLE2,RAB30,ERH,MAP2K6,CSAG1,HMGCS1,DNAJC2,VPS50,ZNF501,IFITM3,VSIG1,SH2D2A,KLHDC8B,BTN3A2,IFI6,DNAJC30,SELENOP,SEM1,TBCE,CASS4,ABCD4"
"DEG_LD_SW480","65","0.55079999999999996","HNF4G_HEPG2_HG19","HNF4G","18","556","0.92179999999999995","1.000000","0.7348000000000000","ENCODE--ChIP-seq","TFR2,NPTXR,ATXN1,LRP2,ENTPD8,MOGAT3,MRPS24,LASP1,ACOX2,GNG4,TIGD2,HMGCS1,ACSL5,MAOB,CX3CL1,CST5,SELENOP,FBLN1"
"DEG_LD_SW480","66","0.55930000000000002","HSF1_HEPG2_HG19","HSF1","6","222","0.92320000000000002","1.000000","0.6101000000000000","ENCODE--ChIP-seq","HES7,SLC5A3,BST2,MRPS6,RSPH14,LASP1"
"DEG_LD_SW480","67","0.56779999999999997","HNF4A_HEPG2_HG19","HNF4A","90","2396","0.92420000000000002","1.000000","0.8572000000000000","ENCODE--ChIP-seq","TFR2,MEPCE,PDGFC,MYH7B,EIF5,PTGR2,SUMF1,MBLAC1,ODC1,AADAT,NPTXR,KANK4,CPB2,ATXN1,SLC38A5,ZNF512B,UPP1,NPC2,AGXT,USH1C,CPNE8,BCAP29,ENTPD8,EPAS1,GREB1,MC1R,MOGAT3,SECTM1,PCLO,MRPS24,PERP,PNPLA3,TCAP,MSMO1,ISG20,RSPH14,LYL1,LASP1,ACOX2,CAT,GNG4,DKK1,ACOT2,ACOT1,XPC,SDSL,SIVA1,NR1D1,ZCWPW1,TIGD2,HOXD11,MOCOS,ANKRD63,ANKRD37,GYG2,RNF43,COL27A1,TLE1,RAB30,ZNF556,RAB5A,DUSP15,GAL3ST2,HMGCS1,MACC1,BET1,ISCA2,IFITM1,CBLC,KLHDC7A,ACSL5,ZNF839,SLC22A3,MAOB,RABGAP1L,SESTD1,CX3CL1,SH3PXD2A,CLDN15,CST5,CAMK1,SELENOP,STEAP2,FBLN1,COQ6,FES,CASS4,ABCD4,OAS1,PON2"
"DEG_LD_SW480","68","0.57630000000000003","BATF_GM12878_HG19","BATF","22","676","0.93569999999999998","1.000000","0.7388000000000000","ENCODE--ChIP-seq","ATF3,GTF2IRD2B,FAT2,PLOD3,NUDT17,ITGB2,SPN,ISG20,BUD31,PDAP1,ASB2,NAMPT,SYTL3,SDSL,GTF2IRD2,TNFSF4,SERPINB8,OLFML3,DUSP10,RUBCNL,NR4A3,FAM86B1"
"DEG_LD_SW480","69","0.58470000000000000","PAX5_GM12892_HG19","PAX5","12","404","0.93720000000000003","1.000000","0.6723000000000000","ENCODE--ChIP-seq","CLDN1,TPST1,LMCD1,SEC13,GNB2,LASP1,NAMPT,ABLIM3,NT5E,CPSF4,DOCK4,GNA13"
"DEG_LD_SW480","70","0.59319999999999995","HMGN3_K562_HG19","HMGN3","66","1830","0.94489999999999996","1.000000","0.8217000000000000","ENCODE--ChIP-seq","HPCAL4,FEZ1,ORAI2,TEX22,KCNMB4,NGFR,DZIP3,TMEM43,TMC6,PELI2,STYXL1,PRAME,KCNG1,ATP12A,TPST1,STK31,RASL10B,POMT2,ADGRV1,GTPBP10,COL26A1,MYO1D,CCDC116,SYP,GXYLT2,EEF1A2,MFAP3L,IFT22,GNB2,CAT,SPOCK1,FRMPD1,AP1S1,DUS4L,PRKCG,PRKCQ,PRKRIP1,SLAIN1,SDSL,GJC3,SLC6A6,TRIP6,WDR25,ANKRD52,GPR155,ANKRD63,TMEM229B,GYG2,ORC5,WFS1,LHX2,DUSP10,CEBPD,CHADL,ZNF501,CTH,DPH3,CAMKV,CHRNB4,ARHGAP45,SGO1,DNAJC30,STEAP2,DOCK4,DBP,UPK3B"
"DEG_LD_SW480","71","0.60170000000000001","TFAP2A_HELAS3_HG19","TFAP2A","65","1810","0.94760000000000000","1.000000","0.8181000000000000","ENCODE--ChIP-seq","KCNMB4,SFN,OLR1,TMC8,MBLAC1,SLC7A7,GPRC5C,DLST,SLC7A2,AADAT,FRMD3,SLC9A2,FSCN2,ARL8B,DLX3,DLX4,UST,ITGB2,DYSF,ARRB1,UPP1,FURIN,SH2B2,HERC5,ENTPD8,KCNK15,SLPI,BST2,MC1R,IL24,GAL,GNAI1,KIF26A,PLAT,LOXL2,RND3,GATAD1,ACTA2,TMEM45A,CRYM,AFAP1,PRR15,PLEK2,NR1D1,TRIP6,STON2,TIMP4,SERPINB8,PHLPP1,CCDC71L,ITPR1,DAB2,CDK6,LHX2,IRX3,CTH,VIPR1,ACSL5,IGSF8,GNG11,CORO6,ARHGAP45,NR4A3,SIX2,CDH13"
"DEG_LD_SW480","72","0.61019999999999996","MYOG_C2C12_MM9","MYOG","7","269","0.94930000000000003","1.000000","0.5868000000000000","ENCODE--ChIP-seq","PLA2R1,SORCS2,LASP1,FRMPD1,STON2,PDK4,CHRNA1"
"DEG_LD_SW480","73","0.61860000000000004","NFYB_K562_HG19","NFYB","65","1841","0.96120000000000005","1.000000","0.8038000000000000","ENCODE--ChIP-seq","HPCAL4,ZNF273,EIF5,CDKL2,ZNF681,ZNF680,TPST1,DLX4,ZNF429,FCGR2A,SLC12A9,CYP39A1,PPP1R3B,XRCC3,BST2,LMCD1,CD74,AKR1C1,MSMO1,SPOCD1,ZNF92,ZNF93,CNTN1,CAT,TMEM45A,ACOT2,ST3GAL5,ANXA1,WDR25,ZNF107,CKB,WDR17,DHRS2,CCDC71L,ANKRD37,RNF43,ASNS,LHX2,SLC26A9,ZNF763,PTPN13,ZNF737,SLC46A3,ISCA2,VIPR1,SOX2,ARC,KATNAL2,STXBP1,DPH3,RYR1,BTN3A2,IFI6,MPP1,PCP4L1,PDP1,TRNT1,DNAJC30,NR4A3,TBCE,ULBP2,DOCK4,KLF15,KLRG2,SLC4A8"
"DEG_LD_SW480","74","0.62709999999999999","BHLHE40_A549_HG19","BHLHE40","65","1842","0.96160000000000001","1.000000","0.8033000000000000","ENCODE--ChIP-seq","MEPCE,PPFIBP2,HEY1,GSTO2,MBLAC1,ZNF239,ODC1,DLST,DCBLD2,YPEL1,UBE2E1,SLC9A2,S100A3,DLX4,ARPC4,ADGRV1,DBF4,NPC2,CPNE8,HERC5,MC1R,GRIK4,MRPS24,SLC43A1,GNAI1,PNMA1,ISG20,GNB2,VGF,TMEM45A,FAM156A,NAMPT,DUS4L,PRKCG,NR1D1,PHLPP1,WDR17,ANKRD37,ATP8A1,ITPR1,ASNS,CDK6,RAB5A,MCM7,DUSP10,HMGCS1,TRMT61A,ISCA2,TNS4,ARRDC4,COG5,EDN1,PDP1,SPNS2,SGO1,DNAJC30,DTX4,ASPSCR1,NR4A3,TBCE,TGFBI,DBP,KLF15,ALDH1A3,GNA13"
"DEG_LD_SW480","75","0.63560000000000005","SRF_HCT116_HG19","SRF","10","371","0.96209999999999996","1.000000","0.6084000000000001","ENCODE--ChIP-seq","PSMG3,ARPC4,EGR3,LMCD1,RND3,TNS4,EBF3,CPSF4,NR4A3,TBCE"
"DEG_LD_SW480","76","0.64410000000000001","MXI1_H1HESC_HG19","MXI1","64","1827","0.96550000000000002","1.000000","0.7973000000000000","ENCODE--ChIP-seq","CLDN1,SAMD15,EML1,FAM133B,ADAMTS14,DZIP3,PTGR2,ZNF239,PTAFR,AADAT,FAM200A,ERO1B,SLC9A2,ROR1,ZC4H2,FBXO32,POMT2,PRRX2,ZNF610,ENTPD8,KCTD12,TMEM63C,LMCD1,SEC13,MRPS24,SYP,PNMA1,GPRIN2,ZNF92,TFAP2A,GNB2,RSPH14,CA8,SPOCK1,DUS4L,WDR72,PRR15,SLAIN1,XKRX,XKR7,XKR5,ANKRD37,ANKRD44,MITF,ORC5,MAP2K6,RNF182,ZNF763,ABLIM3,ZNF501,CTH,BET1,CBLC,KLHDC7A,ARRDC4,MAPK8IP1,BEX4,TSHZ2,TSC22D4,CA13,TRNT1,CPLX1,ZC3H14,TBCE"
"DEG_LD_SW480","77","0.65249999999999997","E2F4_MCF10A_HG19","E2F4","64","1839","0.96950000000000003","1.000000","0.7919000000000000","ENCODE--ChIP-seq","PPP4R4,STARD8,HPCAL4,ZNF273,VTI1B,PSMG3,HEY1,GSTO2,ZNF239,PTAFR,FAM200A,KCNG1,SLC16A9,ZNF680,FRMD3,TPST1,PLA2R1,EREG,IFI27,CTSB,SEC13,SYP,PRKX,GNAI1,PERP,PLAT,LOXL2,KIF5C,RTN1,CPS1,RND3,GATAD1,CHI3L1,FRMPD1,ZSCAN21,PRKRIP1,TTPA,NR1D1,SERPINB8,CCDC71L,ERH,OSBPL5,LHX2,DNAJC2,IFITM3,IFITM1,OXTR,CBLC,SOX2,DPH3,MPP1,PDP1,CAMK1,CHCHD4,CMPK2,STEAP1,ASPSCR1,NR4A3,ULBP2,DOCK4,CASP4,ALDH1A3,GNA13,FAM167A"
"DEG_LD_SW480","78","0.66100000000000003","MYB_MELCELLLINE_MM9","MYB","17","594","0.97489999999999999","1.000000","0.6471000000000000","ENCODE--ChIP-seq","TFR2,OLR1,PLOD3,KCNE3,SPN,SELPLG,FAM156A,RIPPLY3,ERH,PTPN13,SLC22A3,STXBP1,RABGAP1L,METTL6,MPZL2,TMEM144,ZMAT1"
"DEG_LD_SW480","79","0.66949999999999998","ZZZ3_HELAS3_HG19","ZZZ3","4","199","0.97509999999999997","1.000000","0.4505000000000000","ENCODE--ChIP-seq","DLX3,SLPI,BST2,ALCAM"
"DEG_LD_SW480","80","0.67800000000000005","MYC_H1HESC_HG19","MYC","96","2702","0.97860000000000003","1.000000","0.8090000000000001","ENCODE--ChIP-seq","ADAMTS14,B3GALNT1,NGFR,PSMG3,SRPX,ZNF486,SUMF1,JMJD7-PLA2G4B,PTAFR,DLST,KCNA6,FAM200A,SLC16A9,SLC16A2,CDKL2,UBE2E2,RINT1,ZC4H2,RASL10B,POMT2,MDK,IL1RAPL1,PTPRZ1,ZNF610,RASSF2,KCNK15,KCNQ2,MED12L,NKAIN1,MC1R,TG,TMEM151A,WFDC2,SEC13,MRPS24,SYP,SLC43A3,GPC2,XG,ZNF92,VDR,ACOXL,VGF,TMEM45A,SH3TC1,SPOCK1,CD7,GLDN,ALCAM,UNC13A,ZSCAN21,SLAIN1,GJC3,FLRT3,DNAH10,LFNG,SERPINB5,ZNF114,CKB,WDR17,MOCOS,PRSS33,ANKRD44,MTNR1A,NKX6-1,OSBPL5,LHX2,RCAN2,SLC26A9,DUSP15,VWF,CACNG4,CBLC,KLHDC7A,SOX2,ARRDC4,ZNF839,TSHZ2,CYP4X1,RAB39A,RYR2,TENM1,METTL6,FAIM2,CADPS2,DNAJC30,CMPK2,STEAP2,MARK1,CPSF4,SEM1,NR4A3,MCF2L,SIX2,FAM167A,XPNPEP2"
"DEG_LD_SW480","81","0.68640000000000001","MEF2C_GM12878_HG19","MEF2C","2","135","0.98229999999999995","1.000000","0.3303000000000000","ENCODE--ChIP-seq","VIPR1,NR4A3"
"DEG_LD_SW480","82","0.69489999999999996","CTCFL_K562_HG19","CTCFL","74","2154","0.98270000000000002","1.000000","0.7813000000000000","ENCODE--ChIP-seq","POP7,CLDN1,MTERF1,EML1,FAM133B,NYAP1,NGFR,EIF5,FASN,LRRC10B,TEX19,PIGH,PRAME,TMEM60,SLCO3A1,YPEL1,PLOD3,NUDT17,RINT1,NPTXR,ARL8B,ZC4H2,UST,POMT2,TRIM58,GTPBP10,BEND6,MYO1D,FBXO6,EPHB4,KCTD12,ARMC10,GRIK4,ACTL8,GXYLT2,CLGN,SPOCD1,VDR,CHCHD10,RND3,LYL1,ASAP3,SPOCK1,CHGB,PRKCG,PRKCQ,ABO,ST3GAL5,OCA2,PHLPP1,OLFML3,ANKRD52,ANKRD63,F2R,CYS1,CEMIP,ADAMTS7,POLR2J,MACC1,OXTR,KLHDC8B,MATN2,GALNT10,CMPK2,STEAP1,STEAP2,LTBP2,NR4A3,TBCE,ABCD4,MLNR,DBP,PRTFDC1,SLC4A8"
"DEG_LD_SW480","83","0.70340000000000003","CUX1_GM12878_HG19","CUX1","62","1845","0.98380000000000001","1.000000","0.7637000000000000","ENCODE--ChIP-seq","GMFG,SAMD15,EXPH5,TMC8,PTGR2,SLC7A7,TMEM60,FAM200A,ERO1B,RINT1,TPST1,ACAP1,ARL8B,ARPC4,SPN,DSE,HERC5,IGF1,MC1R,ECM2,SELPLG,NEDD9,CD74,CD82,ISG20,IFT22,PLEK,LYL1,GATAD1,ACTA2,ACOT4,ST3GAL5,TNFSF4,SERPINB8,CARD6,ANKRD44,RAB30,WFS1,DUSP10,ZNF763,HMGCS1,NOD2,VPS50,BET1,SLC46A3,IFITM1,SH2D2A,TSHZ2,NAALAD2,TSC22D4,EDN1,TLR4,NT5E,BATF,SGO1,ZMAT1,NLRP1,CPSF4,ASPSCR1,SEM1,CASP4,NFKBIZ"
"DEG_LD_SW480","84","0.71189999999999998","ELF1_K562_HG19","ELF1","38","1216","0.98650000000000004","1.000000","0.7085000000000000","ENCODE--ChIP-seq","MTERF1,PPFIBP2,PIGH,STYXL1,EGLN3,AADAT,ERO1B,RINT1,TPST1,FBXO6,MRPS24,SYP,GPC2,ACTL8,LOXL2,CHCHD10,IFT22,GNB2,NAMPT,DUS4L,PRKCG,ZSCAN21,SIVA1,XKR7,PLCB2,WDR25,ZNF107,WDR17,MOCOS,ANKRD44,ORC5,CSAG1,VPS50,ZNF502,POLR2J,CMPK2,STEAP1,TBCE"
"DEG_LD_SW480","85","0.72030000000000005","YY1_H1HESC_HG19","YY1","44","1459","0.99560000000000004","1.000000","0.6829000000000000","ENCODE--ChIP-seq","SAMD15,EIF5,FASN,PSMG3,DZIP3,TMEM43,KCND3,JMJD7-PLA2G4B,ZNF655,ADGRV1,GTPBP10,RASSF2,MED12L,MKX,MRPS24,SYP,CHCHD10,GNB2,RERE,SYTL2,SLAIN1,MOCOS,CCDC71L,ZNF331,ITPR1,NBEA,RCAN2,EFHB,ZNF763,ABLIM3,PTPN13,BET1,ZNF839,DPH3,NAALAD2,BCL11A,ADCK1,KBTBD8,CHCHD4,SGO1,STEAP2,ZMAT1,PON2,NCAM1"
"DEG_LD_SW480","86","0.72880000000000000","SP1_A549_HG19","SP1","52","1688","0.99609999999999999","1.000000","0.6981000000000001","ENCODE--ChIP-seq","CLDN1,MTERF1,ZNF273,ABCA1,ANXA8L1,HEY1,PTGR2,ZNF239,PIGH,STYXL1,PRAME,FAM200A,ERO1B,LEPR,ZNF680,ARL8B,POMT2,GTPBP10,PPP1R3B,MRPS24,MSMO1,LOXL2,ZNF92,RERE,SYTL2,ZSCAN21,XPC,FLRT3,TRIP6,WDR25,WDR17,CCDC71L,ZNF331,ITPR1,OSBPL5,PLEKHG4,ABLIM3,BET1,SLC46A3,DPH3,ALDOC,IFI6,MPP1,CHRNB4,TRNT1,SGO1,DNAJC30,STEAP1,TBCE,PON2,GNA13,NCAM1"
"DEG_LD_SW480","87","0.73729999999999996","ARID3A_K562_HG19","ARID3A","58","1857","0.99629999999999996","1.000000","0.7081000000000000","ENCODE--ChIP-seq","POP7,FAM133B,TFR2,MEPCE,SLC5A3,EIF5,FASN,PTGR2,MMP19,ZNF239,DLST,PRAME,FAM200A,ERO1B,ZNF681,RINT1,TPST1,ARL8B,ZNF655,DSE,FURIN,FCGR2A,BCAP29,XRCC3,IGF1,BST2,ECM1,SEC13,CCDC116,MRPS24,ZNF92,GATAD1,VGF,GALNT5,MAML2,ZSCAN21,NR1D1,TRIP6,ZCWPW1,CCDC71L,RAB30,ASNS,CSAG1,ZNF501,SLC46A3,IFITM1,MAPK8IP1,BEX4,KLHDC8B,TSC22D4,KBTBD8,SGO1,CMPK2,STEAP1,SEM1,ABCD4,DOCK4,NFKBIZ"
"DEG_LD_SW480","88","0.74580000000000002","CREB1_GM12878_HG19","CREB1","18","726","0.99680000000000002","1.000000","0.5584000000000000","ENCODE--ChIP-seq","ERO1B,GTPBP10,SEC13,CD74,KIF5C,DUS4L,ZNF331,HMGCS1,DNAJC2,ZNF502,ZNF501,TRMT61A,BET1,SH2D2A,DPH3,BEX5,DNAJC30,DOCK4"
"DEG_LD_SW480","89","0.75419999999999998","NRF1_SKNSH_HG19","NRF1","56","1827","0.99729999999999996","1.000000","0.6945000000000000","ENCODE--ChIP-seq","HPCAL4,HSPG2,FEZ1,LYPD5,SLC5A3,MYH7B,PTGR2,CHST2,CHST3,TMEM60,FAM200A,KCNG1,ZC4H2,ZNF512B,ARRB1,ADGRV1,GTPBP10,BEND6,BSN,EPHB4,EPAS1,SCN3B,PAG1,DCLK2,LMCD1,SYP,MRPS6,PRKX,CLGN,MFAP3L,RSPH14,MAML2,AP1S1,AFAP1,NR1D1,SLC6A6,ZNF114,LPCAT2,RAB30,NBEA,LHX2,CSAG1,SLC46A3,OXTR,MAPK8IP2,RABGAP1L,TMCC3,APBB1,MPP1,CHCHD4,CADPS2,ZC3H14,MARK1,DOCK4,ALDH1A3,SLC4A8"
"DEG_LD_SW480","90","0.76270000000000004","ZNF274_K562_HG19","ZNF274","23","887","0.99739999999999995","1.000000","0.5846000000000000","ENCODE--ChIP-seq","FAM133B,MYH7B,ACHE,ODC1,STYXL1,YPEL1,ARPC4,FURIN,SEC13,MRPS24,IFT22,RTP3,LYL1,CA8,XPC,WDR25,ZNF107,CARD6,HMGCS1,ZNF501,KLHDC8B,SEM1,CASS4"
"DEG_LD_SW480","91","0.77120000000000000","ZBTB33_K562_HG19","ZBTB33","24","935","0.99819999999999998","1.000000","0.5786000000000000","ENCODE--ChIP-seq","POP7,GTF2IRD2B,EIF5,VANGL2,DZIP3,ANXA8L1,PTGR2,STYXL1,ARPC4,ZNF512B,DSE,SYP,GGT5,LYL1,XPC,GTF2IRD2,ZNF596,ERH,GOLGA6A,CSAG1,POLR2J,IFITM3,FAM86B1,TGFBR3"
"DEG_LD_SW480","92","0.77969999999999995","SP2_H1HESC_HG19","SP2","29","1095","0.99850000000000005","1.000000","0.5975000000000000","ENCODE--ChIP-seq","FAM133B,SFN,GTF2IRD2B,EIF5,TMEM60,FAM200A,RINT1,XRCC3,IGSF9B,MSMO1,CNTN1,HS3ST3B1,TMEM45A,ZSCAN21,WFS1,DUSP10,HMGCS1,ZNF502,ZNF501,SLC46A3,ARRDC4,TIAM1,KATNAL2,RAB39A,PCP4L1,SEM1,ABCD4,ELAVL2,BICRA"
"DEG_LD_SW480","93","0.78810000000000002","ELK1_GM12878_HG19","ELK1","55","1851","0.99870000000000003","1.000000","0.6726000000000000","ENCODE--ChIP-seq","POP7,GMFG,MTERF1,ORAI2,TMC8,ZNF239,PIGH,DLST,STYXL1,PRAME,AADAT,FAM200A,ERO1B,TPST1,ARL8B,ZNF429,ZNF610,FBXO6,XRCC3,ARMC10,SEC13,SELPLG,PRKX,LYL1,GATAD1,VGF,CAT,NAMPT,SIVA1,SERPINB8,WDR25,ZNF107,ANKRD44,ORC5,RAB5A,HMGCS1,DNAJC2,CTH,BET1,TBC1D10C,COG5,SH2D2A,RABGAP1L,TSC22D4,METTL6,PDP1,ARHGAP45,DNAJC30,STEAP1,NLRP1,SEM1,NR4A3,TBCE,ABCD4,FAM167A"
"DEG_LD_SW480","94","0.79659999999999997","NFYA_K562_HG19","NFYA","54","1867","0.99929999999999997","1.000000","0.6541000000000000","ENCODE--ChIP-seq","HPCAL4,ZNF273,EXPH5,EIF5,ZNF486,DCBLD2,YPEL1,ZNF442,ZNF680,TPST1,ZNF429,DSE,FCGR2A,CYP39A1,PPP1R3B,XRCC3,IGSF9B,LMCD1,GPC2,CD74,AKR1C1,MSMO1,ZNF92,ZNF93,RERE,CAT,TMEM45A,WDR25,ZNF107,CKB,DHRS2,CCDC71L,WFS1,CTH,ZNF737,BET1,SLC46A3,ISCA2,IFITM1,ARRDC4,KATNAL2,STXBP1,DPH3,BTN3A2,IFI6,MPP1,PDP1,TRNT1,SGO1,DNAJC30,TBCE,ULBP2,DOCK4,SLC4A8"
"DEG_LD_SW480","95","0.80510000000000004","CEBPZ_HEPG2_HG19","CEBPZ","18","801","0.99939999999999996","1.000000","0.5049000000000000","ENCODE--ChIP-seq","KCND3,EGLN3,TMEM60,XRCC3,SPTLC3,MSMO1,GXYLT2,IFT22,LASP1,SIVA1,NR1D1,TNFSF4,ZNF556,DUSP10,HMGCS1,ARRDC4,TBCE,PDE3B"
"DEG_LD_SW480","96","0.81359999999999999","CEBPD_K562_HG19","CEBPD","13","638","0.99939999999999996","1.000000","0.4568000000000000","ENCODE--ChIP-seq","TFR2,MMP19,GTPBP10,BST2,AKR1C1,CLGN,ISG20,LYL1,CAT,WDR25,TLE2,CDK6,CASS4"
"DEG_LD_SW480","97","0.82199999999999995","EBF1_GM12878_HG19","EBF1","82","2676","0.99950000000000006","1.000000","0.6943000000000000","ENCODE--ChIP-seq","SAMD15,FAM133B,ZNF273,TEX22,PPFIBP2,FASN,GSTO2,TMC8,TMC6,SUMF1,DLST,STYXL1,FAM200A,IL1RAP,NUDT17,ZNF442,ZNF680,UBE2E2,RINT1,ARL8B,ARPC4,ZNF655,ITGB2,SPN,DSE,UPP1,TNFRSF18,DBF4,LGALS9,APOBEC3G,IGF1,BST2,ECM2,LMCD1,SEC13,CD74,MSMO1,IFT22,CPS1,PLEK,LYL1,GATAD1,CRYM,MYO15B,NAMPT,ZSCAN21,ACOT4,XPC,TRIP6,HAVCR2,EDARADD,ZNF331,RNF43,PARM1,GOLGA6A,LHX2,DUSP15,HMGCS1,DNAJC2,MACC1,SLC46A3,TBC1D10C,COG5,TIAM1,SH2D2A,TSHZ2,NAALAD2,TSC22D4,BEGAIN,METTL6,BATF,SAA2,TRNT1,CMPK2,NLRP3,NLRP1,SEM1,TBCE,CASP4,NFKBIZ,PON2,GDAP1"
"DEG_LD_SW480","98","0.83050000000000002","IRF4_GM12878_HG19","IRF4","48","1715","0.99950000000000006","1.000000","0.6324000000000000","ENCODE--ChIP-seq","POP7,CLDN1,FAM133B,MEPCE,GTF2IRD2B,PPFIBP2,STYXL1,NUDT17,RINT1,LGALS9,APOBEC3G,SEC13,SELPLG,NEDD9,CD74,ISG20,GNB2,LASP1,ACTA2,SH3TC1,ASB2,PRKRIP1,GTF2IRD2,ZCWPW1,ZNF596,PHLPP1,SERF1B,RAB30,ERH,SLC15A3,RAB5A,DNAJC2,ZNF501,ACSS1,POLR2J,MACC1,PTPN13,IFITM1,TBC1D10C,IFI6,CA13,CMPK2,STEAP1,DTX4,CPSF4,NFKBIZ,FAM86B1,OAS1"
"DEG_LD_SW480","99","0.83899999999999997","NR2C2_GM12878_HG19","NR2C2","10","546","0.99960000000000004","1.000000","0.4097000000000000","ENCODE--ChIP-seq","TMEM43,ATP12A,KRIT1,LASP1,CD7,ZNF596,TBC1D10C,CHCHD4,ARHGAP45,CPSF4"
"DEG_LD_SW480","100","0.84750000000000003","GTF2B_K562_HG19","GTF2B","52","1855","0.99970000000000003","1.000000","0.6334000000000000","ENCODE--ChIP-seq","POP7,MTERF1,TFR2,ZNF273,SLC5A3,FASN,PRAME,EGLN3,FAM200A,ZNF681,ZNF680,ARL8B,ZNF429,TRIM58,GTPBP10,FCGR2A,EREG,MRPS24,MRPS6,GAL,ZNF92,GATAD1,CA8,BUD31,VGF,NAMPT,XPC,SDSL,SLC6A6,ANXA1,WDR25,ZNF107,CKB,RNF43,ITPR1,CDK6,EFHB,DUSP10,CTH,IFITM1,BEX4,DPH3,RABGAP1L,ALDOC,METTL6,GABRE,MPP1,KBTBD8,ASPSCR1,SEM1,PDE3B,GNA13"
"DEG_LD_SW480","101","0.85589999999999999","ATF1_K562_HG19","ATF1","50","1833","0.99980000000000002","1.000000","0.6159000000000000","ENCODE--ChIP-seq","GMFG,MTERF1,ZNF273,PRAME,FAM200A,ZNF681,ZNF680,ZNF429,GTPBP10,FCGR2A,IFI27,ZNF711,IGF1,ECM1,SEC13,SELPLG,CD74,ZNF92,ISG20,CYTIP,BUD31,VGF,CRYM,CHGB,ZSCAN21,XPC,TRIP6,WDR25,CARD6,ZNF331,RAB30,RHCE,CSAG1,DNAJC2,ZNF502,ZNF501,TRMT61A,IFITM1,SH2D2A,BEX5,KRT39,ALDOC,PDP1,TRNT1,DNAJC30,NR4A3,TBCE,CASS4,ULBP2,NFKBIZ"
"DEG_LD_SW480","102","0.86439999999999995","IRF1_K562_HG19","IRF1","133","4204","0.99990000000000001","1.000000","0.7175000000000000","ENCODE--ChIP-seq","POP7,MTERF1,ORAI2,HS3ST3A1,ZNF273,VTI1B,ABCA1,PPFIBP2,PSMG3,DZIP3,TMC8,PTGR2,SUMF1,SDHAF3,JMJD7-PLA2G4B,ZNF239,CHST2,PIGH,DLST,STYXL1,PRAME,EGLN3,TMEM60,FAM200A,SIGLEC6,SLC16A9,ZNF681,RINT1,ARL8B,ZNF429,QKI,POMT2,DYSF,MDK,BAIAP3,MYO1D,FCGR2A,CPNE8,LGALS9,ENTPD8,MXRA8,EPAS1,IGF1,BST2,ARMC10,ECM1,SECTM1,SEC13,MRPS24,GAL,SLC43A3,PCDHB13,PNPLA3,CAPN6,PCOLCE,ZNF92,ZNF93,VDR,CHCHD10,ISG20,IFT22,CPS1,FGF13,GATAD1,CA8,BUD31,PDAP1,NAMPT,AP1S1,DUS4L,AFAP1,SYTL2,ZSCAN21,PRKRIP1,ABO,SIVA1,TRIP6,TET1,OCA2,WDR25,ZNF107,CKB,MOCOS,LPCAT2,TMEM229B,CCDC71L,ANKRD37,GRAP2,RNF43,F2R,ORC5,CDK6,RAB5A,CSAG1,DUSP10,DNAJC2,ABLIM3,ZNF501,POLR2J,TRMT61A,BET1,IFITM3,SLC46A3,IFITM1,COG5,ZNF839,BEX4,SH2D2A,DPH3,MAGEC2,SLC44A2,TSC22D4,BTN3A2,TLR3,IFI6,METTL6,GABRE,MPP1,SGO1,CMPK2,STEAP1,ZC3H14,CPSF4,ASPSCR1,SEM1,TBCE,CASS4,ABCD4,PDE3B,OAS1,PON2,GNA13,GDAP1"
"DEG_LD_SW480","103","0.87290000000000001","ATF3_H1HESC_HG19","ATF3","30","1262","0.99990000000000001","1.000000","0.5348000000000001","ENCODE--ChIP-seq","SUMF1,QKI,UPP1,GTPBP10,MKX,SPOCD1,ISG20,GNB2,BUD31,VGF,PDAP1,DUS4L,PRKRIP1,SIVA1,TRIP6,HOXD10,WDR17,ZNF331,MCM7,VPS50,TRMT61A,BET1,COG5,DPH3,ADCK1,SGO1,DNAJC30,DTX4,ASPSCR1,PDX1"
"DEG_LD_SW480","104","0.88139999999999996","TFAP2C_HELAS3_HG19","TFAP2C","48","1822","0.99990000000000001","1.000000","0.5942000000000000","ENCODE--ChIP-seq","KCNMB4,GTF2IRD2B,HEY1,GPRC5C,ODC1,PTAFR,DLST,SLC7A2,AADAT,FRMD3,SLC9A2,ARL8B,DLX4,ARPC4,UST,MDK,UPP1,CPNE8,HERC5,BCAP29,ENTPD8,SLPI,BST2,MC1R,GAL,ARHGEF3,GNAI1,CD82,LOXL2,TFAP2A,LASP1,GATAD1,ACTA2,TMEM45A,PLEK2,TIMP4,ITPR1,DAB2,LHX2,IRX3,CTH,TLN2,GNG11,IFI6,COQ6,NR4A3,TBCE,SIX2"
"DEG_LD_SW480","105","0.88980000000000004","POU2F2_GM12891_HG19","POU2F2","39","1563","0.99990000000000001","1.000000","0.5620000000000001","ENCODE--ChIP-seq","HPCAL4,FAM133B,ZNF273,SLC5A3,FASN,PSMG3,SUMF1,TEX19,PIGH,DLST,STYXL1,PRAME,FAM200A,TPST1,ARL8B,ZNF429,ZNF655,TNFRSF18,GTPBP10,PAG1,SEC13,MRPS24,SELPLG,PNMA1,ZNF92,RERE,VGF,CAT,DUS4L,PRKRIP1,ITPR1,ORC5,RAB5A,ZNF501,DPH3,METTL6,BATF,SGO1,ASPSCR1"
"DEG_LD_SW480","106","0.89829999999999999","SP4_H1HESC_HG19","SP4","32","1367","1.00000000000000000","1.000000","0.5264000000000000","ENCODE--ChIP-seq","VTI1B,TMEM43,PTGR2,STYXL1,EGLN3,ZNF610,XRCC3,SEC13,MRPS24,GPRIN2,ZNF92,GATAD1,VGF,ALCAM,AFAP1,XPC,TRIP6,ZNF331,ITPR1,DUSP10,ZNF763,IGSF8,ADCK1,TSC22D4,ALDOC,CHCHD4,SGO1,DNAJC30,STEAP2,COQ6,KLRG2,NCAM1"
"DEG_LD_SW480","107","0.90680000000000005","SIX5_H1HESC_HG19","SIX5","25","1145","1.00000000000000000","1.000000","0.4902000000000000","ENCODE--ChIP-seq","MEPCE,VTI1B,TMEM43,DLST,CYP39A1,PCLO,GNB2,ZCWPW1,PHLPP1,ZNF331,SALL4,MITF,RAB30,ERH,ITPR1,MAP2K6,VPS50,MACC1,BET1,ADCK1,KBTBD8,CHCHD4,DOCK4,DBP,GDAP1"
"DEG_LD_SW480","108","0.91530000000000000","NFATC1_GM12878_HG19","NFATC1","32","1407","1.00000000000000000","1.000000","0.5111000000000000","ENCODE--ChIP-seq","FAM133B,VTI1B,GSTO2,TMC8,DLST,TMEM60,FAM200A,NUDT17,RINT1,ARL8B,ZNF655,DSE,GTPBP10,MC1R,MRPS24,SELPLG,NEDD9,PNMA1,ISG20,CYTIP,PDAP1,MAML2,PRKRIP1,XPC,SLC6A6,ERH,ZNF763,SH2D2A,NT5E,BATF,DNAJC30,NFKBIZ"
"DEG_LD_SW480","109","0.92369999999999997","IRF3_HEPG2_HG19","IRF3","11","699","1.00000000000000000","1.000000","0.3511000000000000","ENCODE--ChIP-seq","MYH7B,EIF5,TMEM60,XRCC3,MSMO1,TMEM45A,DHRS2,ZNF556,DUSP10,HMGCS1,ARRDC4"
"DEG_LD_SW480","110","0.93220000000000003","SETDB1_U2OS_HG19","SETDB1","44","1803","1.00000000000000000","1.000000","0.5494000000000000","ENCODE--ChIP-seq","MTERF1,TEX22,DZIP3,TEX19,ZNF239,DCBLD2,ZNF442,CDKL2,ZNF681,ZNF429,GTPBP10,HERC5,RASSF6,MKX,LMCD1,ACTL8,CLGN,KIF5C,SPOCD1,ZNF93,ISG20,CAT,TMEM45A,FAM156A,NR1D1,ZCWPW1,MRAS,WDR17,DHRS2,CCDC71L,ZNF331,ERH,ORC5,HMGCS1,DNAJC2,ABLIM3,ZNF502,ZNF501,CYP4X1,IFI6,ZMAT1,COQ6,DBP,GDAP1"
"DEG_LD_SW480","111","0.94069999999999998","MYBL2_HEPG2_HG19","MYBL2","33","1487","1.00000000000000000","1.000000","0.4985000000000000","ENCODE--ChIP-seq","MTERF1,PSMG3,SUMF1,DLST,STYXL1,FAM200A,NUDT17,TPST1,ARL8B,CPB2,UPP1,SEC13,MRPS24,ZNF92,CPS1,GATAD1,TMEM45A,NAMPT,ZSCAN21,PRKRIP1,XPC,ZNF107,ZNF331,DUSP10,VPS50,POLR2J,TSC22D4,ALDOC,METTL6,STEAP1,CPSF4,SEM1,TBCE"
"DEG_LD_SW480","112","0.94920000000000004","ATF2_H1HESC_HG19","ATF2","41","1749","1.00000000000000000","1.000000","0.5272000000000000","ENCODE--ChIP-seq","POP7,MTERF1,FAM133B,VTI1B,DZIP3,PTGR2,MMP19,STYXL1,ARL8B,ZNF711,LMCD1,SEC13,KIF5C,ISG20,RND3,BUD31,VGF,MRGPRF,ZSCAN21,PRKRIP1,XPC,FLRT3,TRIP6,TET1,WDR25,ZNF331,RNF43,RAB30,ITPR1,DNAJC2,VPS50,ZNF501,CTH,KLHDC7A,DPH3,TRNT1,STEAP2,SEM1,NR4A3,NCAM1,GDAP1"
"DEG_LD_SW480","113","0.95760000000000001","RUNX3_GM12878_HG19","RUNX3","33","1540","1.00000000000000000","1.000000","0.4809000000000000","ENCODE--ChIP-seq","CLDN1,MTERF1,ZNF239,PRAME,FBXO32,TNFRSF18,GTPBP10,KRIT1,FCGR2A,PAG1,XRCC3,SYP,PRKX,RERE,PLEK,TMEM45A,ZSCAN21,TRIP6,HAVCR2,ANKRD52,ZNF331,ZNF502,POLR2J,IFITM1,SH2D2A,TSC22D4,IFI6,HDX,DNAJC30,STEAP1,TBCE,CASS4,BICRA"
"DEG_LD_SW480","114","0.96609999999999996","ELK4_HELAS3_HG19","ELK4","40","1825","1.00000000000000000","1.000000","0.4921000000000000","ENCODE--ChIP-seq","POP7,SAMD15,MTERF1,VTI1B,EIF5,PSMG3,DZIP3,GSTO2,PTGR2,ZNF239,DLST,PRAME,AADAT,TMEM60,FAM200A,ARL8B,BCAP29,ARMC10,SEC13,ISG20,IFT22,GATAD1,PDAP1,ALCAM,XPC,SDSL,WDR25,ANKRD37,ORC5,DNAJC2,BET1,RABGAP1L,TSC22D4,METTL6,ASPSCR1,TBCE,DOCK4,CASP4,BICRA,GDAP1"
"DEG_LD_SW480","115","0.97460000000000002","THAP1_K562_HG19","THAP1","33","1627","1.00000000000000000","1.000000","0.4547000000000000","ENCODE--ChIP-seq","SUMF1,PRAME,YPEL1,PLOD3,ARL8B,ARPC4,DBF4,BEND6,BCAP29,ARMC10,ISG20,RSPH14,BUD31,VGF,PDAP1,DUS4L,PRKRIP1,SIVA1,SLC6A6,PHLPP1,LPCAT2,ZNF331,ANKRD37,ERH,ASNS,MCM7,VPS50,ZNF501,DPH3,SGO1,CPSF4,DBP,BICRA"
"DEG_LD_SW480","116","0.98309999999999997","E2F1_HELAS3_HG19","E2F1","37","1854","1.00000000000000000","1.000000","0.4472000000000000","ENCODE--ChIP-seq","POP7,EML1,SLC5A3,HEY1,PPARG,ODC1,DLST,SLC7A2,IL1RAP,DBF4,BEND6,BCAP29,XRCC3,MRPS6,PERP,IFT22,LASP1,ALCAM,PLEK2,SIVA1,SLC6A6,PHLPP1,HOXD11,ANKRD44,OSBPL5,LHX2,CEBPD,STXBP1,SESTD1,VGLL3,CADPS2,MARK1,ASPSCR1,PDE3B,DBP,GNA13,OGFRL1"
"DEG_LD_SW480","117","0.99150000000000005","FLI1_MEGAKARYOCYTE_MM9","FLI1","35","1837","1.00000000000000000","1.000000","0.4266000000000000","ENCODE--ChIP-seq","MTERF1,EIF5,PSMG3,DZIP3,PTGR2,SDHAF3,DLST,TMEM60,PLOD3,ARPC4,ARMC10,ECM1,SEC13,NEDD9,MPZ,LYL1,GATAD1,CCDC174,ZSCAN21,GTF2IRD2,ZCWPW1,RBPMS2,HAVCR2,F2R,ERH,ORC5,RAB5A,UFSP1,DNAJC2,POLR2J,TRMT61A,DPH3,METTL6,SGO1,TBCE"
"DEG_LD_SW480","118","1.00000000000000000","MBD4_HEPG2_HG19","MBD4","26","1672","1.00000000000000000","1.000000","0.3469000000000000","ENCODE--ChIP-seq","MTERF1,FAM133B,MEPCE,FAM200A,ATXN1,ZNF655,DBF4,GTPBP10,MOGAT3,LMCD1,SEC13,ISG20,GNB2,DKK1,PRKRIP1,SIVA1,ZCWPW1,ANKRD37,RNF43,ITPR1,MAP2K6,DNAJC2,ACSL5,METTL6,DNAJC30,GNA13"
